2,22.54142556,113.9131994,66,103,0, 2016:02:25:00:43:43,0,1.45633E+12,,,,,,,,,,
2,22.54144083,113.9135092,67,100,0, 2016:02:25:00:43:44,0,1.45633E+12,,,,,,,,,,
2,22.54142917,113.9137008,68,98,0, 2016:02:25:00:43:45,0,1.45633E+12,,,,,,,,,,
1,22.54140167,113.9137022,0,0,0, 宝安大道,364,90,4,0,1, 宝安大道,2791,600,-1, naviinfo,0,1.45633E+12
2,22.54140167,113.9137022,68,90,0, 2016:02:25:00:43:45,0,1.45633E+12,,,,,,,,,,
1,22.54140167,113.9138958,0,0,0, 宝安大道,344,90,4,0,1, 宝安大道,2771,613,-1, naviinfo,0,1.45633E+12
2,22.54140167,113.9138958,69,90,0, 2016:02:25:00:43:46,0,1.45633E+12,,,,,,,,,,
1,22.54140167,113.9141006,1,1,0, 宝安大道,323,90,4,0,1, 宝安大道,2750,607,-1, naviinfo,0,1.45633E+12
2,22.54140167,113.9141006,70,90,0, 2016:02:25:00:43:47,0,1.45633E+12,,,,,,,,,,
1,22.54140167,113.9143022,1,1,0, 宝安大道,302,90,4,0,1, 宝安大道,2729,599,-1, naviinfo,0,1.45633E+12
2,22.54140167,113.9143022,72,90,0, 2016:02:25:00:43:48,0,1.45633E+12,,,,,,,,,,
1,22.54140167,113.9145022,1,1,0, 宝安大道,282,90,4,0,1, 宝安大道,2709,591,-1, naviinfo,0,1.45633E+12
2,22.54140167,113.9145022,73,90,0, 2016:02:25:00:43:49,0,1.45633E+12,,,,,,,,,,
1,22.54140167,113.9147056,2,1,0, 宝安大道,260,90,4,0,1, 宝安大道,2687,582,-1, naviinfo,0,1.45633E+12
2,22.54140167,113.9147056,74,90,0, 2016:02:25:00:43:50,0,1.45633E+12,,,,,,,,,,
1,22.54140306,113.9149042,3,2,0, 宝安大道,240,90,4,0,1, 宝安大道,2667,580,-1, naviinfo,0,1.45633E+12
2,22.54140306,113.9149042,74,90,0, 2016:02:25:00:43:51,0,1.45633E+12,,,,,,,,,,
1,22.54140472,113.9151025,3,2,0, 宝安大道,220,90,4,0,1, 宝安大道,2647,578,-1, naviinfo,0,1.45633E+12
2,22.54140472,113.9151025,74,90,0, 2016:02:25:00:43:52,0,1.45633E+12,,,,,,,,,,
1,22.54140528,113.9152961,4,3,0, 宝安大道,200,91,4,0,1, 宝安大道,2627,576,-1, naviinfo,0,1.45633E+12
2,22.54140528,113.9152961,75,91,0, 2016:02:25:00:43:53,0,1.45633E+12,,,,,,,,,,
1,22.54140278,113.9155011,4,3,0, 宝安大道,178,91,4,0,1, 宝安大道,2605,574,-1, naviinfo,0,1.45633E+12
2,22.54140278,113.9155011,75,91,0, 2016:02:25:00:43:54,0,1.45633E+12,,,,,,,,,,
1,22.54139639,113.9157014,5,3,0, 宝安大道,158,93,4,0,1, 宝安大道,2585,572,-1, naviinfo,0,1.45633E+12
2,22.54139639,113.9157014,76,93,0, 2016:02:25:00:43:55,0,1.45633E+12,,,,,,,,,,
1,22.54138194,113.9159033,6,3,0, 宝安大道,138,97,4,0,1, 宝安大道,2565,570,-1, naviinfo,0,1.45633E+12
2,22.54138194,113.9159033,76,97,0, 2016:02:25:00:43:56,0,1.45633E+12,,,,,,,,,,
1,22.54135778,113.9161072,6,3,0, 宝安大道,117,97,4,0,1, 宝安大道,2544,569,-1, naviinfo,0,1.45633E+12
2,22.54135778,113.9161072,74,97,0, 2016:02:25:00:43:57,0,1.45633E+12,,,,,,,,,,
1,22.54130278,113.9164933,7,4,0, 宝安大道,76,103,4,0,1, 宝安大道,2503,565,-1, naviinfo,0,1.45633E+12
2,22.54130278,113.9164933,74,103,0, 2016:02:25:00:43:59,0,1.45633E+12,,,,,,,,,,
1,22.54126194,113.9166875,7,4,0, 宝安大道,56,103,4,0,1, 宝安大道,2483,564,-1, naviinfo,0,1.45633E+12
2,22.54126194,113.9166875,72,103,0, 2016:02:25:00:44:00,0,1.45633E+12,,,,,,,,,,
1,22.5412225,113.9168739,7,4,0, 宝安大道,36,103,4,0,1, 宝安大道,2463,562,-1, naviinfo,0,1.45633E+12
2,22.5412225,113.9168739,70,103,0, 2016:02:25:00:44:01,0,1.45633E+12,,,,,,,,,,
1,22.54118333,113.9170594,7,4,0, 宝安大道,17,103,4,0,1, 宝安大道,2444,560,-1, naviinfo,0,1.45633E+12
2,22.54118333,113.9170594,70,103,0, 2016:02:25:00:44:02,0,1.45633E+12,,,,,,,,,,
1,22.54115028,113.9172169,7,4,0, 宝安大道,0,103,4,0,1, 宝安大道,2427,559,-1, naviinfo,0,1.45633E+12
2,22.54115028,113.9172169,68,103,0, 2016:02:25:00:44:03,0,1.45633E+12,,,,,,,,,,
1,22.54112944,113.9174267,0,0,1, 宝安大道,566,95,5,0,1, 深南大道,2405,556,-1, naviinfo,0,1.45633E+12
2,22.54112944,113.9174267,65,95,0, 2016:02:25:00:44:04,0,1.45633E+12,,,,,,,,,,
1,22.54110833,113.9175792,1,1,1, 宝安大道,551,112,5,0,1, 深南大道,2390,555,-1, naviinfo,0,1.45633E+12
2,22.54110833,113.9175792,61,112,0, 2016:02:25:00:44:05,0,1.45633E+12,,,,,,,,,,
1,22.54105389,113.9177286,1,1,1, 宝安大道,534,111,5,0,1, 深南大道,2373,553,-1, naviinfo,0,1.45633E+12
2,22.54105389,113.9177286,59,111,0, 2016:02:25:00:44:06,0,1.45633E+12,,,,,,,,,,
1,22.54100056,113.9178758,2,2,1, 宝安大道,519,110,5,0,1, 深南大道,2358,551,-1, naviinfo,0,1.45633E+12
2,22.54100056,113.9178758,58,110,0, 2016:02:25:00:44:07,0,1.45633E+12,,,,,,,,,,
1,22.54095222,113.9180197,2,2,1, 宝安大道,503,110,5,0,1, 深南大道,2342,550,-1, naviinfo,0,1.45633E+12
2,22.54095222,113.9180197,56,110,0, 2016:02:25:00:44:08,0,1.45633E+12,,,,,,,,,,
1,22.54090583,113.9181575,2,2,1, 宝安大道,488,110,5,0,1, 深南大道,2327,549,-1, naviinfo,0,1.45633E+12
2,22.54090583,113.9181575,54,110,0, 2016:02:25:00:44:09,0,1.45633E+12,,,,,,,,,,
1,22.54086222,113.9182875,2,2,1, 宝安大道,474,110,5,0,1, 深南大道,2313,548,-1, naviinfo,0,1.45633E+12
2,22.54086222,113.9182875,51,110,0, 2016:02:25:00:44:10,0,1.45633E+12,,,,,,,,,,
1,22.54082083,113.9184064,3,2,1, 宝安大道,460,114,5,0,1, 深南大道,2299,547,-1, naviinfo,0,1.45633E+12
2,22.54082083,113.9184064,49,114,0, 2016:02:25:00:44:11,0,1.45633E+12,,,,,,,,,,
1,22.54077306,113.9185239,3,2,1, 宝安大道,447,114,5,0,1, 深南大道,2286,546,-1, naviinfo,0,1.45633E+12
2,22.54077306,113.9185239,48,114,0, 2016:02:25:00:44:12,0,1.45633E+12,,,,,,,,,,
1,22.54072639,113.9186394,3,2,1, 宝安大道,434,114,5,0,1, 深南大道,2273,545,-1, naviinfo,0,1.45633E+12
2,22.54072639,113.9186394,46,114,0, 2016:02:25:00:44:13,0,1.45633E+12,,,,,,,,,,
1,22.54068306,113.9187578,4,3,1, 深南大道,421,110,5,0,1, 深南大道,2260,544,-1, naviinfo,0,1.45633E+12
2,22.54068306,113.9187578,46,110,0, 2016:02:25:00:44:14,0,1.45633E+12,,,,,,,,,,
1,22.54064528,113.9188686,4,3,1, 深南大道,408,110,5,0,1, 深南大道,2247,543,-1, naviinfo,0,1.45633E+12
2,22.54064528,113.9188686,44,110,0, 2016:02:25:00:44:15,0,1.45633E+12,,,,,,,,,,
1,22.54060833,113.9189775,4,3,1, 深南大道,397,110,5,0,1, 深南大道,2236,542,-1, naviinfo,0,1.45633E+12
2,22.54060833,113.9189775,43,110,0, 2016:02:25:00:44:16,0,1.45633E+12,,,,,,,,,,
1,22.54057194,113.9190847,4,3,1, 深南大道,385,110,5,0,1, 深南大道,2224,540,-1, naviinfo,0,1.45633E+12
2,22.54057194,113.9190847,42,110,0, 2016:02:25:00:44:17,0,1.45633E+12,,,,,,,,,,
1,22.54053694,113.9191875,4,3,1, 深南大道,374,110,5,0,1, 深南大道,2213,539,-1, naviinfo,0,1.45633E+12
2,22.54053694,113.9191875,40,110,0, 2016:02:25:00:44:18,0,1.45633E+12,,,,,,,,,,
1,22.54050278,113.9192878,4,3,1, 深南大道,363,110,5,0,1, 深南大道,2202,538,-1, naviinfo,0,1.45633E+12
2,22.54050278,113.9192878,40,110,0, 2016:02:25:00:44:19,0,1.45633E+12,,,,,,,,,,
1,22.54047056,113.9193831,4,3,1, 深南大道,352,110,5,0,1, 深南大道,2191,537,-1, naviinfo,0,1.45633E+12
2,22.54047056,113.9193831,37,110,0, 2016:02:25:00:44:20,0,1.45633E+12,,,,,,,,,,
1,22.54044,113.9194733,4,3,1, 深南大道,342,110,5,0,1, 深南大道,2181,536,-1, naviinfo,0,1.45633E+12
2,22.54044,113.9194733,35,110,0, 2016:02:25:00:44:21,0,1.45633E+12,,,,,,,,,,
1,22.54041111,113.9195653,5,4,1, 深南大道,332,105,5,0,1, 深南大道,2171,534,-1, naviinfo,0,1.45633E+12
2,22.54041111,113.9195653,33,105,0, 2016:02:25:00:44:22,0,1.45633E+12,,,,,,,,,,
1,22.54039139,113.9196456,5,4,1, 深南大道,323,105,5,0,1, 深南大道,2162,531,-1, naviinfo,0,1.45633E+12
2,22.54039139,113.9196456,31,105,0, 2016:02:25:00:44:23,0,1.45633E+12,,,,,,,,,,
1,22.54037278,113.9197208,5,4,1, 深南大道,315,105,5,0,1, 深南大道,2154,529,-1, naviinfo,0,1.45633E+12
2,22.54037278,113.9197208,29,105,0, 2016:02:25:00:44:24,0,1.45633E+12,,,,,,,,,,
1,22.54035528,113.9197922,5,4,1, 深南大道,308,105,5,0,1, 深南大道,2147,527,-1, naviinfo,0,1.45633E+12
2,22.54035528,113.9197922,28,105,0, 2016:02:25:00:44:25,0,1.45633E+12,,,,,,,,,,
1,22.5403375,113.9198642,5,4,1, 深南大道,300,105,5,0,1, 深南大道,2139,524,-1, naviinfo,0,1.45633E+12
2,22.5403375,113.9198642,29,105,0, 2016:02:25:00:44:26,0,1.45633E+12,,,,,,,,,,
1,22.54031889,113.9199403,5,4,1, 深南大道,292,105,5,0,1, 深南大道,2131,522,-1, naviinfo,0,1.45633E+12
2,22.54031889,113.9199403,31,105,0, 2016:02:25:00:44:27,0,1.45633E+12,,,,,,,,,,
1,22.54029944,113.92002,5,4,1, 深南大道,283,105,5,0,1, 深南大道,2122,519,-1, naviinfo,0,1.45633E+12
2,22.54029944,113.92002,31,105,0, 2016:02:25:00:44:28,0,1.45633E+12,,,,,,,,,,
1,22.54028083,113.9200961,5,4,1, 深南大道,275,105,5,0,1, 深南大道,2114,517,-1, naviinfo,0,1.45633E+12
2,22.54028083,113.9200961,30,105,0, 2016:02:25:00:44:29,0,1.45633E+12,,,,,,,,,,
1,22.54026194,113.9201731,5,4,1, 深南大道,267,105,5,0,1, 深南大道,2106,514,-1, naviinfo,0,1.45633E+12
2,22.54026194,113.9201731,30,105,0, 2016:02:25:00:44:30,0,1.45633E+12,,,,,,,,,,
1,22.54024278,113.9202506,5,4,1, 深南大道,259,105,5,0,1, 深南大道,2098,512,-1, naviinfo,0,1.45633E+12
2,22.54024278,113.9202506,31,105,0, 2016:02:25:00:44:31,0,1.45633E+12,,,,,,,,,,
1,22.54022361,113.9203294,6,4,1, 深南大道,251,104,5,0,1, 深南大道,2090,509,-1, naviinfo,0,1.45633E+12
2,22.54022361,113.9203294,30,104,0, 2016:02:25:00:44:32,0,1.45633E+12,,,,,,,,,,
1,22.540205,113.9204072,6,4,1, 深南大道,243,105,5,0,1, 深南大道,2082,507,-1, naviinfo,0,1.45633E+12
2,22.540205,113.9204072,31,105,0, 2016:02:25:00:44:33,0,1.45633E+12,,,,,,,,,,
1,22.54019111,113.9204997,7,5,1, 深南大道,233,99,5,0,1, 深南大道,2072,506,-1, naviinfo,0,1.45633E+12
2,22.54019111,113.9204997,35,99,0, 2016:02:25:00:44:34,0,1.45633E+12,,,,,,,,,,
1,22.54017722,113.9205944,8,5,1, 深南大道,223,99,5,0,1, 深南大道,2062,505,-1, naviinfo,0,1.45633E+12
2,22.54017722,113.9205944,37,99,0, 2016:02:25:00:44:35,0,1.45633E+12,,,,,,,,,,
1,22.54016278,113.9206969,8,5,1, 深南大道,212,99,5,0,1, 深南大道,2051,503,-1, naviinfo,0,1.45633E+12
2,22.54016278,113.9206969,40,99,0, 2016:02:25:00:44:36,0,1.45633E+12,,,,,,,,,,
1,22.54014861,113.9207975,8,5,1, 深南大道,202,99,5,0,1, 深南大道,2041,502,-1, naviinfo,0,1.45633E+12
2,22.54014861,113.9207975,41,99,0, 2016:02:25:00:44:37,0,1.45633E+12,,,,,,,,,,
1,22.54013861,113.9209153,9,6,1, 深南大道,190,95,5,0,1, 深南大道,2029,501,-1, naviinfo,0,1.45633E+12
2,22.54013861,113.9209153,42,95,0, 2016:02:25:00:44:38,0,1.45633E+12,,,,,,,,,,
1,22.54012889,113.9210278,9,6,1, 深南大道,179,95,5,0,1, 深南大道,2018,500,-1, naviinfo,0,1.45633E+12
2,22.54012889,113.9210278,42,95,0, 2016:02:25:00:44:39,0,1.45633E+12,,,,,,,,,,
1,22.54012,113.9211422,10,6,1, 深南大道,166,94,5,0,1, 深南大道,2005,499,-1, naviinfo,0,1.45633E+12
2,22.54012,113.9211422,42,94,0, 2016:02:25:00:44:40,0,1.45633E+12,,,,,,,,,,
1,22.54011222,113.9212592,10,6,1, 深南大道,154,94,5,0,1, 深南大道,1993,498,-1, naviinfo,0,1.45633E+12
2,22.54011222,113.9212592,43,94,0, 2016:02:25:00:44:41,0,1.45633E+12,,,,,,,,,,
1,22.54010417,113.9213778,10,6,1, 深南大道,142,94,5,0,1, 深南大道,1981,497,-1, naviinfo,0,1.45633E+12
2,22.54010417,113.9213778,44,94,0, 2016:02:25:00:44:42,0,1.45633E+12,,,,,,,,,,
1,22.54009583,113.9214997,10,6,1, 深南大道,129,94,5,0,1, 深南大道,1968,496,-1, naviinfo,0,1.45633E+12
2,22.54009583,113.9214997,45,94,0, 2016:02:25:00:44:43,0,1.45633E+12,,,,,,,,,,
1,22.54008778,113.9216181,10,6,1, 深南大道,117,94,5,0,1, 深南大道,1956,495,-1, naviinfo,0,1.45633E+12
2,22.54008778,113.9216181,44,94,0, 2016:02:25:00:44:44,0,1.45633E+12,,,,,,,,,,
1,22.54008,113.9217361,10,6,1, 深南大道,105,94,5,0,1, 深南大道,1944,494,-1, naviinfo,0,1.45633E+12
2,22.54008,113.9217361,43,94,0, 2016:02:25:00:44:45,0,1.45633E+12,,,,,,,,,,
1,22.54007417,113.9218503,12,7,1, 深南大道,94,91,5,0,1, 深南大道,1933,493,-1, naviinfo,0,1.45633E+12
2,22.54007417,113.9218503,43,91,0, 2016:02:25:00:44:46,0,1.45633E+12,,,,,,,,,,
1,22.5400725,113.9219672,12,7,1, 深南大道,82,91,5,0,1, 深南大道,1921,491,-1, naviinfo,0,1.45633E+12
2,22.5400725,113.9219672,43,91,0, 2016:02:25:00:44:47,0,1.45633E+12,,,,,,,,,,
1,22.54006972,113.9220872,13,8,1, 深南大道,69,93,5,0,1, 深南大道,1908,490,-1, naviinfo,0,1.45633E+12
2,22.54006972,113.9220872,44,93,0, 2016:02:25:00:44:48,0,1.45633E+12,,,,,,,,,,
1,22.54006389,113.9222058,13,8,1, 深南大道,57,93,5,0,1, 深南大道,1896,488,-1, naviinfo,0,1.45633E+12
2,22.54006389,113.9222058,45,93,0, 2016:02:25:00:44:49,0,1.45633E+12,,,,,,,,,,
1,22.54005778,113.9223294,14,9,1, 深南大道,44,94,5,0,1, 深南大道,1883,486,-1, naviinfo,0,1.45633E+12
2,22.54005778,113.9223294,46,94,0, 2016:02:25:00:44:50,0,1.45633E+12,,,,,,,,,,
1,22.54004944,113.9224564,14,9,1, 深南大道,31,94,5,0,1, 深南大道,1870,484,-1, naviinfo,0,1.45633E+12
2,22.54004944,113.9224564,47,94,0, 2016:02:25:00:44:51,0,1.45633E+12,,,,,,,,,,
1,22.54004111,113.9225806,14,9,1, 深南大道,18,94,5,0,1, 深南大道,1857,482,-1, naviinfo,0,1.45633E+12
2,22.54004111,113.9225806,47,94,0, 2016:02:25:00:44:52,0,1.45633E+12,,,,,,,,,,
1,22.54003806,113.9227039,15,10,1, 深南大道,5,91,5,0,1, 深南大道,1844,480,-1, naviinfo,0,1.45633E+12
2,22.54003806,113.9227039,46,91,0, 2016:02:25:00:44:53,0,1.45633E+12,,,,,,,,,,
1,22.53999611,113.9228567,0,0,2, 深南大道,1476,110,2,0,1, 学府路,1828,478,-1, naviinfo,0,1.45633E+12
2,22.53999611,113.9228567,45,110,0, 2016:02:25:00:44:54,0,1.45633E+12,,,,,,,,,,
1,22.53995222,113.9229858,1,0,2, 深南大道,1462,93,2,0,1, 学府路,1814,476,-1, naviinfo,0,1.45633E+12
2,22.53995222,113.9229858,44,93,0, 2016:02:25:00:44:55,0,1.45633E+12,,,,,,,,,,
1,22.53994833,113.9230639,1,0,2, 深南大道,1454,93,2,0,1, 学府路,1806,475,-1, naviinfo,0,1.45633E+12
2,22.53994833,113.9230639,42,93,0, 2016:02:25:00:44:56,0,1.45633E+12,,,,,,,,,,
1,22.53994278,113.9231742,1,0,2, 深南大道,1442,93,2,0,1, 学府路,1794,474,-1, naviinfo,0,1.45633E+12
2,22.53994278,113.9231742,41,93,0, 2016:02:25:00:44:57,0,1.45633E+12,,,,,,,,,,
1,22.5399375,113.9232792,1,0,2, 深南大道,1432,93,2,0,1, 学府路,1784,473,-1, naviinfo,0,1.45633E+12
2,22.5399375,113.9232792,39,93,0, 2016:02:25:00:44:58,0,1.45633E+12,,,,,,,,,,
1,22.53993222,113.9233808,1,0,2, 深南大道,1421,93,2,0,1, 学府路,1773,471,-1, naviinfo,0,1.45633E+12
2,22.53993222,113.9233808,37,93,0, 2016:02:25:00:44:59,0,1.45633E+12,,,,,,,,,,
1,22.5399275,113.9234739,1,0,2, 深南大道,1411,93,2,0,1, 学府路,1763,470,-1, naviinfo,0,1.45633E+12
2,22.5399275,113.9234739,33,93,0, 2016:02:25:00:45:00,0,1.45633E+12,,,,,,,,,,
1,22.53990694,113.9235675,2,0,2, 深南大道,1401,107,2,0,1, 学府路,1753,469,-1, naviinfo,0,1.45633E+12
2,22.53990694,113.9235675,31,107,0, 2016:02:25:00:45:01,0,1.45633E+12,,,,,,,,,,
1,22.53989611,113.9236061,2,0,2, 深南大道,1397,107,2,0,1, 学府路,1749,469,-1, naviinfo,0,1.45633E+12
2,22.53989611,113.9236061,27,107,0, 2016:02:25:00:45:03,0,1.45633E+12,,,,,,,,,,
1,22.53986306,113.9236631,3,0,2, 深南大道,1391,122,2,0,1, 学府路,1743,468,-1, naviinfo,0,1.45633E+12
2,22.53986306,113.9236631,23,122,0, 2016:02:25:00:45:03,0,1.45633E+12,,,,,,,,,,
1,22.53983639,113.9237089,3,0,2, 深南大道,1385,122,2,0,1, 学府路,1737,467,-1, naviinfo,0,1.45633E+12
2,22.53983639,113.9237089,22,122,0, 2016:02:25:00:45:04,0,1.45633E+12,,,,,,,,,,
1,22.53980083,113.9237492,4,0,2, 深南大道,1379,134,2,0,1, 学府路,1731,466,-1, naviinfo,0,1.45633E+12
2,22.53980083,113.9237492,22,134,0, 2016:02:25:00:45:05,0,1.45633E+12,,,,,,,,,,
1,22.53974444,113.9237925,5,0,2, 深南大道,1372,145,2,0,1, 学府路,1724,466,-1, naviinfo,0,1.45633E+12
2,22.53974444,113.9237925,22,145,0, 2016:02:25:00:45:06,0,1.45633E+12,,,,,,,,,,
1,22.53969722,113.9238244,6,0,2, 深南大道,1366,148,2,0,1, 学府路,1718,465,-1, naviinfo,0,1.45633E+12
2,22.53969722,113.9238244,21,148,0, 2016:02:25:00:45:07,0,1.45633E+12,,,,,,,,,,
1,22.53965806,113.9238508,6,0,2, 深南大道,1360,148,2,0,1, 学府路,1712,464,-1, naviinfo,0,1.45633E+12
2,22.53965806,113.9238508,21,148,0, 2016:02:25:00:45:08,0,1.45633E+12,,,,,,,,,,
1,22.53959639,113.9238922,6,0,2, 深南大道,1352,148,2,0,1, 学府路,1704,463,-1, naviinfo,0,1.45633E+12
2,22.53959639,113.9238922,22,148,0, 2016:02:25:00:45:09,0,1.45633E+12,,,,,,,,,,
1,22.53957083,113.9239094,6,0,2, 深南大道,1349,148,2,0,1, 学府路,1701,463,-1, naviinfo,0,1.45633E+12
2,22.53957083,113.9239094,22,148,0, 2016:02:25:00:45:10,0,1.45633E+12,,,,,,,,,,
1,22.53947111,113.9239239,7,1,2, 南山大道,1338,172,2,0,1, 学府路,1690,462,-1, naviinfo,0,1.45633E+12
2,22.53947111,113.9239239,24,172,0, 2016:02:25:00:45:11,0,1.45633E+12,,,,,,,,,,
1,22.53938083,113.9239369,7,1,2, 南山大道,1328,172,2,0,1, 学府路,1680,461,-1, naviinfo,0,1.45633E+12
2,22.53938083,113.9239369,27,172,0, 2016:02:25:00:45:12,0,1.45633E+12,,,,,,,,,,
1,22.53927556,113.9239522,7,1,2, 南山大道,1316,172,2,0,1, 学府路,1668,460,-1, naviinfo,0,1.45633E+12
2,22.53927556,113.9239522,32,172,0, 2016:02:25:00:45:13,0,1.45633E+12,,,,,,,,,,
1,22.53915639,113.9239694,7,1,2, 南山大道,1302,172,2,0,1, 学府路,1654,459,-1, naviinfo,0,1.45633E+12
2,22.53915639,113.9239694,36,172,0, 2016:02:25:00:45:14,0,1.45633E+12,,,,,,,,,,
1,22.5390175,113.9239894,7,1,2, 南山大道,1287,172,2,0,1, 学府路,1639,458,-1, naviinfo,0,1.45633E+12
2,22.5390175,113.9239894,43,172,0, 2016:02:25:00:45:15,0,1.45633E+12,,,,,,,,,,
1,22.53879861,113.9240208,7,1,2, 南山大道,1262,172,2,0,1, 学府路,1614,455,-1, naviinfo,0,1.45633E+12
2,22.53879861,113.9240208,49,172,0, 2016:02:25:00:45:16,0,1.45633E+12,,,,,,,,,,
1,22.53862611,113.9240456,7,1,2, 南山大道,1243,172,2,0,1, 学府路,1595,454,-1, naviinfo,0,1.45633E+12
2,22.53862611,113.9240456,53,172,0, 2016:02:25:00:45:17,0,1.45633E+12,,,,,,,,,,
1,22.53846472,113.9240686,7,1,2, 南山大道,1225,172,2,0,1, 学府路,1577,452,-1, naviinfo,0,1.45633E+12
2,22.53846472,113.9240686,54,172,0, 2016:02:25:00:45:18,0,1.45633E+12,,,,,,,,,,
1,22.53828861,113.9240928,8,2,2, 南山大道,1205,173,2,0,1, 学府路,1557,450,-1, naviinfo,0,1.45633E+12
2,22.53828861,113.9240928,55,173,0, 2016:02:25:00:45:19,0,1.45633E+12,,,,,,,,,,
1,22.5381275,113.9241147,8,2,2, 南山大道,1187,173,2,0,1, 学府路,1539,448,-1, naviinfo,0,1.45633E+12
2,22.5381275,113.9241147,55,173,0, 2016:02:25:00:45:20,0,1.45633E+12,,,,,,,,,,
1,22.53798444,113.9241342,8,2,2, 南山大道,1171,173,2,0,1, 学府路,1523,446,-1, naviinfo,0,1.45633E+12
2,22.53798444,113.9241342,55,173,0, 2016:02:25:00:45:21,0,1.45633E+12,,,,,,,,,,
1,22.53784139,113.9241536,8,2,2, 南山大道,1155,173,2,0,1, 学府路,1507,444,-1, naviinfo,0,1.45633E+12
2,22.53784139,113.9241536,55,173,0, 2016:02:25:00:45:22,0,1.45633E+12,,,,,,,,,,
1,22.53769806,113.9241731,8,2,2, 南山大道,1139,173,2,0,1, 学府路,1491,442,-1, naviinfo,0,1.45633E+12
2,22.53769806,113.9241731,53,173,0, 2016:02:25:00:45:23,0,1.45633E+12,,,,,,,,,,
1,22.53754056,113.9241944,8,2,2, 南山大道,1122,173,2,0,1, 学府路,1474,440,-1, naviinfo,0,1.45633E+12
2,22.53754056,113.9241944,50,173,0, 2016:02:25:00:45:24,0,1.45633E+12,,,,,,,,,,
1,22.53740889,113.9242122,8,2,2, 南山大道,1107,173,2,0,1, 学府路,1459,439,-1, naviinfo,0,1.45633E+12
2,22.53740889,113.9242122,47,173,0, 2016:02:25:00:45:25,0,1.45633E+12,,,,,,,,,,
1,22.53728667,113.9242289,8,2,2, 南山大道,1093,173,2,0,1, 学府路,1445,437,-1, naviinfo,0,1.45633E+12
2,22.53728667,113.9242289,45,173,0, 2016:02:25:00:45:26,0,1.45633E+12,,,,,,,,,,
1,22.537175,113.9242442,8,2,2, 南山大道,1081,173,2,0,1, 学府路,1433,436,-1, naviinfo,0,1.45633E+12
2,22.537175,113.9242442,44,173,0, 2016:02:25:00:45:27,0,1.45633E+12,,,,,,,,,,
1,22.53706333,113.9242592,9,3,2, 南山大道,1069,173,2,0,1, 学府路,1421,433,-1, naviinfo,0,1.45633E+12
2,22.53706333,113.9242592,44,173,0, 2016:02:25:00:45:28,0,1.45633E+12,,,,,,,,,,
1,22.53695417,113.9242742,9,3,2, 南山大道,1056,173,2,0,1, 学府路,1408,427,-1, naviinfo,0,1.45633E+12
2,22.53695417,113.9242742,43,173,0, 2016:02:25:00:45:29,0,1.45633E+12,,,,,,,,,,
1,22.53684639,113.9242892,9,3,2, 南山大道,1044,173,2,0,1, 学府路,1396,421,-1, naviinfo,0,1.45633E+12
2,22.53684639,113.9242892,43,173,0, 2016:02:25:00:45:30,0,1.45633E+12,,,,,,,,,,
1,22.53674167,113.9243036,9,3,2, 南山大道,1033,173,2,0,1, 学府路,1385,416,-1, naviinfo,0,1.45633E+12
2,22.53674167,113.9243036,42,173,0, 2016:02:25:00:45:31,0,1.45633E+12,,,,,,,,,,
1,22.53664194,113.9243175,9,3,2, 南山大道,1021,173,2,0,1, 学府路,1373,410,-1, naviinfo,0,1.45633E+12
2,22.53664194,113.9243175,40,173,0, 2016:02:25:00:45:32,0,1.45633E+12,,,,,,,,,,
1,22.536545,113.9243308,9,3,2, 南山大道,1011,173,2,0,1, 学府路,1363,406,-1, naviinfo,0,1.45633E+12
2,22.536545,113.9243308,38,173,0, 2016:02:25:00:45:33,0,1.45633E+12,,,,,,,,,,
1,22.53644917,113.9243442,9,3,2, 南山大道,1000,173,2,0,1, 学府路,1352,401,-1, naviinfo,0,1.45633E+12
2,22.53644917,113.9243442,35,173,0, 2016:02:25:00:45:34,0,1.45633E+12,,,,,,,,,,
1,22.53636667,113.9243556,9,3,2, 南山大道,991,173,2,0,1, 学府路,1343,397,-1, naviinfo,0,1.45633E+12
2,22.53636667,113.9243556,32,173,0, 2016:02:25:00:45:35,0,1.45633E+12,,,,,,,,,,
1,22.53628611,113.9243667,9,3,2, 南山大道,982,173,2,0,1, 学府路,1334,392,-1, naviinfo,0,1.45633E+12
2,22.53628611,113.9243667,31,173,0, 2016:02:25:00:45:36,0,1.45633E+12,,,,,,,,,,
1,22.53620917,113.9243772,9,3,2, 南山大道,973,173,2,0,1, 学府路,1325,388,-1, naviinfo,0,1.45633E+12
2,22.53620917,113.9243772,30,173,0, 2016:02:25:00:45:37,0,1.45633E+12,,,,,,,,,,
1,22.53613639,113.9243858,10,3,2, 南山大道,964,175,2,0,1, 学府路,1316,384,-1, naviinfo,0,1.45633E+12
2,22.53613639,113.9243858,29,175,0, 2016:02:25:00:45:38,0,1.45633E+12,,,,,,,,,,
1,22.53607056,113.9243922,10,3,2, 南山大道,957,175,2,0,1, 学府路,1309,381,-1, naviinfo,0,1.45633E+12
2,22.53607056,113.9243922,27,175,0, 2016:02:25:00:45:39,0,1.45633E+12,,,,,,,,,,
1,22.53601361,113.9243978,10,3,2, 南山大道,951,175,2,0,1, 学府路,1303,378,-1, naviinfo,0,1.45633E+12
2,22.53601361,113.9243978,24,175,0, 2016:02:25:00:45:40,0,1.45633E+12,,,,,,,,,,
1,22.53596472,113.9244025,10,3,2, 南山大道,945,175,2,0,1, 学府路,1297,314,-1, naviinfo,0,1.45633E+12
2,22.53596472,113.9244025,20,175,0, 2016:02:25:00:45:41,0,1.45633E+12,,,,,,,,,,
1,22.53592611,113.9244064,10,3,2, 南山大道,941,175,2,0,1, 学府路,1293,314,-1, naviinfo,0,1.45633E+12
2,22.53592611,113.9244064,16,175,0, 2016:02:25:00:45:42,0,1.45633E+12,,,,,,,,,,
1,22.53590556,113.9244083,10,3,2, 南山大道,939,175,2,0,1, 学府路,1291,313,-1, naviinfo,0,1.45633E+12
2,22.53590556,113.9244083,11,175,0, 2016:02:25:00:45:43,0,1.45633E+12,,,,,,,,,,
1,22.53589361,113.9244094,10,3,2, 南山大道,937,175,2,0,1, 学府路,1289,313,-1, naviinfo,0,1.45633E+12
2,22.53589361,113.9244094,4,175,0, 2016:02:25:00:45:46,0,1.45633E+12,,,,,,,,,,
1,22.53589361,113.9244094,10,3,2, 南山大道,937,175,2,0,1, 学府路,1289,313,-1, naviinfo,0,1.45633E+12
2,22.53589361,113.9244094,4,175,0, 2016:02:25:00:45:50,0,1.45633E+12,,,,,,,,,,
1,22.53589361,113.9244094,10,3,2, 南山大道,937,175,2,0,1, 学府路,1289,313,-1, naviinfo,0,1.45633E+12
2,22.53589361,113.9244094,4,175,0, 2016:02:25:00:45:55,0,1.45633E+12,,,,,,,,,,
1,22.53589361,113.9244094,10,3,2, 南山大道,937,175,2,0,1, 学府路,1289,313,-1, naviinfo,0,1.45633E+12
2,22.53589361,113.9244094,4,175,0, 2016:02:25:00:46:00,0,1.45633E+12,,,,,,,,,,
1,22.53589361,113.9244094,10,3,2, 南山大道,937,175,2,0,1, 学府路,1289,313,-1, naviinfo,0,1.45633E+12
2,22.53589361,113.9244094,4,175,0, 2016:02:25:00:46:05,0,1.45633E+12,,,,,,,,,,
1,22.53589361,113.9244094,10,3,2, 南山大道,937,175,2,0,1, 学府路,1289,313,-1, naviinfo,0,1.45633E+12
2,22.53589361,113.9244094,4,175,0, 2016:02:25:00:46:10,0,1.45633E+12,,,,,,,,,,
1,22.53589361,113.9244094,10,3,2, 南山大道,937,175,2,0,1, 学府路,1289,313,-1, naviinfo,0,1.45633E+12
2,22.53589361,113.9244094,4,175,0, 2016:02:25:00:46:15,0,1.45633E+12,,,,,,,,,,
1,22.53589361,113.9244094,10,3,2, 南山大道,937,175,2,0,1, 学府路,1289,313,-1, naviinfo,0,1.45633E+12
2,22.53589361,113.9244094,4,175,0, 2016:02:25:00:46:20,0,1.45633E+12,,,,,,,,,,
1,22.53589361,113.9244094,10,3,2, 南山大道,937,175,2,0,1, 学府路,1289,313,-1, naviinfo,0,1.45633E+12
2,22.53589361,113.9244094,4,175,0, 2016:02:25:00:46:25,0,1.45633E+12,,,,,,,,,,
1,22.53586056,113.9244128,10,3,2, 南山大道,934,175,2,0,1, 学府路,1286,313,-1, naviinfo,0,1.45633E+12
2,22.53586056,113.9244128,10,175,0, 2016:02:25:00:46:26,0,1.45633E+12,,,,,,,,,,
1,22.5358025,113.9244183,10,3,2, 南山大道,927,175,2,0,1, 学府路,1279,311,-1, naviinfo,0,1.45633E+12
2,22.5358025,113.9244183,22,175,0, 2016:02:25:00:46:27,0,1.45633E+12,,,,,,,,,,
1,22.53573944,113.9244247,10,3,2, 南山大道,920,175,2,0,1, 学府路,1272,310,-1, naviinfo,0,1.45633E+12
2,22.53573944,113.9244247,26,175,0, 2016:02:25:00:46:28,0,1.45633E+12,,,,,,,,,,
1,22.53566083,113.9244342,12,4,2, 南山大道,912,177,2,0,1, 学府路,1264,309,-1, naviinfo,0,1.45633E+12
2,22.53566083,113.9244342,30,177,0, 2016:02:25:00:46:29,0,1.45633E+12,,,,,,,,,,
1,22.53558028,113.9244386,12,4,2, 南山大道,903,177,2,0,1, 学府路,1255,308,-1, naviinfo,0,1.45633E+12
2,22.53558028,113.9244386,34,177,0, 2016:02:25:00:46:30,0,1.45633E+12,,,,,,,,,,
1,22.53546944,113.9244497,13,4,2, 南山大道,891,171,2,0,1, 学府路,1243,307,-1, naviinfo,0,1.45633E+12
2,22.53546944,113.9244497,39,171,0, 2016:02:25:00:46:31,0,1.45633E+12,,,,,,,,,,
1,22.5353525,113.9244697,13,4,2, 南山大道,878,171,2,0,1, 学府路,1230,306,-1, naviinfo,0,1.45633E+12
2,22.5353525,113.9244697,44,171,0, 2016:02:25:00:46:32,0,1.45633E+12,,,,,,,,,,
1,22.53521139,113.9244939,13,4,2, 南山大道,862,171,2,0,1, 学府路,1214,304,-1, naviinfo,0,1.45633E+12
2,22.53521139,113.9244939,52,171,0, 2016:02:25:00:46:33,0,1.45633E+12,,,,,,,,,,
1,22.53506833,113.9245186,13,4,2, 南山大道,846,171,2,0,1, 学府路,1198,302,-1, naviinfo,0,1.45633E+12
2,22.53506833,113.9245186,56,171,0, 2016:02:25:00:46:34,0,1.45633E+12,,,,,,,,,,
1,22.53492222,113.9245411,14,4,2, 南山大道,829,173,2,0,1, 学府路,1181,301,-1, naviinfo,0,1.45633E+12
2,22.53492222,113.9245411,59,173,0, 2016:02:25:00:46:35,0,1.45633E+12,,,,,,,,,,
1,22.53476722,113.9245606,14,4,2, 南山大道,812,173,2,0,1, 学府路,1164,299,-1, naviinfo,0,1.45633E+12
2,22.53476722,113.9245606,61,173,0, 2016:02:25:00:46:36,0,1.45633E+12,,,,,,,,,,
1,22.53461083,113.9245803,14,4,2, 南山大道,795,173,2,0,1, 学府路,1147,297,-1, naviinfo,0,1.45633E+12
2,22.53461083,113.9245803,62,173,0, 2016:02:25:00:46:37,0,1.45633E+12,,,,,,,,,,
1,22.53445472,113.9245986,15,5,2, 南山大道,778,175,2,0,1, 学府路,1130,296,-1, naviinfo,0,1.45633E+12
2,22.53445472,113.9245986,63,175,0, 2016:02:25:00:46:38,0,1.45633E+12,,,,,,,,,,
1,22.5342975,113.9246133,15,5,2, 南山大道,760,175,2,0,1, 学府路,1112,294,-1, naviinfo,0,1.45633E+12
2,22.5342975,113.9246133,63,175,0, 2016:02:25:00:46:39,0,1.45633E+12,,,,,,,,,,
1,22.53414083,113.9246278,15,5,2, 南山大道,743,175,2,0,1, 学府路,1095,292,-1, naviinfo,0,1.45633E+12
2,22.53414083,113.9246278,61,175,0, 2016:02:25:00:46:40,0,1.45633E+12,,,,,,,,,,
1,22.53399389,113.9246414,15,5,2, 南山大道,726,175,2,0,1, 学府路,1078,290,-1, naviinfo,0,1.45633E+12
2,22.53399389,113.9246414,59,175,0, 2016:02:25:00:46:41,0,1.45633E+12,,,,,,,,,,
1,22.53385222,113.9246544,15,5,2, 南山大道,710,175,2,0,1, 学府路,1062,289,-1, naviinfo,0,1.45633E+12
2,22.53385222,113.9246544,56,175,0, 2016:02:25:00:46:42,0,1.45633E+12,,,,,,,,,,
1,22.53371417,113.9246672,15,5,2, 南山大道,695,175,2,0,1, 学府路,1047,287,-1, naviinfo,0,1.45633E+12
2,22.53371417,113.9246672,54,175,0, 2016:02:25:00:46:43,0,1.45633E+12,,,,,,,,,,
1,22.53358278,113.9246794,15,5,2, 南山大道,680,175,2,0,1, 学府路,1032,286,-1, naviinfo,0,1.45633E+12
2,22.53358278,113.9246794,52,175,0, 2016:02:25:00:46:44,0,1.45633E+12,,,,,,,,,,
1,22.53345722,113.9246911,15,5,2, 南山大道,666,175,2,0,1, 学府路,1018,284,-1, naviinfo,0,1.45633E+12
2,22.53345722,113.9246911,49,175,0, 2016:02:25:00:46:45,0,1.45633E+12,,,,,,,,,,
1,22.53333722,113.9246992,16,6,2, 南山大道,653,177,2,0,1, 学府路,1005,283,-1, naviinfo,0,1.45633E+12
2,22.53333722,113.9246992,47,177,0, 2016:02:25:00:46:46,0,1.45633E+12,,,,,,,,,,
1,22.53322222,113.9247058,16,6,2, 南山大道,640,177,2,0,1, 学府路,992,282,-1, naviinfo,0,1.45633E+12
2,22.53322222,113.9247058,44,177,0, 2016:02:25:00:46:47,0,1.45633E+12,,,,,,,,,,
1,22.53311556,113.9247119,16,6,2, 南山大道,628,177,2,0,1, 学府路,980,280,-1, naviinfo,0,1.45633E+12
2,22.53311556,113.9247119,41,177,0, 2016:02:25:00:46:48,0,1.45633E+12,,,,,,,,,,
1,22.53301889,113.9247175,16,6,2, 南山大道,618,177,2,0,1, 学府路,970,279,-1, naviinfo,0,1.45633E+12
2,22.53301889,113.9247175,37,177,0, 2016:02:25:00:46:49,0,1.45633E+12,,,,,,,,,,
1,22.53293361,113.9247222,16,6,2, 南山大道,608,177,2,40,1, 学府路,960,278,-1, naviinfo,0,1.45633E+12
2,22.53293361,113.9247222,33,177,0, 2016:02:25:00:46:50,0,1.45633E+12,,,,,,,,,,
1,22.53286278,113.9247331,18,7,2, 南山大道,600,180,2,40,1, 学府路,952,275,-1, naviinfo,0,1.45633E+12
2,22.53286278,113.9247331,29,180,0, 2016:02:25:00:46:51,0,1.45633E+12,,,,,,,,,,
1,22.53280111,113.9247336,18,7,2, 南山大道,593,180,2,40,1, 学府路,945,271,-1, naviinfo,0,1.45633E+12
2,22.53280111,113.9247336,25,180,0, 2016:02:25:00:46:52,0,1.45633E+12,,,,,,,,,,
1,22.53275111,113.9247342,18,7,2, 南山大道,588,180,2,40,1, 学府路,940,268,-1, naviinfo,0,1.45633E+12
2,22.53275111,113.9247342,21,180,0, 2016:02:25:00:46:53,0,1.45633E+12,,,,,,,,,,
1,22.53270611,113.9247344,18,7,2, 南山大道,583,180,2,40,1, 学府路,935,264,-1, naviinfo,0,1.45633E+12
2,22.53270611,113.9247344,18,180,0, 2016:02:25:00:46:54,0,1.45633E+12,,,,,,,,,,
1,22.53266917,113.9247347,18,7,2, 南山大道,579,180,2,40,1, 学府路,931,262,-1, naviinfo,0,1.45633E+12
2,22.53266917,113.9247347,15,180,0, 2016:02:25:00:46:55,0,1.45633E+12,,,,,,,,,,
1,22.53263917,113.924735,18,7,2, 南山大道,575,180,2,40,1, 学府路,927,259,-1, naviinfo,0,1.45633E+12
2,22.53263917,113.924735,12,180,0, 2016:02:25:00:46:56,0,1.45633E+12,,,,,,,,,,
1,22.53261417,113.9247353,18,7,2, 南山大道,573,180,2,40,1, 学府路,925,258,-1, naviinfo,0,1.45633E+12
2,22.53261417,113.9247353,10,180,0, 2016:02:25:00:46:57,0,1.45633E+12,,,,,,,,,,
1,22.53259917,113.9247353,18,7,2, 南山大道,571,180,2,40,1, 学府路,923,257,-1, naviinfo,0,1.45633E+12
2,22.53259917,113.9247353,6,180,0, 2016:02:25:00:46:58,0,1.45633E+12,,,,,,,,,,
1,22.5325875,113.9247353,18,7,2, 南山大道,570,180,2,40,1, 学府路,922,256,-1, naviinfo,0,1.45633E+12
2,22.5325875,113.9247353,4,180,0, 2016:02:25:00:46:59,0,1.45633E+12,,,,,,,,,,
1,22.5325775,113.9247353,18,7,2, 南山大道,568,179,2,40,1, 学府路,920,255,-1, naviinfo,0,1.45633E+12
2,22.5325775,113.9247353,0,179,0, 2016:02:25:00:47:01,0,1.45633E+12,,,,,,,,,,
1,22.5325325,113.9247358,18,7,2, 南山大道,563,179,2,40,1, 学府路,915,251,-1, naviinfo,0,1.45633E+12
2,22.5325325,113.9247358,11,179,0, 2016:02:25:00:47:04,0,1.45633E+12,,,,,,,,,,
1,22.53249611,113.9247361,18,7,2, 南山大道,559,179,2,40,1, 学府路,911,249,-1, naviinfo,0,1.45633E+12
2,22.53249611,113.9247361,15,179,0, 2016:02:25:00:47:05,0,1.45633E+12,,,,,,,,,,
1,22.53244111,113.9247367,18,7,2, 南山大道,553,179,2,40,1, 学府路,905,245,-1, naviinfo,0,1.45633E+12
2,22.53244111,113.9247367,20,179,0, 2016:02:25:00:47:06,0,1.45633E+12,,,,,,,,,,
1,22.53237167,113.9247372,19,7,2, 南山大道,545,180,2,40,1, 学府路,897,240,-1, naviinfo,0,1.45633E+12
2,22.53237167,113.9247372,25,180,0, 2016:02:25:00:47:07,0,1.45633E+12,,,,,,,,,,
1,22.53229,113.9247372,20,8,2, 南山大道,536,180,2,40,1, 学府路,888,235,-1, naviinfo,0,1.45633E+12
2,22.53229,113.9247372,30,180,0, 2016:02:25:00:47:08,0,1.45633E+12,,,,,,,,,,
1,22.53220167,113.9247372,20,8,2, 南山大道,526,180,2,40,1, 学府路,878,233,-1, naviinfo,0,1.45633E+12
2,22.53220167,113.9247372,34,180,0, 2016:02:25:00:47:09,0,1.45633E+12,,,,,,,,,,
1,22.53210472,113.9247372,20,8,2, 南山大道,515,180,2,40,1, 学府路,867,232,-1, naviinfo,0,1.45633E+12
2,22.53210472,113.9247372,38,180,0, 2016:02:25:00:47:10,0,1.45633E+12,,,,,,,,,,
1,22.53200306,113.9247372,20,8,2, 南山大道,504,180,2,40,1, 学府路,856,230,-1, naviinfo,0,1.45633E+12
2,22.53200306,113.9247372,41,180,0, 2016:02:25:00:47:11,0,1.45633E+12,,,,,,,,,,
1,22.53189639,113.9247372,21,9,2, 南山大道,492,180,2,40,1, 学府路,844,229,-1, naviinfo,0,1.45633E+12
2,22.53189639,113.9247372,42,180,0, 2016:02:25:00:47:12,0,1.45633E+12,,,,,,,,,,
1,22.53178306,113.9247372,21,9,2, 南山大道,479,180,2,40,1, 学府路,831,227,-1, naviinfo,0,1.45633E+12
2,22.53178306,113.9247372,44,180,0, 2016:02:25:00:47:13,0,1.45633E+12,,,,,,,,,,
1,22.53165139,113.9247372,21,9,2, 南山大道,464,180,2,40,1, 学府路,816,225,-1, naviinfo,0,1.45633E+12
2,22.53165139,113.9247372,48,180,0, 2016:02:25:00:47:14,0,1.45633E+12,,,,,,,,,,
1,22.53151389,113.9247339,22,10,2, 南山大道,449,181,2,40,1, 学府路,801,224,-1, naviinfo,0,1.45633E+12
2,22.53151389,113.9247339,52,181,0, 2016:02:25:00:47:15,0,1.45633E+12,,,,,,,,,,
1,22.53136389,113.92473,22,10,2, 南山大道,432,181,2,40,1, 学府路,784,222,-1, naviinfo,0,1.45633E+12
2,22.53136389,113.92473,55,181,0, 2016:02:25:00:47:16,0,1.45633E+12,,,,,,,,,,
1,22.53120056,113.9247258,22,10,2, 南山大道,414,181,2,40,1, 学府路,766,221,-1, naviinfo,0,1.45633E+12
2,22.53120056,113.9247258,61,181,0, 2016:02:25:00:47:17,0,1.45633E+12,,,,,,,,,,
1,22.53103722,113.9247214,22,10,2, 南山大道,396,181,2,40,1, 学府路,748,219,-1, naviinfo,0,1.45633E+12
2,22.53103722,113.9247214,63,181,0, 2016:02:25:00:47:18,0,1.45633E+12,,,,,,,,,,
1,22.53086944,113.9247125,24,11,2, 南山大道,378,182,2,40,1, 学府路,730,216,-1, naviinfo,0,1.45633E+12
2,22.53086944,113.9247125,65,182,0, 2016:02:25:00:47:19,0,1.45633E+12,,,,,,,,,,
1,22.53070083,113.9247031,25,12,2, 南山大道,359,184,2,40,1, 学府路,711,211,-1, naviinfo,0,1.45633E+12
2,22.53070083,113.9247031,67,184,0, 2016:02:25:00:47:20,0,1.45633E+12,,,,,,,,,,
1,22.53052972,113.9246897,26,12,2, 南山大道,340,185,2,40,1, 学府路,692,207,-1, naviinfo,0,1.45633E+12
2,22.53052972,113.9246897,68,185,0, 2016:02:25:00:47:21,0,1.45633E+12,,,,,,,,,,
1,22.53035139,113.9246731,26,12,2, 南山大道,320,185,2,40,1, 学府路,672,203,-1, naviinfo,0,1.45633E+12
2,22.53035139,113.9246731,69,185,0, 2016:02:25:00:47:22,0,1.45633E+12,,,,,,,,,,
1,22.530175,113.9246564,26,12,2, 南山大道,300,185,2,40,1, 学府路,652,199,-1, naviinfo,0,1.45633E+12
2,22.530175,113.9246564,70,185,0, 2016:02:25:00:47:23,0,1.45633E+12,,,,,,,,,,
1,22.52999667,113.9246394,26,12,2, 南山大道,280,185,2,0,1, 学府路,632,195,-1, naviinfo,0,1.45633E+12
2,22.52999667,113.9246394,70,185,0, 2016:02:25:00:47:24,0,1.45633E+12,,,,,,,,,,
1,22.52981972,113.9246228,26,12,2, 南山大道,261,185,2,0,1, 学府路,613,191,-1, naviinfo,0,1.45633E+12
2,22.52981972,113.9246228,69,185,0, 2016:02:25:00:47:25,0,1.45633E+12,,,,,,,,,,
1,22.52964833,113.9246067,27,13,2, 南山大道,241,185,2,0,1, 学府路,593,187,-1, naviinfo,0,1.45633E+12
2,22.52964833,113.9246067,67,185,0, 2016:02:25:00:47:26,0,1.45633E+12,,,,,,,,,,
1,22.52948139,113.9245894,27,13,2, 南山大道,223,185,2,0,1, 学府路,575,185,-1, naviinfo,0,1.45633E+12
2,22.52948139,113.9245894,65,185,0, 2016:02:25:00:47:27,0,1.45633E+12,,,,,,,,,,
1,22.52931472,113.9245725,27,13,2, 南山大道,204,185,2,0,1, 学府路,556,183,-1, naviinfo,0,1.45633E+12
2,22.52931472,113.9245725,63,185,0, 2016:02:25:00:47:28,0,1.45633E+12,,,,,,,,,,
1,22.52915389,113.9245564,28,14,2, 南山大道,186,185,2,0,1, 学府路,538,180,-1, naviinfo,0,1.45633E+12
2,22.52915389,113.9245564,63,185,0, 2016:02:25:00:47:29,0,1.45633E+12,,,,,,,,,,
1,22.52899444,113.9245419,28,14,2, 南山大道,168,185,2,0,1, 学府路,520,179,-1, naviinfo,0,1.45633E+12
2,22.52899444,113.9245419,62,185,0, 2016:02:25:00:47:30,0,1.45633E+12,,,,,,,,,,
1,22.528845,113.9245147,30,15,2, 南山大道,151,189,2,0,1, 学府路,503,177,-1, naviinfo,0,1.45633E+12
2,22.528845,113.9245147,60,189,0, 2016:02:25:00:47:31,0,1.45633E+12,,,,,,,,,,
1,22.52869861,113.9244883,30,15,2, 南山大道,135,189,2,0,1, 学府路,487,175,-1, naviinfo,0,1.45633E+12
2,22.52869861,113.9244883,59,189,0, 2016:02:25:00:47:32,0,1.45633E+12,,,,,,,,,,
1,22.52855556,113.9244611,31,15,2, 南山大道,119,192,2,0,1, 学府路,471,173,-1, naviinfo,0,1.45633E+12
2,22.52855556,113.9244611,57,192,0, 2016:02:25:00:47:33,0,1.45633E+12,,,,,,,,,,
1,22.52841361,113.9244297,31,15,2, 南山大道,103,192,2,0,1, 学府路,455,171,-1, naviinfo,0,1.45633E+12
2,22.52841361,113.9244297,57,192,0, 2016:02:25:00:47:34,0,1.45633E+12,,,,,,,,,,
1,22.52827417,113.9244025,32,16,2, 南山大道,87,190,2,0,1, 学府路,439,168,-1, naviinfo,0,1.45633E+12
2,22.52827417,113.9244025,54,190,0, 2016:02:25:00:47:35,0,1.45633E+12,,,,,,,,,,
1,22.52814611,113.9243769,33,17,2, 南山大道,72,190,2,0,1, 学府路,424,162,-1, naviinfo,0,1.45633E+12
2,22.52814611,113.9243769,50,190,0, 2016:02:25:00:47:36,0,1.45633E+12,,,,,,,,,,
1,22.52803306,113.9243544,33,17,2, 南山大道,60,190,2,0,1, 学府路,412,157,-1, naviinfo,0,1.45633E+12
2,22.52803306,113.9243544,45,190,0, 2016:02:25:00:47:37,0,1.45633E+12,,,,,,,,,,
1,22.52794,113.9243358,33,17,2, 南山大道,49,190,2,0,1, 学府路,401,153,-1, naviinfo,0,1.45633E+12
2,22.52794,113.9243358,38,190,0, 2016:02:25:00:47:38,0,1.45633E+12,,,,,,,,,,
1,22.52786472,113.9243208,33,17,2, 南山大道,41,190,2,0,1, 学府路,393,150,-1, naviinfo,0,1.45633E+12
2,22.52786472,113.9243208,33,190,0, 2016:02:25:00:47:39,0,1.45633E+12,,,,,,,,,,
1,22.52781306,113.9243106,33,17,2, 南山大道,35,190,2,0,1, 学府路,387,147,-1, naviinfo,0,1.45633E+12
2,22.52781306,113.9243106,27,190,0, 2016:02:25:00:47:40,0,1.45633E+12,,,,,,,,,,
1,22.52777,113.9243019,33,17,2, 南山大道,30,190,2,0,1, 学府路,382,175,-1, naviinfo,0,1.45633E+12
2,22.52777,113.9243019,22,190,0, 2016:02:25:00:47:41,0,1.45633E+12,,,,,,,,,,
1,22.52775667,113.9242992,33,17,2, 南山大道,29,190,2,0,1, 学府路,381,175,-1, naviinfo,0,1.45633E+12
2,22.52775667,113.9242992,13,190,0, 2016:02:25:00:47:42,0,1.45633E+12,,,,,,,,,,
1,22.52774222,113.9242964,33,17,2, 南山大道,27,190,2,0,1, 学府路,379,175,-1, naviinfo,0,1.45633E+12
2,22.52774222,113.9242964,9,190,0, 2016:02:25:00:47:43,0,1.45633E+12,,,,,,,,,,
1,22.52773194,113.9242944,33,17,2, 南山大道,26,190,2,0,1, 学府路,378,174,-1, naviinfo,0,1.45633E+12
2,22.52773194,113.9242944,7,190,0, 2016:02:25:00:47:44,0,1.45633E+12,,,,,,,,,,
1,22.52772556,113.9242931,33,17,2, 南山大道,25,191,2,0,1, 学府路,377,174,-1, naviinfo,0,1.45633E+12
2,22.52772556,113.9242931,5,191,0, 2016:02:25:00:47:45,0,1.45633E+12,,,,,,,,,,
1,22.52772556,113.9242931,33,17,2, 南山大道,25,191,2,0,1, 学府路,377,174,-1, naviinfo,0,1.45633E+12
2,22.52772556,113.9242931,5,191,0, 2016:02:25:00:47:50,0,1.45633E+12,,,,,,,,,,
1,22.52772556,113.9242931,33,17,2, 南山大道,25,191,2,0,1, 学府路,377,174,-1, naviinfo,0,1.45633E+12
2,22.52772556,113.9242931,5,191,0, 2016:02:25:00:47:55,0,1.45633E+12,,,,,,,,,,
1,22.52772556,113.9242931,33,17,2, 南山大道,25,191,2,0,1, 学府路,377,174,-1, naviinfo,0,1.45633E+12
2,22.52772556,113.9242931,5,191,0, 2016:02:25:00:48:00,0,1.45633E+12,,,,,,,,,,
1,22.52772556,113.9242931,33,17,2, 南山大道,25,191,2,0,1, 学府路,377,174,-1, naviinfo,0,1.45633E+12
2,22.52772556,113.9242931,5,191,0, 2016:02:25:00:48:05,0,1.45633E+12,,,,,,,,,,
1,22.52772556,113.9242931,33,17,2, 南山大道,25,191,2,0,1, 学府路,377,174,-1, naviinfo,0,1.45633E+12
2,22.52772556,113.9242931,5,191,0, 2016:02:25:00:48:10,0,1.45633E+12,,,,,,,,,,
1,22.52772556,113.9242931,33,17,2, 南山大道,25,191,2,0,1, 学府路,377,174,-1, naviinfo,0,1.45633E+12
2,22.52772556,113.9242931,5,191,0, 2016:02:25:00:48:15,0,1.45633E+12,,,,,,,,,,
1,22.527715,113.9242908,33,17,2, 南山大道,24,190,2,0,1, 学府路,376,174,-1, naviinfo,0,1.45633E+12
2,22.527715,113.9242908,0,190,0, 2016:02:25:00:48:19,0,1.45633E+12,,,,,,,,,,
1,22.527715,113.9242908,33,17,2, 南山大道,24,190,2,0,1, 学府路,376,174,-1, naviinfo,0,1.45633E+12
2,22.527715,113.9242908,0,190,0, 2016:02:25:00:48:24,0,1.45633E+12,,,,,,,,,,
1,22.527715,113.9242908,33,17,2, 南山大道,24,190,2,0,1, 学府路,376,174,-1, naviinfo,0,1.45633E+12
2,22.527715,113.9242908,0,190,0, 2016:02:25:00:48:29,0,1.45633E+12,,,,,,,,,,
1,22.52759472,113.9242669,33,17,2, 南山大道,10,190,2,0,1, 学府路,362,170,-1, naviinfo,0,1.45633E+12
2,22.52759472,113.9242669,0,190,0, 2016:02:25:00:48:34,0,1.45633E+12,,,,,,,,,,
1,22.5275775,113.9242636,33,17,2, 南山大道,8,191,2,0,1, 学府路,360,170,-1, naviinfo,0,1.45633E+12
2,22.5275775,113.9242636,0,191,0, 2016:02:25:00:48:35,0,1.45633E+12,,,,,,,,,,
1,22.52755472,113.9242589,33,17,2, 南山大道,6,191,2,0,1, 学府路,358,169,-1, naviinfo,0,1.45633E+12
2,22.52755472,113.9242589,11,191,0, 2016:02:25:00:48:36,0,1.45633E+12,,,,,,,,,,
1,22.52752056,113.9242519,33,17,2, 南山大道,2,191,2,0,1, 学府路,354,168,-1, naviinfo,0,1.45633E+12
2,22.52752056,113.9242519,0,191,0, 2016:02:25:00:48:37,0,1.45633E+12,,,,,,,,,,
1,22.52750361,113.9242486,33,17,2, 南山大道,0,190,2,0,1, 学府路,352,168,-1, naviinfo,0,1.45633E+12
2,22.52750361,113.9242486,15,190,0, 2016:02:25:00:48:38,0,1.45633E+12,,,,,,,,,,
1,22.527455,113.9242978,34,17,2, 南山大道,0,137,2,0,1, 学府路,352,168,-1, naviinfo,0,1.45633E+12
2,22.527455,113.9242978,14,137,0, 2016:02:25:00:48:39,0,1.45633E+12,,,,,,,,,,
1,22.52743611,113.9243169,34,17,2, 南山大道,0,137,2,0,1, 学府路,352,168,-1, naviinfo,0,1.45633E+12
2,22.52743611,113.9243169,15,137,0, 2016:02:25:00:48:40,0,1.45633E+12,,,,,,,,,,
1,22.52741694,113.9243364,34,17,2, 南山大道,0,137,2,0,1, 学府路,352,168,-1, naviinfo,0,1.45633E+12
2,22.52741694,113.9243364,13,137,0, 2016:02:25:00:48:41,0,1.45633E+12,,,,,,,,,,
1,22.52740861,113.9243444,34,17,2, 南山大道,0,138,2,0,1, 学府路,352,168,-1, naviinfo,0,1.45633E+12
2,22.52740861,113.9243444,11,138,0, 2016:02:25:00:48:42,0,1.45633E+12,,,,,,,,,,
1,22.52740861,113.9243444,0,0,3, 学府路,248,101,3,0,1, 无名道路,352,168,-1, naviinfo,0,1.45633E+12
2,22.52740861,113.9243444,10,101,0, 2016:02:25:00:48:43,0,1.45633E+12,,,,,,,,,,
1,22.52740861,113.9243444,0,0,3, 学府路,248,101,3,0,1, 无名道路,352,168,-1, naviinfo,0,1.45633E+12
2,22.52740861,113.9243444,8,101,0, 2016:02:25:00:48:44,0,1.45633E+12,,,,,,,,,,
1,22.52740861,113.9243444,0,0,3, 学府路,248,101,3,0,1, 无名道路,352,168,-1, naviinfo,0,1.45633E+12
2,22.52740861,113.9243444,7,101,0, 2016:02:25:00:48:45,0,1.45633E+12,,,,,,,,,,
1,22.52740861,113.9243444,0,0,3, 学府路,248,101,3,0,1, 无名道路,352,168,-1, naviinfo,0,1.45633E+12
2,22.52740861,113.9243444,6,101,0, 2016:02:25:00:48:46,0,1.45633E+12,,,,,,,,,,
1,22.52740778,113.9243494,0,0,3, 学府路,247,101,3,0,1, 无名道路,351,168,-1, naviinfo,0,1.45633E+12
2,22.52740778,113.9243494,6,101,0, 2016:02:25:00:48:47,0,1.45633E+12,,,,,,,,,,
1,22.52739611,113.9244136,0,0,3, 学府路,241,101,3,0,1, 无名道路,345,165,-1, naviinfo,0,1.45633E+12
2,22.52739611,113.9244136,6,101,0, 2016:02:25:00:48:48,0,1.45633E+12,,,,,,,,,,
1,22.52738306,113.9244856,0,0,3, 学府路,233,101,3,0,1, 无名道路,337,162,-1, naviinfo,0,1.45633E+12
2,22.52738306,113.9244856,13,101,0, 2016:02:25:00:48:49,0,1.45633E+12,,,,,,,,,,
1,22.52737417,113.9245342,0,0,3, 学府路,228,101,3,0,1, 无名道路,332,160,-1, naviinfo,0,1.45633E+12
2,22.52737417,113.9245342,14,101,0, 2016:02:25:00:48:50,0,1.45633E+12,,,,,,,,,,
1,22.527365,113.924585,0,0,3, 学府路,223,101,3,0,1, 无名道路,327,158,-1, naviinfo,0,1.45633E+12
2,22.527365,113.924585,16,101,0, 2016:02:25:00:48:51,0,1.45633E+12,,,,,,,,,,
1,22.52735194,113.9246556,0,0,3, 学府路,215,101,3,0,1, 无名道路,319,154,-1, naviinfo,0,1.45633E+12
2,22.52735194,113.9246556,18,101,0, 2016:02:25:00:48:52,0,1.45633E+12,,,,,,,,,,
1,22.52734083,113.9247164,0,0,3, 学府路,209,101,3,0,1, 无名道路,313,152,-1, naviinfo,0,1.45633E+12
2,22.52734083,113.9247164,19,101,0, 2016:02:25:00:48:53,0,1.45633E+12,,,,,,,,,,
1,22.52732972,113.9247778,0,0,3, 学府路,202,101,3,0,1, 无名道路,306,149,-1, naviinfo,0,1.45633E+12
2,22.52732972,113.9247778,18,101,0, 2016:02:25:00:48:54,0,1.45633E+12,,,,,,,,,,
1,22.52732083,113.9248261,0,0,3, 学府路,197,101,3,0,1, 无名道路,301,147,-1, naviinfo,0,1.45633E+12
2,22.52732083,113.9248261,16,101,0, 2016:02:25:00:48:55,0,1.45633E+12,,,,,,,,,,
1,22.52731361,113.924865,0,0,3, 学府路,193,101,3,0,1, 无名道路,297,145,-1, naviinfo,0,1.45633E+12
2,22.52731361,113.924865,14,101,0, 2016:02:25:00:48:56,0,1.45633E+12,,,,,,,,,,
1,22.52730583,113.9249078,0,0,3, 学府路,189,101,3,0,1, 无名道路,293,144,-1, naviinfo,0,1.45633E+12
2,22.52730583,113.9249078,12,101,0, 2016:02:25:00:48:57,0,1.45633E+12,,,,,,,,,,
1,22.52729833,113.9249486,0,0,3, 学府路,185,101,3,0,1, 无名道路,289,142,-1, naviinfo,0,1.45633E+12
2,22.52729833,113.9249486,10,101,0, 2016:02:25:00:48:58,0,1.45633E+12,,,,,,,,,,
1,22.52727361,113.9250844,0,0,3, 学府路,170,101,3,0,1, 无名道路,274,136,-1, naviinfo,0,1.45633E+12
2,22.52727361,113.9250844,10,101,0, 2016:02:25:00:48:59,0,1.45633E+12,,,,,,,,,,
1,22.52725222,113.9252014,0,0,3, 学府路,158,101,3,0,1, 无名道路,262,131,-1, naviinfo,0,1.45633E+12
2,22.52725222,113.9252014,10,101,0, 2016:02:25:00:49:00,0,1.45633E+12,,,,,,,,,,
1,22.52724556,113.9252381,0,0,3, 学府路,154,101,3,0,1, 无名道路,258,129,-1, naviinfo,0,1.45633E+12
2,22.52724556,113.9252381,10,101,0, 2016:02:25:00:49:01,0,1.45633E+12,,,,,,,,,,
1,22.52723917,113.9252731,0,0,3, 学府路,151,101,3,0,1, 无名道路,255,128,-1, naviinfo,0,1.45633E+12
2,22.52723917,113.9252731,11,101,0, 2016:02:25:00:49:02,0,1.45633E+12,,,,,,,,,,
1,22.5272325,113.9253097,0,0,3, 学府路,147,101,3,0,1, 无名道路,251,127,-1, naviinfo,0,1.45633E+12
2,22.5272325,113.9253097,11,101,0, 2016:02:25:00:49:03,0,1.45633E+12,,,,,,,,,,
1,22.52722639,113.9253431,0,0,3, 学府路,143,101,3,0,1, 无名道路,247,125,-1, naviinfo,0,1.45633E+12
2,22.52722639,113.9253431,12,101,0, 2016:02:25:00:49:04,0,1.45633E+12,,,,,,,,,,
1,22.52721889,113.9253842,0,0,3, 学府路,139,101,3,0,1, 无名道路,243,123,-1, naviinfo,0,1.45633E+12
2,22.52721889,113.9253842,12,101,0, 2016:02:25:00:49:05,0,1.45633E+12,,,,,,,,,,
1,22.52721222,113.9254192,0,0,3, 学府路,135,101,3,0,1, 无名道路,239,122,-1, naviinfo,0,1.45633E+12
2,22.52721222,113.9254192,12,101,0, 2016:02:25:00:49:06,0,1.45633E+12,,,,,,,,,,
1,22.52720583,113.9254539,0,0,3, 学府路,132,101,3,0,1, 无名道路,236,120,-1, naviinfo,0,1.45633E+12
2,22.52720583,113.9254539,10,101,0, 2016:02:25:00:49:07,0,1.45633E+12,,,,,,,,,,
1,22.52719889,113.9254922,1,1,3, 学府路,127,101,3,0,1, 无名道路,231,120,-1, naviinfo,0,1.45633E+12
2,22.52719889,113.9254922,10,101,0, 2016:02:25:00:49:08,0,1.45633E+12,,,,,,,,,,
1,22.52719556,113.9255111,1,1,3, 学府路,125,101,3,0,1, 无名道路,229,119,-1, naviinfo,0,1.45633E+12
2,22.52719556,113.9255111,9,101,0, 2016:02:25:00:49:09,0,1.45633E+12,,,,,,,,,,
1,22.5271925,113.9255281,1,1,3, 学府路,124,101,3,0,1, 无名道路,228,119,-1, naviinfo,0,1.45633E+12
2,22.5271925,113.9255281,6,101,0, 2016:02:25:00:49:10,0,1.45633E+12,,,,,,,,,,
1,22.52718722,113.9255567,1,1,3, 学府路,121,101,3,0,1, 无名道路,225,119,-1, naviinfo,0,1.45633E+12
2,22.52718722,113.9255567,4,101,0, 2016:02:25:00:49:11,0,1.45633E+12,,,,,,,,,,
1,22.52718639,113.9255606,1,1,3, 学府路,120,101,3,0,1, 无名道路,224,119,-1, naviinfo,0,1.45633E+12
2,22.52718639,113.9255606,0,101,0, 2016:02:25:00:49:12,0,1.45633E+12,,,,,,,,,,
1,22.52718333,113.9255783,1,1,3, 学府路,118,101,3,0,1, 无名道路,222,119,-1, naviinfo,0,1.45633E+12
2,22.52718333,113.9255783,0,101,0, 2016:02:25:00:49:13,0,1.45633E+12,,,,,,,,,,
1,22.52717778,113.9256094,1,1,3, 学府路,115,101,3,0,1, 无名道路,219,118,-1, naviinfo,0,1.45633E+12
2,22.52717778,113.9256094,0,101,0, 2016:02:25:00:49:14,0,1.45633E+12,,,,,,,,,,
1,22.52717778,113.9256094,1,1,3, 学府路,115,101,3,0,1, 无名道路,219,118,-1, naviinfo,0,1.45633E+12
2,22.52717778,113.9256094,0,101,0, 2016:02:25:00:49:19,0,1.45633E+12,,,,,,,,,,
1,22.52717778,113.9256094,1,1,3, 学府路,115,101,3,0,1, 无名道路,219,118,-1, naviinfo,0,1.45633E+12
2,22.52717778,113.9256094,0,101,0, 2016:02:25:00:49:24,0,1.45633E+12,,,,,,,,,,
1,22.52717778,113.9256094,1,1,3, 学府路,115,101,3,0,1, 无名道路,219,118,-1, naviinfo,0,1.45633E+12
2,22.52717778,113.9256094,0,101,0, 2016:02:25:00:49:29,0,1.45633E+12,,,,,,,,,,
1,22.52717778,113.9256094,1,1,3, 学府路,115,101,3,0,1, 无名道路,219,118,-1, naviinfo,0,1.45633E+12
2,22.52717778,113.9256094,0,101,0, 2016:02:25:00:49:34,0,1.45633E+12,,,,,,,,,,
1,22.52717778,113.9256094,1,1,3, 学府路,115,101,3,0,1, 无名道路,219,118,-1, naviinfo,0,1.45633E+12
2,22.52717778,113.9256094,0,101,0, 2016:02:25:00:49:39,0,1.45633E+12,,,,,,,,,,
1,22.52716111,113.9257022,1,1,3, 学府路,105,101,3,0,1, 无名道路,209,117,-1, naviinfo,0,1.45633E+12
2,22.52716111,113.9257022,0,101,0, 2016:02:25:00:49:40,0,1.45633E+12,,,,,,,,,,
1,22.52715917,113.9257128,1,1,3, 学府路,104,101,3,0,1, 无名道路,208,118,-1, naviinfo,0,1.45633E+12
2,22.52715917,113.9257128,0,101,0, 2016:02:25:00:49:41,0,1.45633E+12,,,,,,,,,,
1,22.52715722,113.9257236,1,1,3, 学府路,103,100,3,0,1, 无名道路,207,118,-1, naviinfo,0,1.45633E+12
2,22.52715722,113.9257236,0,100,0, 2016:02:25:00:49:42,0,1.45633E+12,,,,,,,,,,
1,22.52715722,113.9257244,1,1,3, 学府路,103,90,3,0,1, 无名道路,207,118,-1, naviinfo,0,1.45633E+12
2,22.52715722,113.9257244,0,90,0, 2016:02:25:00:49:43,0,1.45633E+12,,,,,,,,,,
1,22.52715722,113.9257244,1,1,3, 学府路,103,90,3,0,1, 无名道路,207,118,-1, naviinfo,0,1.45633E+12
2,22.52715722,113.9257244,0,90,0, 2016:02:25:00:49:48,0,1.45633E+12,,,,,,,,,,
1,22.52713361,113.9258458,2,2,3, 学府路,90,102,3,0,1, 无名道路,194,116,-1, naviinfo,0,1.45633E+12
2,22.52713361,113.9258458,3,102,0, 2016:02:25:00:49:51,0,1.45633E+12,,,,,,,,,,
1,22.52713111,113.9258589,2,2,3, 学府路,88,102,3,0,1, 无名道路,192,115,-1, naviinfo,0,1.45633E+12
2,22.52713111,113.9258589,0,102,0, 2016:02:25:00:49:52,0,1.45633E+12,,,,,,,,,,
1,22.52712833,113.9258731,2,2,3, 学府路,87,102,3,0,1, 无名道路,191,115,-1, naviinfo,0,1.45633E+12
2,22.52712833,113.9258731,4,102,0, 2016:02:25:00:49:53,0,1.45633E+12,,,,,,,,,,
1,22.52712556,113.9258867,2,2,3, 学府路,86,102,3,0,1, 无名道路,190,115,-1, naviinfo,0,1.45633E+12
2,22.52712556,113.9258867,4,102,0, 2016:02:25:00:49:54,0,1.45633E+12,,,,,,,,,,
1,22.5271225,113.9259028,2,2,3, 学府路,84,102,3,0,1, 无名道路,188,114,-1, naviinfo,0,1.45633E+12
2,22.5271225,113.9259028,0,102,0, 2016:02:25:00:49:55,0,1.45633E+12,,,,,,,,,,
1,22.52711944,113.9259178,2,2,3, 学府路,82,102,3,0,1, 无名道路,186,114,-1, naviinfo,0,1.45633E+12
2,22.52711944,113.9259178,4,102,0, 2016:02:25:00:49:56,0,1.45633E+12,,,,,,,,,,
1,22.52711722,113.9259297,2,2,3, 学府路,81,102,3,0,1, 无名道路,185,114,-1, naviinfo,0,1.45633E+12
2,22.52711722,113.9259297,4,102,0, 2016:02:25:00:49:57,0,1.45633E+12,,,,,,,,,,
1,22.52711472,113.9259425,2,2,3, 学府路,80,102,3,0,1, 无名道路,184,114,-1, naviinfo,0,1.45633E+12
2,22.52711472,113.9259425,4,102,0, 2016:02:25:00:49:58,0,1.45633E+12,,,,,,,,,,
1,22.52711222,113.9259558,2,2,3, 学府路,78,102,3,0,1, 无名道路,182,113,-1, naviinfo,0,1.45633E+12
2,22.52711222,113.9259558,4,102,0, 2016:02:25:00:49:59,0,1.45633E+12,,,,,,,,,,
