2,22.52708889,113.9260739,9,102,0, 2016:01:18:19:31:03,0,2016:01:18:19:44:06,,,,,,,,,,
1,22.52708417,113.9260981,1,1,1, 学府路,329,102,3,0,1, 南海大道,2828,597,-1, naviinfo,0,2016:01:18:19:44:06
2,22.52708417,113.9260981,10,102,0, 2016:01:18:19:31:04,0,2016:01:18:19:44:06,,,,,,,,,,
1,22.52707917,113.9261242,1,1,1, 学府路,327,102,3,0,1, 南海大道,2826,596,-1, naviinfo,0,2016:01:18:19:44:06
2,22.52707917,113.9261242,10,102,0, 2016:01:18:19:31:05,0,2016:01:18:19:44:06,,,,,,,,,,
1,22.52706806,113.9261814,1,1,1, 学府路,321,102,3,0,1, 南海大道,2820,595,-1, naviinfo,0,2016:01:18:19:44:06
2,22.52706806,113.9261814,11,102,0, 2016:01:18:19:31:06,0,2016:01:18:19:44:06,,,,,,,,,,
1,22.52705611,113.9262425,1,1,1, 学府路,314,102,3,0,1, 南海大道,2813,593,-1, naviinfo,0,2016:01:18:19:44:06
2,22.52705611,113.9262425,12,102,0, 2016:01:18:19:31:07,0,2016:01:18:19:44:06,,,,,,,,,,
1,22.527045,113.9262989,1,1,1, 学府路,308,102,3,0,1, 南海大道,2807,592,-1, naviinfo,0,2016:01:18:19:44:06
2,22.527045,113.9262989,14,102,0, 2016:01:18:19:31:08,0,2016:01:18:19:44:06,,,,,,,,,,
1,22.52703528,113.9263489,1,1,1, 学府路,303,102,3,0,1, 南海大道,2802,591,-1, naviinfo,0,2016:01:18:19:44:06
2,22.52703528,113.9263489,14,102,0, 2016:01:18:19:31:09,0,2016:01:18:19:44:06,,,,,,,,,,
1,22.5270275,113.9263889,1,1,1, 学府路,299,102,3,0,1, 南海大道,2798,590,-1, naviinfo,0,2016:01:18:19:44:06
2,22.5270275,113.9263889,15,102,0, 2016:01:18:19:31:10,0,2016:01:18:19:44:06,,,,,,,,,,
1,22.52701917,113.9264317,1,1,1, 学府路,294,102,3,0,1, 南海大道,2793,589,-1, naviinfo,0,2016:01:18:19:44:06
2,22.52701917,113.9264317,15,102,0, 2016:01:18:19:31:11,0,2016:01:18:19:44:06,,,,,,,,,,
1,22.52700667,113.9264956,1,1,1, 学府路,288,102,3,0,1, 南海大道,2787,587,-1, naviinfo,0,2016:01:18:19:44:06
2,22.52700667,113.9264956,16,102,0, 2016:01:18:19:31:12,0,2016:01:18:19:44:06,,,,,,,,,,
1,22.52699556,113.9265519,1,1,1, 学府路,282,102,3,0,1, 南海大道,2781,586,-1, naviinfo,0,2016:01:18:19:44:06
2,22.52699556,113.9265519,17,102,0, 2016:01:18:19:31:13,0,2016:01:18:19:44:06,,,,,,,,,,
1,22.52698278,113.9266167,1,1,1, 学府路,275,102,3,0,1, 南海大道,2774,584,-1, naviinfo,0,2016:01:18:19:44:06
2,22.52698278,113.9266167,17,102,0, 2016:01:18:19:31:14,0,2016:01:18:19:44:06,,,,,,,,,,
1,22.52696611,113.9267011,2,2,1, 学府路,266,102,3,0,1, 南海大道,2765,582,-1, naviinfo,0,2016:01:18:19:44:06
2,22.52696611,113.9267011,17,102,0, 2016:01:18:19:31:15,0,2016:01:18:19:44:06,,,,,,,,,,
1,22.52695222,113.9267736,2,2,1, 学府路,258,102,3,0,1, 南海大道,2757,579,-1, naviinfo,0,2016:01:18:19:44:06
2,22.52695222,113.9267736,17,102,0, 2016:01:18:19:31:16,0,2016:01:18:19:44:06,,,,,,,,,,
1,22.52694139,113.92683,2,2,1, 学府路,252,102,3,0,1, 南海大道,2751,577,-1, naviinfo,0,2016:01:18:19:44:06
2,22.52694139,113.92683,17,102,0, 2016:01:18:19:31:17,0,2016:01:18:19:44:06,,,,,,,,,,
1,22.52693,113.9268903,2,2,1, 学府路,246,102,3,0,1, 南海大道,2745,575,-1, naviinfo,0,2016:01:18:19:44:06
2,22.52693,113.9268903,18,102,0, 2016:01:18:19:31:18,0,2016:01:18:19:44:06,,,,,,,,,,
1,22.52691861,113.9269506,2,2,1, 学府路,240,102,3,0,1, 南海大道,2739,573,-1, naviinfo,0,2016:01:18:19:44:06
2,22.52691861,113.9269506,18,102,0, 2016:01:18:19:31:19,0,2016:01:18:19:44:06,,,,,,,,,,
1,22.52690333,113.9270308,2,2,1, 学府路,231,102,3,0,1, 南海大道,2730,570,-1, naviinfo,0,2016:01:18:19:44:06
2,22.52690333,113.9270308,19,102,0, 2016:01:18:19:31:20,0,2016:01:18:19:44:06,,,,,,,,,,
1,22.52689111,113.927095,2,2,1, 学府路,224,102,3,0,1, 南海大道,2723,567,-1, naviinfo,0,2016:01:18:19:44:06
2,22.52689111,113.927095,19,102,0, 2016:01:18:19:31:21,0,2016:01:18:19:44:06,,,,,,,,,,
1,22.52687806,113.9271628,2,2,1, 学府路,217,102,3,0,1, 南海大道,2716,565,-1, naviinfo,0,2016:01:18:19:44:06
2,22.52687806,113.9271628,18,102,0, 2016:01:18:19:31:22,0,2016:01:18:19:44:06,,,,,,,,,,
1,22.52686194,113.9272467,2,2,1, 学府路,209,102,3,0,1, 南海大道,2708,562,-1, naviinfo,0,2016:01:18:19:44:06
2,22.52686194,113.9272467,17,102,0, 2016:01:18:19:31:23,0,2016:01:18:19:44:06,,,,,,,,,,
1,22.52684889,113.9273158,2,2,1, 学府路,201,102,3,0,1, 南海大道,2700,559,-1, naviinfo,0,2016:01:18:19:44:06
2,22.52684889,113.9273158,17,102,0, 2016:01:18:19:31:24,0,2016:01:18:19:44:06,,,,,,,,,,
1,22.52683583,113.9273836,2,2,1, 学府路,194,102,3,0,1, 南海大道,2693,556,-1, naviinfo,0,2016:01:18:19:44:06
2,22.52683583,113.9273836,16,102,0, 2016:01:18:19:31:25,0,2016:01:18:19:44:06,,,,,,,,,,
1,22.52682556,113.9274375,2,2,1, 学府路,188,102,3,0,1, 南海大道,2687,554,-1, naviinfo,0,2016:01:18:19:44:06
2,22.52682556,113.9274375,16,102,0, 2016:01:18:19:31:26,0,2016:01:18:19:44:06,,,,,,,,,,
1,22.52681333,113.9275019,2,2,1, 学府路,182,102,3,0,1, 南海大道,2681,552,-1, naviinfo,0,2016:01:18:19:44:06
2,22.52681333,113.9275019,17,102,0, 2016:01:18:19:31:27,0,2016:01:18:19:44:06,,,,,,,,,,
1,22.52680444,113.9275489,2,2,1, 学府路,177,102,3,0,1, 南海大道,2676,550,-1, naviinfo,0,2016:01:18:19:44:06
2,22.52680444,113.9275489,16,102,0, 2016:01:18:19:31:28,0,2016:01:18:19:44:06,,,,,,,,,,
1,22.52674694,113.9278511,2,2,1, 学府路,145,102,3,0,1, 南海大道,2644,539,-1, naviinfo,0,2016:01:18:19:44:06
2,22.52674694,113.9278511,8,102,0, 2016:01:18:19:31:39,0,2016:01:18:19:44:06,,,,,,,,,,
1,22.5267425,113.9278744,2,2,1, 学府路,143,102,3,0,1, 南海大道,2642,538,-1, naviinfo,0,2016:01:18:19:44:06
2,22.5267425,113.9278744,7,102,0, 2016:01:18:19:31:40,0,2016:01:18:19:44:06,,,,,,,,,,
1,22.52673972,113.9278889,2,2,1, 学府路,141,102,3,0,1, 南海大道,2640,537,-1, naviinfo,0,2016:01:18:19:44:06
2,22.52673972,113.9278889,5,102,0, 2016:01:18:19:31:41,0,2016:01:18:19:44:06,,,,,,,,,,
1,22.5267375,113.9279014,2,2,1, 学府路,140,102,3,0,1, 南海大道,2639,537,-1, naviinfo,0,2016:01:18:19:44:06
2,22.5267375,113.9279014,4,102,0, 2016:01:18:19:31:42,0,2016:01:18:19:44:06,,,,,,,,,,
1,22.52672944,113.9279428,2,2,1, 学府路,135,102,3,0,1, 南海大道,2634,535,-1, naviinfo,0,2016:01:18:19:44:06
2,22.52672944,113.9279428,5,102,0, 2016:01:18:19:31:43,0,2016:01:18:19:44:06,,,,,,,,,,
1,22.52672944,113.9279428,2,2,1, 学府路,135,102,3,0,1, 南海大道,2634,535,-1, naviinfo,0,2016:01:18:19:44:06
2,22.52672944,113.9279428,6,102,0, 2016:01:18:19:31:45,0,2016:01:18:19:44:06,,,,,,,,,,
1,22.52672722,113.9279547,2,2,1, 学府路,134,102,3,0,1, 南海大道,2633,535,-1, naviinfo,0,2016:01:18:19:44:06
2,22.52672722,113.9279547,7,102,0, 2016:01:18:19:31:46,0,2016:01:18:19:44:06,,,,,,,,,,
1,22.52672361,113.9279739,2,2,1, 学府路,132,102,3,0,1, 南海大道,2631,534,-1, naviinfo,0,2016:01:18:19:44:06
2,22.52672361,113.9279739,8,102,0, 2016:01:18:19:31:47,0,2016:01:18:19:44:06,,,,,,,,,,
1,22.52671889,113.9279989,2,2,1, 学府路,130,102,3,0,1, 南海大道,2629,534,-1, naviinfo,0,2016:01:18:19:44:06
2,22.52671889,113.9279989,12,102,0, 2016:01:18:19:31:48,0,2016:01:18:19:44:06,,,,,,,,,,
1,22.52671361,113.9280258,2,2,1, 学府路,127,102,3,0,1, 南海大道,2626,532,-1, naviinfo,0,2016:01:18:19:44:06
2,22.52671361,113.9280258,14,102,0, 2016:01:18:19:31:49,0,2016:01:18:19:44:06,,,,,,,,,,
1,22.52670722,113.9280597,2,2,1, 学府路,123,102,3,0,1, 南海大道,2622,531,-1, naviinfo,0,2016:01:18:19:44:06
2,22.52670722,113.9280597,14,102,0, 2016:01:18:19:31:50,0,2016:01:18:19:44:06,,,,,,,,,,
1,22.52670139,113.92809,2,2,1, 学府路,120,102,3,0,1, 南海大道,2619,530,-1, naviinfo,0,2016:01:18:19:44:06
2,22.52670139,113.92809,15,102,0, 2016:01:18:19:31:51,0,2016:01:18:19:44:06,,,,,,,,,,
1,22.52669528,113.9281206,3,3,1, 学府路,117,102,3,0,1, 南海大道,2616,530,-1, naviinfo,0,2016:01:18:19:44:06
2,22.52669528,113.9281206,14,102,0, 2016:01:18:19:31:52,0,2016:01:18:19:44:06,,,,,,,,,,
1,22.52669361,113.9281283,3,3,1, 学府路,116,102,3,0,1, 南海大道,2615,530,-1, naviinfo,0,2016:01:18:19:44:06
2,22.52669361,113.9281283,13,102,0, 2016:01:18:19:31:53,0,2016:01:18:19:44:06,,,,,,,,,,
1,22.52668583,113.9281675,3,3,1, 学府路,112,102,3,0,1, 南海大道,2611,529,-1, naviinfo,0,2016:01:18:19:44:06
2,22.52668583,113.9281675,13,102,0, 2016:01:18:19:31:54,0,2016:01:18:19:44:06,,,,,,,,,,
1,22.52667833,113.9282056,3,3,1, 学府路,108,102,3,0,1, 南海大道,2607,529,-1, naviinfo,0,2016:01:18:19:44:06
2,22.52667833,113.9282056,13,102,0, 2016:01:18:19:31:55,0,2016:01:18:19:44:06,,,,,,,,,,
1,22.52667333,113.9282308,3,3,1, 学府路,105,102,3,0,1, 南海大道,2604,528,-1, naviinfo,0,2016:01:18:19:44:06
2,22.52667333,113.9282308,14,102,0, 2016:01:18:19:31:56,0,2016:01:18:19:44:06,,,,,,,,,,
1,22.52666722,113.9282619,3,3,1, 学府路,102,102,3,0,1, 南海大道,2601,528,-1, naviinfo,0,2016:01:18:19:44:06
2,22.52666722,113.9282619,15,102,0, 2016:01:18:19:31:57,0,2016:01:18:19:44:06,,,,,,,,,,
1,22.52666083,113.9282944,3,3,1, 学府路,98,102,3,0,1, 南海大道,2597,528,-1, naviinfo,0,2016:01:18:19:44:06
2,22.52666083,113.9282944,16,102,0, 2016:01:18:19:31:58,0,2016:01:18:19:44:06,,,,,,,,,,
1,22.52665278,113.9283353,3,3,1, 学府路,94,102,3,0,1, 南海大道,2593,527,-1, naviinfo,0,2016:01:18:19:44:06
2,22.52665278,113.9283353,17,102,0, 2016:01:18:19:31:59,0,2016:01:18:19:44:06,,,,,,,,,,
1,22.52664444,113.9283767,3,3,1, 学府路,90,102,3,0,1, 南海大道,2589,527,-1, naviinfo,0,2016:01:18:19:44:06
2,22.52664444,113.9283767,17,102,0, 2016:01:18:19:32:00,0,2016:01:18:19:44:06,,,,,,,,,,
1,22.52663472,113.9284247,3,3,1, 学府路,85,102,3,0,1, 南海大道,2584,526,-1, naviinfo,0,2016:01:18:19:44:06
2,22.52663472,113.9284247,17,102,0, 2016:01:18:19:32:01,0,2016:01:18:19:44:06,,,,,,,,,,
1,22.52662528,113.9284719,3,3,1, 学府路,80,102,3,0,1, 南海大道,2579,526,-1, naviinfo,0,2016:01:18:19:44:06
2,22.52662528,113.9284719,17,102,0, 2016:01:18:19:32:02,0,2016:01:18:19:44:06,,,,,,,,,,
1,22.52661639,113.9285167,3,3,1, 学府路,75,102,3,0,1, 南海大道,2574,525,-1, naviinfo,0,2016:01:18:19:44:06
2,22.52661639,113.9285167,16,102,0, 2016:01:18:19:32:03,0,2016:01:18:19:44:06,,,,,,,,,,
1,22.52660667,113.9285639,3,3,1, 学府路,70,102,3,0,1, 南海大道,2569,525,-1, naviinfo,0,2016:01:18:19:44:06
2,22.52660667,113.9285639,15,102,0, 2016:01:18:19:32:04,0,2016:01:18:19:44:06,,,,,,,,,,
1,22.52659722,113.9286108,4,4,1, 学府路,65,104,3,0,1, 南海大道,2564,524,-1, naviinfo,0,2016:01:18:19:44:06
2,22.52659722,113.9286108,14,104,0, 2016:01:18:19:32:05,0,2016:01:18:19:44:06,,,,,,,,,,
1,22.52657944,113.9286869,4,4,1, 学府路,57,104,3,0,1, 南海大道,2556,522,-1, naviinfo,0,2016:01:18:19:44:06
2,22.52657944,113.9286869,13,104,0, 2016:01:18:19:32:06,0,2016:01:18:19:44:06,,,,,,,,,,
1,22.52657167,113.9287203,4,4,1, 学府路,54,104,3,0,1, 南海大道,2553,522,-1, naviinfo,0,2016:01:18:19:44:06
2,22.52657167,113.9287203,12,104,0, 2016:01:18:19:32:07,0,2016:01:18:19:44:06,,,,,,,,,,
1,22.52654528,113.9288319,5,4,1, 学府路,41,112,3,0,1, 南海大道,2540,519,-1, naviinfo,0,2016:01:18:19:44:06
2,22.52654528,113.9288319,12,112,0, 2016:01:18:19:32:08,0,2016:01:18:19:44:06,,,,,,,,,,
1,22.526515,113.9289142,6,4,1, 学府路,32,122,3,0,1, 南海大道,2531,517,-1, naviinfo,0,2016:01:18:19:44:06
2,22.526515,113.9289142,13,122,0, 2016:01:18:19:32:09,0,2016:01:18:19:44:06,,,,,,,,,,
1,22.52646306,113.9290053,7,4,1, 学府路,21,136,3,0,1, 南海大道,2520,515,-1, naviinfo,0,2016:01:18:19:44:06
2,22.52646306,113.9290053,14,136,0, 2016:01:18:19:32:10,0,2016:01:18:19:44:06,,,,,,,,,,
1,22.52642306,113.9290464,7,4,1, 学府路,15,136,3,0,1, 南海大道,2514,514,-1, naviinfo,0,2016:01:18:19:44:06
2,22.52642306,113.9290464,15,136,0, 2016:01:18:19:32:11,0,2016:01:18:19:44:06,,,,,,,,,,
1,22.52636139,113.92911,7,4,1, 学府路,6,136,3,0,1, 南海大道,2505,512,-1, naviinfo,0,2016:01:18:19:44:06
2,22.52636139,113.92911,17,136,0, 2016:01:18:19:32:12,0,2016:01:18:19:44:06,,,,,,,,,,
1,22.52634278,113.9291292,7,4,1, 学府路,3,136,3,0,1, 南海大道,2502,512,-1, naviinfo,0,2016:01:18:19:44:06
2,22.52634278,113.9291292,17,136,0, 2016:01:18:19:32:13,0,2016:01:18:19:44:06,,,,,,,,,,
1,22.52632417,113.9291483,7,4,1, 学府路,0,136,3,0,1, 南海大道,2499,511,-1, naviinfo,0,2016:01:18:19:44:06
2,22.52632417,113.9291483,18,136,0, 2016:01:18:19:32:14,0,2016:01:18:19:44:06,,,,,,,,,,
1,22.52615806,113.9291472,0,0,2, 南海大道,70,181,5,0,1, 滨海南海立交桥,2481,509,-1, naviinfo,0,2016:01:18:19:44:06
2,22.52615806,113.9291472,19,181,0, 2016:01:18:19:32:15,0,2016:01:18:19:44:06,,,,,,,,,,
1,22.52613667,113.9291469,0,0,2, 南海大道,68,181,5,0,1, 滨海南海立交桥,2479,509,-1, naviinfo,0,2016:01:18:19:44:06
2,22.52613667,113.9291469,18,181,0, 2016:01:18:19:32:16,0,2016:01:18:19:44:06,,,,,,,,,,
1,22.52613667,113.9291469,0,0,2, 南海大道,68,181,5,0,1, 滨海南海立交桥,2479,509,-1, naviinfo,0,2016:01:18:19:44:06
2,22.52613667,113.9291469,16,181,0, 2016:01:18:19:32:17,0,2016:01:18:19:44:06,,,,,,,,,,
1,22.52613667,113.9291469,0,0,2, 南海大道,68,181,5,0,1, 滨海南海立交桥,2479,509,-1, naviinfo,0,2016:01:18:19:44:06
2,22.52613667,113.9291469,11,181,0, 2016:01:18:19:32:19,0,2016:01:18:19:44:06,,,,,,,,,,
1,22.52613667,113.9291469,0,0,2, 南海大道,68,181,5,0,1, 滨海南海立交桥,2479,509,-1, naviinfo,0,2016:01:18:19:44:06
2,22.52613667,113.9291469,13,181,0, 2016:01:18:19:32:21,0,2016:01:18:19:44:06,,,,,,,,,,
1,22.52613361,113.9291469,0,0,2, 南海大道,67,181,5,0,1, 滨海南海立交桥,2478,509,-1, naviinfo,0,2016:01:18:19:44:06
2,22.52613361,113.9291469,14,181,0, 2016:01:18:19:32:22,0,2016:01:18:19:44:06,,,,,,,,,,
1,22.52610028,113.9291464,0,0,2, 南海大道,64,181,5,0,1, 滨海南海立交桥,2475,509,-1, naviinfo,0,2016:01:18:19:44:06
2,22.52610028,113.9291464,15,181,0, 2016:01:18:19:32:23,0,2016:01:18:19:44:06,,,,,,,,,,
1,22.52606389,113.9291458,0,0,2, 南海大道,60,181,5,0,1, 滨海南海立交桥,2471,508,-1, naviinfo,0,2016:01:18:19:44:06
2,22.52606389,113.9291458,17,181,0, 2016:01:18:19:32:24,0,2016:01:18:19:44:06,,,,,,,,,,
1,22.52601722,113.9291453,0,0,2, 南海大道,55,181,5,0,1, 滨海南海立交桥,2466,508,-1, naviinfo,0,2016:01:18:19:44:06
2,22.52601722,113.9291453,17,181,0, 2016:01:18:19:32:25,0,2016:01:18:19:44:06,,,,,,,,,,
1,22.5259675,113.9291447,0,0,2, 南海大道,49,181,5,0,1, 滨海南海立交桥,2460,507,-1, naviinfo,0,2016:01:18:19:44:06
2,22.5259675,113.9291447,18,181,0, 2016:01:18:19:32:26,0,2016:01:18:19:44:06,,,,,,,,,,
1,22.52592417,113.9291442,0,0,2, 南海大道,44,181,5,0,1, 滨海南海立交桥,2455,494,-1, naviinfo,0,2016:01:18:19:44:06
2,22.52592417,113.9291442,18,181,0, 2016:01:18:19:32:27,0,2016:01:18:19:44:06,,,,,,,,,,
1,22.52588278,113.9291436,0,0,2, 南海大道,40,181,5,0,1, 滨海南海立交桥,2451,494,-1, naviinfo,0,2016:01:18:19:44:06
2,22.52588278,113.9291436,16,181,0, 2016:01:18:19:32:28,0,2016:01:18:19:44:06,,,,,,,,,,
1,22.52584611,113.9291431,0,0,2, 南海大道,36,181,5,0,1, 滨海南海立交桥,2447,493,-1, naviinfo,0,2016:01:18:19:44:06
2,22.52584611,113.9291431,15,181,0, 2016:01:18:19:32:29,0,2016:01:18:19:44:06,,,,,,,,,,
1,22.52581278,113.9291428,0,0,2, 南海大道,32,181,5,0,1, 滨海南海立交桥,2443,493,-1, naviinfo,0,2016:01:18:19:44:06
2,22.52581278,113.9291428,13,181,0, 2016:01:18:19:32:30,0,2016:01:18:19:44:06,,,,,,,,,,
1,22.52578778,113.9291425,0,0,2, 南海大道,29,181,5,0,1, 滨海南海立交桥,2440,493,-1, naviinfo,0,2016:01:18:19:44:06
2,22.52578778,113.9291425,9,181,0, 2016:01:18:19:32:31,0,2016:01:18:19:44:06,,,,,,,,,,
1,22.52577611,113.9291425,0,0,2, 南海大道,28,181,5,0,1, 滨海南海立交桥,2439,493,-1, naviinfo,0,2016:01:18:19:44:06
2,22.52577611,113.9291425,8,181,0, 2016:01:18:19:32:32,0,2016:01:18:19:44:06,,,,,,,,,,
1,22.52577472,113.9291425,0,0,2, 南海大道,28,181,5,0,1, 滨海南海立交桥,2439,493,-1, naviinfo,0,2016:01:18:19:44:06
2,22.52577472,113.9291425,5,181,0, 2016:01:18:19:32:34,0,2016:01:18:19:44:06,,,,,,,,,,
1,22.52575806,113.9291422,0,0,2, 南海大道,26,181,5,0,1, 滨海南海立交桥,2437,493,-1, naviinfo,0,2016:01:18:19:44:06
2,22.52575806,113.9291422,5,181,0, 2016:01:18:19:32:35,0,2016:01:18:19:44:06,,,,,,,,,,
1,22.525735,113.9291419,0,0,2, 南海大道,23,181,5,0,1, 滨海南海立交桥,2434,493,-1, naviinfo,0,2016:01:18:19:44:06
2,22.525735,113.9291419,7,181,0, 2016:01:18:19:32:36,0,2016:01:18:19:44:06,,,,,,,,,,
1,22.525705,113.9291417,0,0,2, 南海大道,20,181,5,0,1, 滨海南海立交桥,2431,492,-1, naviinfo,0,2016:01:18:19:44:06
2,22.525705,113.9291417,9,181,0, 2016:01:18:19:32:37,0,2016:01:18:19:44:06,,,,,,,,,,
1,22.52568528,113.9291414,0,0,2, 南海大道,18,181,5,0,1, 滨海南海立交桥,2429,492,-1, naviinfo,0,2016:01:18:19:44:06
2,22.52568528,113.9291414,10,181,0, 2016:01:18:19:32:38,0,2016:01:18:19:44:06,,,,,,,,,,
1,22.52567,113.9291411,0,0,2, 南海大道,16,181,5,0,1, 滨海南海立交桥,2427,492,-1, naviinfo,0,2016:01:18:19:44:06
2,22.52567,113.9291411,10,181,0, 2016:01:18:19:32:39,0,2016:01:18:19:44:06,,,,,,,,,,
1,22.52563,113.9291406,0,0,2, 南海大道,12,181,5,0,1, 滨海南海立交桥,2423,492,-1, naviinfo,0,2016:01:18:19:44:06
2,22.52563,113.9291406,10,181,0, 2016:01:18:19:32:40,0,2016:01:18:19:44:06,,,,,,,,,,
1,22.525625,113.9291406,0,0,2, 南海大道,11,180,5,0,1, 滨海南海立交桥,2422,492,-1, naviinfo,0,2016:01:18:19:44:06
2,22.525625,113.9291406,10,180,0, 2016:01:18:19:32:41,0,2016:01:18:19:44:06,,,,,,,,,,
1,22.52558639,113.9291372,1,1,2, 南海大道,7,185,5,0,1, 滨海南海立交桥,2418,491,-1, naviinfo,0,2016:01:18:19:44:06
2,22.52558639,113.9291372,11,185,0, 2016:01:18:19:32:42,0,2016:01:18:19:44:06,,,,,,,,,,
1,22.52554583,113.9291336,1,1,2, 南海大道,2,185,5,0,1, 滨海南海立交桥,2413,490,-1, naviinfo,0,2016:01:18:19:44:06
2,22.52554583,113.9291336,14,185,0, 2016:01:18:19:32:43,0,2016:01:18:19:44:06,,,,,,,,,,
1,22.52552528,113.9291319,1,1,2, 南海大道,0,184,5,0,1, 滨海南海立交桥,2411,489,-1, naviinfo,0,2016:01:18:19:44:06
2,22.52552528,113.9291319,16,184,0, 2016:01:18:19:32:44,0,2016:01:18:19:44:06,,,,,,,,,,
1,22.52542556,113.92908,1,0,3, 滨海南海立交桥,121,190,4,0,1, 滨海南海立交桥,2399,488,-1, naviinfo,0,2016:01:18:19:44:06
2,22.52542556,113.92908,18,190,0, 2016:01:18:19:32:45,0,2016:01:18:19:44:06,,,,,,,,,,
1,22.52537806,113.9290714,2,0,3, 滨海南海立交桥,116,181,4,0,1, 滨海南海立交桥,2394,487,-1, naviinfo,0,2016:01:18:19:44:06
2,22.52537806,113.9290714,22,181,0, 2016:01:18:19:32:46,0,2016:01:18:19:44:06,,,,,,,,,,
1,22.52531222,113.9290706,2,0,3, 滨海南海立交桥,108,181,4,0,1, 滨海南海立交桥,2386,486,-1, naviinfo,0,2016:01:18:19:44:06
2,22.52531222,113.9290706,25,181,0, 2016:01:18:19:32:47,0,2016:01:18:19:44:06,,,,,,,,,,
1,22.52523722,113.9290697,2,0,3, 滨海南海立交桥,100,181,4,0,1, 滨海南海立交桥,2378,485,-1, naviinfo,0,2016:01:18:19:44:06
2,22.52523722,113.9290697,29,181,0, 2016:01:18:19:32:48,0,2016:01:18:19:44:06,,,,,,,,,,
1,22.52516056,113.9290689,2,0,3, 滨海南海立交桥,92,181,4,0,1, 滨海南海立交桥,2370,484,-1, naviinfo,0,2016:01:18:19:44:06
2,22.52516056,113.9290689,30,181,0, 2016:01:18:19:32:49,0,2016:01:18:19:44:06,,,,,,,,,,
1,22.52507222,113.9290678,2,0,3, 滨海南海立交桥,82,181,4,0,1, 滨海南海立交桥,2360,483,-1, naviinfo,0,2016:01:18:19:44:06
2,22.52507222,113.9290678,33,181,0, 2016:01:18:19:32:50,0,2016:01:18:19:44:06,,,,,,,,,,
1,22.52498556,113.9290669,2,0,3, 滨海南海立交桥,72,181,4,0,1, 滨海南海立交桥,2350,482,-1, naviinfo,0,2016:01:18:19:44:06
2,22.52498556,113.9290669,34,181,0, 2016:01:18:19:32:51,0,2016:01:18:19:44:06,,,,,,,,,,
1,22.52489722,113.9290658,2,0,3, 滨海南海立交桥,62,181,4,0,1, 滨海南海立交桥,2340,481,-1, naviinfo,0,2016:01:18:19:44:06
2,22.52489722,113.9290658,35,181,0, 2016:01:18:19:32:52,0,2016:01:18:19:44:06,,,,,,,,,,
1,22.52480389,113.9290647,2,0,3, 滨海南海立交桥,52,181,4,0,1, 滨海南海立交桥,2330,480,-1, naviinfo,0,2016:01:18:19:44:06
2,22.52480389,113.9290647,36,181,0, 2016:01:18:19:32:53,0,2016:01:18:19:44:06,,,,,,,,,,
1,22.52470694,113.9290636,2,0,3, 滨海南海立交桥,41,181,4,0,1, 滨海南海立交桥,2319,479,-1, naviinfo,0,2016:01:18:19:44:06
2,22.52470694,113.9290636,38,181,0, 2016:01:18:19:32:54,0,2016:01:18:19:44:06,,,,,,,,,,
1,22.52462306,113.9290628,2,0,3, 滨海南海立交桥,32,181,4,0,1, 滨海南海立交桥,2310,478,-1, naviinfo,0,2016:01:18:19:44:06
2,22.52462306,113.9290628,39,181,0, 2016:01:18:19:32:55,0,2016:01:18:19:44:06,,,,,,,,,,
1,22.52451917,113.9290544,3,0,3, 滨海南海立交桥,21,184,4,0,1, 滨海南海立交桥,2299,476,-1, naviinfo,0,2016:01:18:19:44:06
2,22.52451917,113.9290544,39,184,0, 2016:01:18:19:32:56,0,2016:01:18:19:44:06,,,,,,,,,,
1,22.5244625,113.92905,3,0,3, 滨海南海立交桥,15,184,4,0,1, 滨海南海立交桥,2293,476,-1, naviinfo,0,2016:01:18:19:44:06
2,22.5244625,113.92905,39,184,0, 2016:01:18:19:32:57,0,2016:01:18:19:44:06,,,,,,,,,,
1,22.52433139,113.9289972,0,0,4, 滨海南海立交桥,398,192,5,0,1, 滨海南海立交桥,2278,474,-1, naviinfo,0,2016:01:18:19:44:06
2,22.52433139,113.9289972,38,192,0, 2016:01:18:19:32:58,0,2016:01:18:19:44:06,,,,,,,,,,
1,22.52425861,113.9289803,0,0,4, 滨海南海立交桥,389,192,5,0,1, 滨海南海立交桥,2269,473,-1, naviinfo,0,2016:01:18:19:44:06
2,22.52425861,113.9289803,37,192,0, 2016:01:18:19:32:59,0,2016:01:18:19:44:06,,,,,,,,,,
1,22.52420139,113.9289669,0,0,4, 滨海南海立交桥,383,192,5,0,1, 滨海南海立交桥,2263,473,-1, naviinfo,0,2016:01:18:19:44:06
2,22.52420139,113.9289669,36,192,0, 2016:01:18:19:33:00,0,2016:01:18:19:44:06,,,,,,,,,,
1,22.52413194,113.9289194,1,0,4, 滨海南海立交桥,374,212,5,0,1, 滨海南海立交桥,2254,472,-1, naviinfo,0,2016:01:18:19:44:06
2,22.52413194,113.9289194,35,212,0, 2016:01:18:19:33:01,0,2016:01:18:19:44:06,,,,,,,,,,
1,22.52403972,113.9288397,2,0,4, 滨海南海立交桥,361,219,5,0,1, 滨海南海立交桥,2241,470,-1, naviinfo,0,2016:01:18:19:44:06
2,22.52403972,113.9288397,34,219,0, 2016:01:18:19:33:02,0,2016:01:18:19:44:06,,,,,,,,,,
1,22.52397139,113.9287806,2,0,4, 滨海南海立交桥,351,219,5,0,1, 滨海南海立交桥,2231,469,-1, naviinfo,0,2016:01:18:19:44:06
2,22.52397139,113.9287806,35,219,0, 2016:01:18:19:33:03,0,2016:01:18:19:44:06,,,,,,,,,,
1,22.52390583,113.9287178,3,0,4, 滨海南海立交桥,342,222,5,0,1, 滨海南海立交桥,2222,469,-1, naviinfo,0,2016:01:18:19:44:06
2,22.52390583,113.9287178,36,222,0, 2016:01:18:19:33:04,0,2016:01:18:19:44:06,,,,,,,,,,
1,22.52383639,113.9286511,3,0,4, 滨海南海立交桥,332,222,5,0,1, 滨海南海立交桥,2212,468,-1, naviinfo,0,2016:01:18:19:44:06
2,22.52383639,113.9286511,37,222,0, 2016:01:18:19:33:05,0,2016:01:18:19:44:06,,,,,,,,,,
1,22.52376417,113.9285817,3,0,4, 滨海南海立交桥,321,222,5,0,1, 滨海南海立交桥,2201,466,-1, naviinfo,0,2016:01:18:19:44:06
2,22.52376417,113.9285817,38,222,0, 2016:01:18:19:33:06,0,2016:01:18:19:44:06,,,,,,,,,,
1,22.52368083,113.9285161,4,0,4, 滨海南海立交桥,309,216,5,0,1, 滨海南海立交桥,2189,465,-1, naviinfo,0,2016:01:18:19:44:06
2,22.52368083,113.9285161,38,216,0, 2016:01:18:19:33:07,0,2016:01:18:19:44:06,,,,,,,,,,
1,22.52358889,113.9284603,5,0,4, 滨海南海立交桥,298,209,5,0,1, 滨海南海立交桥,2178,464,-1, naviinfo,0,2016:01:18:19:44:06
2,22.52358889,113.9284603,38,209,0, 2016:01:18:19:33:08,0,2016:01:18:19:44:06,,,,,,,,,,
1,22.52350833,113.9284111,5,0,4, 滨海南海立交桥,287,209,5,0,1, 滨海南海立交桥,2167,463,-1, naviinfo,0,2016:01:18:19:44:06
2,22.52350833,113.9284111,37,209,0, 2016:01:18:19:33:09,0,2016:01:18:19:44:06,,,,,,,,,,
1,22.5234175,113.9283722,6,0,4, 滨海南海立交桥,276,198,5,0,1, 滨海南海立交桥,2156,462,-1, naviinfo,0,2016:01:18:19:44:06
2,22.5234175,113.9283722,35,198,0, 2016:01:18:19:33:10,0,2016:01:18:19:44:06,,,,,,,,,,
1,22.52332278,113.9283647,8,0,4, 滨海南海立交桥,266,180,5,0,1, 滨海南海立交桥,2146,461,-1, naviinfo,0,2016:01:18:19:44:06
2,22.52332278,113.9283647,34,180,0, 2016:01:18:19:33:11,0,2016:01:18:19:44:06,,,,,,,,,,
1,22.52323611,113.9283647,8,0,4, 滨海南海立交桥,256,180,5,0,1, 滨海南海立交桥,2136,460,-1, naviinfo,0,2016:01:18:19:44:06
2,22.52323611,113.9283647,33,180,0, 2016:01:18:19:33:12,0,2016:01:18:19:44:06,,,,,,,,,,
1,22.52317361,113.9283647,8,0,4, 滨海南海立交桥,249,180,5,0,1, 滨海南海立交桥,2129,459,-1, naviinfo,0,2016:01:18:19:44:06
2,22.52317361,113.9283647,33,180,0, 2016:01:18:19:33:13,0,2016:01:18:19:44:06,,,,,,,,,,
1,22.52305639,113.9283975,9,0,4, 滨海南海立交桥,235,165,5,0,1, 滨海南海立交桥,2115,458,-1, naviinfo,0,2016:01:18:19:44:06
2,22.52305639,113.9283975,34,165,0, 2016:01:18:19:33:14,0,2016:01:18:19:44:06,,,,,,,,,,
1,22.52303472,113.9284036,9,0,4, 滨海南海立交桥,233,165,5,0,1, 滨海南海立交桥,2113,458,-1, naviinfo,0,2016:01:18:19:44:06
2,22.52303472,113.9284036,35,165,0, 2016:01:18:19:33:15,0,2016:01:18:19:44:06,,,,,,,,,,
1,22.52292194,113.9284731,10,0,4, 滨海南海立交桥,219,150,5,0,1, 滨海南海立交桥,2099,456,-1, naviinfo,0,2016:01:18:19:44:06
2,22.52292194,113.9284731,35,150,0, 2016:01:18:19:33:16,0,2016:01:18:19:44:06,,,,,,,,,,
1,22.52287,113.9285206,11,0,4, 滨海南海立交桥,212,140,5,0,1, 滨海南海立交桥,2092,456,-1, naviinfo,0,2016:01:18:19:44:06
2,22.52287,113.9285206,36,140,0, 2016:01:18:19:33:17,0,2016:01:18:19:44:06,,,,,,,,,,
1,22.52281806,113.9285811,12,0,4, 滨海南海立交桥,203,133,5,0,1, 滨海南海立交桥,2083,455,-1, naviinfo,0,2016:01:18:19:44:06
2,22.52281806,113.9285811,37,133,0, 2016:01:18:19:33:18,0,2016:01:18:19:44:06,,,,,,,,,,
1,22.52276056,113.928675,13,0,4, 滨海南海立交桥,191,124,5,0,1, 滨海南海立交桥,2071,454,-1, naviinfo,0,2016:01:18:19:44:06
2,22.52276056,113.928675,37,124,0, 2016:01:18:19:33:19,0,2016:01:18:19:44:06,,,,,,,,,,
1,22.52273583,113.9287156,13,0,4, 滨海南海立交桥,186,123,5,0,1, 滨海南海立交桥,2066,453,-1, naviinfo,0,2016:01:18:19:44:06
2,22.52273583,113.9287156,38,123,0, 2016:01:18:19:33:20,0,2016:01:18:19:44:06,,,,,,,,,,
1,22.52270111,113.9287936,14,0,4, 滨海南海立交桥,178,116,5,0,1, 滨海南海立交桥,2058,452,-1, naviinfo,0,2016:01:18:19:44:06
2,22.52270111,113.9287936,42,116,0, 2016:01:18:19:33:21,0,2016:01:18:19:44:06,,,,,,,,,,
1,22.52266222,113.928915,15,0,4, 滨海南海立交桥,164,109,5,0,1, 滨海南海立交桥,2044,451,-1, naviinfo,0,2016:01:18:19:44:06
2,22.52266222,113.928915,45,109,0, 2016:01:18:19:33:22,0,2016:01:18:19:44:06,,,,,,,,,,
1,22.52259833,113.9291647,16,0,4, 滨海南海立交桥,138,106,5,0,1, 滨海南海立交桥,2018,449,-1, naviinfo,0,2016:01:18:19:44:06
2,22.52259833,113.9291647,47,106,0, 2016:01:18:19:33:23,0,2016:01:18:19:44:06,,,,,,,,,,
1,22.52256639,113.9292894,16,0,4, 滨海南海立交桥,124,106,5,0,1, 滨海南海立交桥,2004,447,-1, naviinfo,0,2016:01:18:19:44:06
2,22.52256639,113.9292894,47,106,0, 2016:01:18:19:33:24,0,2016:01:18:19:44:06,,,,,,,,,,
1,22.522535,113.9294119,16,0,4, 滨海南海立交桥,111,106,5,0,1, 滨海南海立交桥,1991,446,-1, naviinfo,0,2016:01:18:19:44:06
2,22.522535,113.9294119,47,106,0, 2016:01:18:19:33:25,0,2016:01:18:19:44:06,,,,,,,,,,
1,22.52249972,113.9295494,16,0,4, 滨海南海立交桥,97,106,5,0,1, 滨海南海立交桥,1977,445,-1, naviinfo,0,2016:01:18:19:44:06
2,22.52249972,113.9295494,48,106,0, 2016:01:18:19:33:26,0,2016:01:18:19:44:06,,,,,,,,,,
1,22.52246278,113.9296939,16,0,4, 滨海南海立交桥,81,106,5,0,1, 滨海南海立交桥,1961,443,-1, naviinfo,0,2016:01:18:19:44:06
2,22.52246278,113.9296939,50,106,0, 2016:01:18:19:33:27,0,2016:01:18:19:44:06,,,,,,,,,,
1,22.52246278,113.9296939,16,0,4, 滨海南海立交桥,81,106,5,0,1, 滨海南海立交桥,1961,443,-1, naviinfo,0,2016:01:18:19:44:06
1,22.52242,113.9298611,16,0,4, 滨海南海立交桥,63,106,5,0,1, 滨海南海立交桥,1943,441,-1, naviinfo,0,2016:01:18:19:44:06
2,22.52242,113.9298611,51,106,0, 2016:01:18:19:33:28,0,2016:01:18:19:44:06,,,,,,,,,,
1,22.52238083,113.9300139,16,0,4, 滨海南海立交桥,47,106,5,0,1, 滨海南海立交桥,1927,440,-1, naviinfo,0,2016:01:18:19:44:06
2,22.52238083,113.9300139,51,106,0, 2016:01:18:19:33:29,0,2016:01:18:19:44:06,,,,,,,,,,
1,22.52234528,113.9301522,16,0,4, 滨海南海立交桥,32,106,5,0,1, 滨海南海立交桥,1912,438,-1, naviinfo,0,2016:01:18:19:44:06
2,22.52234528,113.9301522,49,106,0, 2016:01:18:19:33:30,0,2016:01:18:19:44:06,,,,,,,,,,
1,22.52231222,113.9302808,16,0,4, 滨海南海立交桥,19,106,5,0,1, 滨海南海立交桥,1899,437,-1, naviinfo,0,2016:01:18:19:44:06
2,22.52231222,113.9302808,45,106,0, 2016:01:18:19:33:31,0,2016:01:18:19:44:06,,,,,,,,,,
1,22.52228111,113.9304022,16,0,4, 滨海南海立交桥,6,105,5,0,1, 滨海南海立交桥,1886,436,-1, naviinfo,0,2016:01:18:19:44:06
2,22.52228111,113.9304022,38,105,0, 2016:01:18:19:33:32,0,2016:01:18:19:44:06,,,,,,,,,,
1,22.5222675,113.9304556,16,0,4, 滨海南海立交桥,0,105,5,0,1, 滨海南海立交桥,1880,435,-1, naviinfo,0,2016:01:18:19:44:06
2,22.5222675,113.9304556,35,105,0, 2016:01:18:19:33:33,0,2016:01:18:19:44:06,,,,,,,,,,
1,22.52217778,113.93057,0,0,5, 滨海南海立交桥,241,128,5,0,1, 后海大道,1865,433,-1, naviinfo,0,2016:01:18:19:44:06
2,22.52217778,113.93057,33,128,0, 2016:01:18:19:33:34,0,2016:01:18:19:44:06,,,,,,,,,,
1,22.52213278,113.9306333,1,0,5, 滨海南海立交桥,233,125,5,0,1, 后海大道,1857,432,-1, naviinfo,0,2016:01:18:19:44:06
2,22.52213278,113.9306333,32,125,0, 2016:01:18:19:33:35,0,2016:01:18:19:44:06,,,,,,,,,,
1,22.52209194,113.9306964,1,0,5, 滨海南海立交桥,225,125,5,0,1, 后海大道,1849,430,-1, naviinfo,0,2016:01:18:19:44:06
2,22.52209194,113.9306964,30,125,0, 2016:01:18:19:33:36,0,2016:01:18:19:44:06,,,,,,,,,,
1,22.52206083,113.9307489,2,0,5, 滨海南海立交桥,219,118,5,0,1, 后海大道,1843,429,-1, naviinfo,0,2016:01:18:19:44:06
2,22.52206083,113.9307489,27,118,0, 2016:01:18:19:33:37,0,2016:01:18:19:44:06,,,,,,,,,,
1,22.52203389,113.9308047,2,0,5, 滨海南海立交桥,212,118,5,0,1, 后海大道,1836,428,-1, naviinfo,0,2016:01:18:19:44:06
2,22.52203389,113.9308047,25,118,0, 2016:01:18:19:33:38,0,2016:01:18:19:44:06,,,,,,,,,,
1,22.52200722,113.9308597,2,0,5, 滨海南海立交桥,206,118,5,0,1, 后海大道,1830,428,-1, naviinfo,0,2016:01:18:19:44:06
2,22.52200722,113.9308597,24,118,0, 2016:01:18:19:33:39,0,2016:01:18:19:44:06,,,,,,,,,,
1,22.52198222,113.9309114,2,0,5, 滨海南海立交桥,200,118,5,0,1, 后海大道,1824,427,-1, naviinfo,0,2016:01:18:19:44:06
2,22.52198222,113.9309114,23,118,0, 2016:01:18:19:33:40,0,2016:01:18:19:44:06,,,,,,,,,,
1,22.52195861,113.9309603,2,0,5, 滨海南海立交桥,194,118,5,0,1, 后海大道,1818,426,-1, naviinfo,0,2016:01:18:19:44:06
2,22.52195861,113.9309603,22,118,0, 2016:01:18:19:33:41,0,2016:01:18:19:44:06,,,,,,,,,,
1,22.52193611,113.9310067,2,0,5, 滨海南海立交桥,189,118,5,0,1, 后海大道,1813,425,-1, naviinfo,0,2016:01:18:19:44:06
2,22.52193611,113.9310067,21,118,0, 2016:01:18:19:33:42,0,2016:01:18:19:44:06,,,,,,,,,,
1,22.52192167,113.9310669,3,1,5, 滨海大道辅路,183,105,5,0,1, 后海大道,1807,424,-1, naviinfo,0,2016:01:18:19:44:06
2,22.52192167,113.9310669,21,105,0, 2016:01:18:19:33:43,0,2016:01:18:19:44:06,,,,,,,,,,
1,22.52191028,113.9311147,3,1,5, 滨海大道辅路,178,105,5,0,1, 后海大道,1802,423,-1, naviinfo,0,2016:01:18:19:44:06
2,22.52191028,113.9311147,20,105,0, 2016:01:18:19:33:44,0,2016:01:18:19:44:06,,,,,,,,,,
1,22.52189778,113.9311667,3,1,5, 滨海大道辅路,172,105,5,0,1, 后海大道,1796,422,-1, naviinfo,0,2016:01:18:19:44:06
2,22.52189778,113.9311667,20,105,0, 2016:01:18:19:33:45,0,2016:01:18:19:44:06,,,,,,,,,,
1,22.52188583,113.9312161,3,1,5, 滨海大道辅路,167,105,5,0,1, 后海大道,1791,422,-1, naviinfo,0,2016:01:18:19:44:06
2,22.52188583,113.9312161,20,105,0, 2016:01:18:19:33:46,0,2016:01:18:19:44:06,,,,,,,,,,
1,22.52187278,113.93127,3,1,5, 滨海大道辅路,161,105,5,0,1, 后海大道,1785,421,-1, naviinfo,0,2016:01:18:19:44:06
2,22.52187278,113.93127,20,105,0, 2016:01:18:19:33:47,0,2016:01:18:19:44:06,,,,,,,,,,
1,22.52185889,113.9313281,3,1,5, 滨海大道辅路,155,105,5,0,1, 后海大道,1779,420,-1, naviinfo,0,2016:01:18:19:44:06
2,22.52185889,113.9313281,21,105,0, 2016:01:18:19:33:48,0,2016:01:18:19:44:06,,,,,,,,,,
1,22.521845,113.9313858,3,1,5, 滨海大道辅路,149,105,5,0,1, 后海大道,1773,419,-1, naviinfo,0,2016:01:18:19:44:06
2,22.521845,113.9313858,22,105,0, 2016:01:18:19:33:49,0,2016:01:18:19:44:06,,,,,,,,,,
1,22.52183194,113.9314408,4,1,5, 滨海大道辅路,143,109,5,0,1, 后海大道,1767,418,-1, naviinfo,0,2016:01:18:19:44:06
2,22.52183194,113.9314408,21,109,0, 2016:01:18:19:33:50,0,2016:01:18:19:44:06,,,,,,,,,,
1,22.5218175,113.9314869,4,1,5, 滨海大道辅路,138,109,5,0,1, 后海大道,1762,417,-1, naviinfo,0,2016:01:18:19:44:06
2,22.5218175,113.9314869,20,109,0, 2016:01:18:19:33:51,0,2016:01:18:19:44:06,,,,,,,,,,
1,22.52181028,113.93151,4,1,5, 滨海大道辅路,135,109,5,0,1, 后海大道,1759,417,-1, naviinfo,0,2016:01:18:19:44:06
2,22.52181028,113.93151,19,109,0, 2016:01:18:19:33:52,0,2016:01:18:19:44:06,,,,,,,,,,
1,22.52179694,113.9315711,5,2,5, 滨海大道辅路,129,103,5,0,1, 后海大道,1753,416,-1, naviinfo,0,2016:01:18:19:44:06
2,22.52179694,113.9315711,17,103,0, 2016:01:18:19:33:53,0,2016:01:18:19:44:06,,,,,,,,,,
1,22.52178833,113.9316108,5,2,5, 滨海大道辅路,125,103,5,0,1, 后海大道,1749,416,-1, naviinfo,0,2016:01:18:19:44:06
2,22.52178833,113.9316108,17,103,0, 2016:01:18:19:33:54,0,2016:01:18:19:44:06,,,,,,,,,,
1,22.52177806,113.9316589,5,2,5, 滨海大道辅路,119,103,5,0,1, 后海大道,1743,415,-1, naviinfo,0,2016:01:18:19:44:06
2,22.52177806,113.9316589,18,103,0, 2016:01:18:19:33:55,0,2016:01:18:19:44:06,,,,,,,,,,
1,22.52176722,113.9317092,5,2,5, 滨海大道辅路,114,103,5,0,1, 后海大道,1738,414,-1, naviinfo,0,2016:01:18:19:44:06
2,22.52176722,113.9317092,19,103,0, 2016:01:18:19:33:56,0,2016:01:18:19:44:06,,,,,,,,,,
1,22.52175444,113.9317678,5,2,5, 滨海大道辅路,108,103,5,0,1, 后海大道,1732,413,-1, naviinfo,0,2016:01:18:19:44:06
2,22.52175444,113.9317678,20,103,0, 2016:01:18:19:33:57,0,2016:01:18:19:44:06,,,,,,,,,,
1,22.52174139,113.9318281,5,2,5, 滨海大道辅路,102,103,5,0,1, 后海大道,1726,413,-1, naviinfo,0,2016:01:18:19:44:06
2,22.52174139,113.9318281,21,103,0, 2016:01:18:19:33:58,0,2016:01:18:19:44:06,,,,,,,,,,
1,22.52172778,113.9318911,5,2,5, 滨海大道辅路,95,103,5,0,1, 后海大道,1719,412,-1, naviinfo,0,2016:01:18:19:44:06
2,22.52172778,113.9318911,22,103,0, 2016:01:18:19:33:59,0,2016:01:18:19:44:06,,,,,,,,,,
1,22.52171306,113.9319586,5,2,5, 滨海大道辅路,88,103,5,0,1, 后海大道,1712,411,-1, naviinfo,0,2016:01:18:19:44:06
2,22.52171306,113.9319586,23,103,0, 2016:01:18:19:34:00,0,2016:01:18:19:44:06,,,,,,,,,,
1,22.52170139,113.9320125,5,2,5, 滨海大道辅路,82,103,5,0,1, 后海大道,1706,410,-1, naviinfo,0,2016:01:18:19:44:06
2,22.52170139,113.9320125,20,103,0, 2016:01:18:19:34:01,0,2016:01:18:19:44:06,,,,,,,,,,
1,22.52169417,113.9320456,5,2,5, 滨海大道辅路,79,103,5,0,1, 后海大道,1703,410,-1, naviinfo,0,2016:01:18:19:44:06
2,22.52169417,113.9320456,15,103,0, 2016:01:18:19:34:02,0,2016:01:18:19:44:06,,,,,,,,,,
1,22.52168972,113.9320667,5,2,5, 滨海大道辅路,76,103,5,0,1, 后海大道,1700,409,-1, naviinfo,0,2016:01:18:19:44:06
2,22.52168972,113.9320667,11,103,0, 2016:01:18:19:34:03,0,2016:01:18:19:44:06,,,,,,,,,,
1,22.52168944,113.9320686,5,2,5, 滨海大道辅路,76,103,5,0,1, 后海大道,1700,409,-1, naviinfo,0,2016:01:18:19:44:06
2,22.52168944,113.9320686,10,103,0, 2016:01:18:19:34:04,0,2016:01:18:19:44:06,,,,,,,,,,
1,22.52168694,113.9320806,5,2,5, 滨海大道辅路,75,103,5,0,1, 后海大道,1699,409,-1, naviinfo,0,2016:01:18:19:44:06
2,22.52168694,113.9320806,8,103,0, 2016:01:18:19:34:05,0,2016:01:18:19:44:06,,,,,,,,,,
1,22.52168444,113.9320925,5,2,5, 滨海大道辅路,74,103,5,0,1, 后海大道,1698,409,-1, naviinfo,0,2016:01:18:19:44:06
2,22.52168444,113.9320925,7,103,0, 2016:01:18:19:34:06,0,2016:01:18:19:44:06,,,,,,,,,,
1,22.52168,113.9321133,5,2,5, 滨海大道辅路,72,103,5,0,1, 后海大道,1696,409,-1, naviinfo,0,2016:01:18:19:44:06
2,22.52168,113.9321133,9,103,0, 2016:01:18:19:34:07,0,2016:01:18:19:44:06,,,,,,,,,,
1,22.5216725,113.9321483,5,2,5, 滨海大道辅路,68,103,5,0,1, 后海大道,1692,408,-1, naviinfo,0,2016:01:18:19:44:06
2,22.5216725,113.9321483,11,103,0, 2016:01:18:19:34:08,0,2016:01:18:19:44:06,,,,,,,,,,
1,22.52166389,113.9321883,5,2,5, 滨海大道辅路,64,103,5,0,1, 后海大道,1688,408,-1, naviinfo,0,2016:01:18:19:44:06
2,22.52166389,113.9321883,14,103,0, 2016:01:18:19:34:09,0,2016:01:18:19:44:06,,,,,,,,,,
1,22.52165444,113.9322311,5,2,5, 滨海大道辅路,59,103,5,0,1, 后海大道,1683,407,-1, naviinfo,0,2016:01:18:19:44:06
2,22.52165444,113.9322311,16,103,0, 2016:01:18:19:34:10,0,2016:01:18:19:44:06,,,,,,,,,,
1,22.52164389,113.9322794,5,2,5, 滨海大道辅路,54,103,5,0,1, 后海大道,1678,406,-1, naviinfo,0,2016:01:18:19:44:06
2,22.52164389,113.9322794,19,103,0, 2016:01:18:19:34:11,0,2016:01:18:19:44:06,,,,,,,,,,
1,22.52162917,113.9323467,5,2,5, 滨海大道辅路,47,103,5,0,1, 后海大道,1671,405,-1, naviinfo,0,2016:01:18:19:44:06
2,22.52162917,113.9323467,22,103,0, 2016:01:18:19:34:12,0,2016:01:18:19:44:06,,,,,,,,,,
1,22.521615,113.9324114,5,2,5, 滨海大道辅路,40,103,5,0,1, 后海大道,1664,404,-1, naviinfo,0,2016:01:18:19:44:06
2,22.521615,113.9324114,23,103,0, 2016:01:18:19:34:13,0,2016:01:18:19:44:06,,,,,,,,,,
1,22.5216,113.93248,5,2,5, 滨海大道辅路,33,103,5,0,1, 后海大道,1657,403,-1, naviinfo,0,2016:01:18:19:44:06
2,22.5216,113.93248,24,103,0, 2016:01:18:19:34:14,0,2016:01:18:19:44:06,,,,,,,,,,
1,22.52158472,113.9325506,5,2,5, 滨海大道辅路,25,103,5,0,1, 后海大道,1649,402,-1, naviinfo,0,2016:01:18:19:44:06
2,22.52158472,113.9325506,24,103,0, 2016:01:18:19:34:15,0,2016:01:18:19:44:06,,,,,,,,,,
1,22.5215675,113.9326303,5,2,5, 滨海大道辅路,17,103,5,0,1, 后海大道,1641,401,-1, naviinfo,0,2016:01:18:19:44:06
2,22.5215675,113.9326303,26,103,0, 2016:01:18:19:34:16,0,2016:01:18:19:44:06,,,,,,,,,,
1,22.52154917,113.9327136,5,2,5, 滨海大道辅路,8,103,5,0,1, 后海大道,1632,400,-1, naviinfo,0,2016:01:18:19:44:06
2,22.52154917,113.9327136,27,103,0, 2016:01:18:19:34:17,0,2016:01:18:19:44:06,,,,,,,,,,
1,22.5215325,113.9327903,5,2,5, 滨海大道辅路,0,103,5,0,1, 后海大道,1624,399,-1, naviinfo,0,2016:01:18:19:44:06
2,22.5215325,113.9327903,27,103,0, 2016:01:18:19:34:18,0,2016:01:18:19:44:06,,,,,,,,,,
1,22.52149639,113.9328475,0,0,6, 后海大道,556,121,8,0,1, 后海大道,1618,398,-1, naviinfo,0,2016:01:18:19:44:06
2,22.52149639,113.9328475,27,121,0, 2016:01:18:19:34:19,0,2016:01:18:19:44:06,,,,,,,,,,
1,22.52145667,113.9329189,0,0,6, 后海大道,547,121,8,0,1, 后海大道,1609,397,-1, naviinfo,0,2016:01:18:19:44:06
2,22.52145667,113.9329189,27,121,0, 2016:01:18:19:34:20,0,2016:01:18:19:44:06,,,,,,,,,,
1,22.521415,113.9329944,0,0,6, 后海大道,538,121,8,0,1, 后海大道,1600,396,-1, naviinfo,0,2016:01:18:19:44:06
2,22.521415,113.9329944,29,121,0, 2016:01:18:19:34:21,0,2016:01:18:19:44:06,,,,,,,,,,
1,22.52132556,113.9330842,1,0,6, 后海大道,524,137,8,0,1, 后海大道,1586,394,-1, naviinfo,0,2016:01:18:19:44:06
2,22.52132556,113.9330842,31,137,0, 2016:01:18:19:34:22,0,2016:01:18:19:44:06,,,,,,,,,,
1,22.52129472,113.9331147,1,0,6, 后海大道,520,137,8,0,1, 后海大道,1582,393,-1, naviinfo,0,2016:01:18:19:44:06
2,22.52129472,113.9331147,31,137,0, 2016:01:18:19:34:23,0,2016:01:18:19:44:06,,,,,,,,,,
1,22.52125444,113.9331419,2,0,6, 后海大道,514,150,8,0,1, 后海大道,1576,392,-1, naviinfo,0,2016:01:18:19:44:06
2,22.52125444,113.9331419,33,150,0, 2016:01:18:19:34:24,0,2016:01:18:19:44:06,,,,,,,,,,
1,22.52114167,113.9331939,3,0,6, 后海大道,500,157,8,0,1, 后海大道,1562,391,-1, naviinfo,0,2016:01:18:19:44:06
2,22.52114167,113.9331939,34,157,0, 2016:01:18:19:34:25,0,2016:01:18:19:44:06,,,,,,,,,,
1,22.52104639,113.9332156,4,0,6, 后海大道,490,168,8,0,1, 后海大道,1552,389,-1, naviinfo,0,2016:01:18:19:44:06
2,22.52104639,113.9332156,33,168,0, 2016:01:18:19:34:26,0,2016:01:18:19:44:06,,,,,,,,,,
1,22.52096806,113.9332156,5,0,6, 后海大道,481,180,8,0,1, 后海大道,1543,392,-1, naviinfo,0,2016:01:18:19:44:06
2,22.52096806,113.9332156,33,180,0, 2016:01:18:19:34:27,0,2016:01:18:19:44:06,,,,,,,,,,
1,22.52089583,113.9332122,6,1,6, 后海大道,473,183,8,0,1, 后海大道,1535,391,-1, naviinfo,0,2016:01:18:19:44:06
2,22.52089583,113.9332122,32,183,0, 2016:01:18:19:34:28,0,2016:01:18:19:44:06,,,,,,,,,,
1,22.52081667,113.9332083,6,1,6, 后海大道,464,183,8,0,1, 后海大道,1526,389,-1, naviinfo,0,2016:01:18:19:44:06
2,22.52081667,113.9332083,32,183,0, 2016:01:18:19:34:29,0,2016:01:18:19:44:06,,,,,,,,,,
1,22.52078639,113.9332069,6,1,6, 后海大道,461,182,8,0,1, 后海大道,1523,389,-1, naviinfo,0,2016:01:18:19:44:06
2,22.52078639,113.9332069,33,182,0, 2016:01:18:19:34:30,0,2016:01:18:19:44:06,,,,,,,,,,
1,22.52067861,113.9331742,7,1,6, 后海大道,449,196,8,0,1, 后海大道,1511,387,-1, naviinfo,0,2016:01:18:19:44:06
2,22.52067861,113.9331742,34,196,0, 2016:01:18:19:34:31,0,2016:01:18:19:44:06,,,,,,,,,,
1,22.5205775,113.9331433,7,1,6, 后海大道,437,196,8,0,1, 后海大道,1499,385,-1, naviinfo,0,2016:01:18:19:44:06
2,22.5205775,113.9331433,36,196,0, 2016:01:18:19:34:32,0,2016:01:18:19:44:06,,,,,,,,,,
1,22.52048333,113.9331147,7,1,6, 后海大道,426,196,8,0,1, 后海大道,1488,383,-1, naviinfo,0,2016:01:18:19:44:06
2,22.52048333,113.9331147,37,196,0, 2016:01:18:19:34:33,0,2016:01:18:19:44:06,,,,,,,,,,
1,22.52039111,113.9330867,7,1,6, 后海大道,415,196,8,0,1, 后海大道,1477,381,-1, naviinfo,0,2016:01:18:19:44:06
2,22.52039111,113.9330867,38,196,0, 2016:01:18:19:34:34,0,2016:01:18:19:44:06,,,,,,,,,,
1,22.52029694,113.9330581,7,1,6, 后海大道,405,196,8,0,1, 后海大道,1467,379,-1, naviinfo,0,2016:01:18:19:44:06
2,22.52029694,113.9330581,38,196,0, 2016:01:18:19:34:35,0,2016:01:18:19:44:06,,,,,,,,,,
1,22.52019111,113.9330308,8,1,6, 后海大道,393,189,8,0,1, 后海大道,1455,377,-1, naviinfo,0,2016:01:18:19:44:06
2,22.52019111,113.9330308,38,189,0, 2016:01:18:19:34:36,0,2016:01:18:19:44:06,,,,,,,,,,
1,22.52008111,113.933025,9,1,6, 后海大道,380,180,8,0,1, 后海大道,1442,375,-1, naviinfo,0,2016:01:18:19:44:06
2,22.52008111,113.933025,36,180,0, 2016:01:18:19:34:37,0,2016:01:18:19:44:06,,,,,,,,,,
1,22.51999944,113.933025,9,1,6, 后海大道,371,180,8,0,1, 后海大道,1433,374,-1, naviinfo,0,2016:01:18:19:44:06
2,22.51999944,113.933025,34,180,0, 2016:01:18:19:34:38,0,2016:01:18:19:44:06,,,,,,,,,,
1,22.51992444,113.933025,9,1,6, 后海大道,363,180,8,0,1, 后海大道,1425,372,-1, naviinfo,0,2016:01:18:19:44:06
2,22.51992444,113.933025,30,180,0, 2016:01:18:19:34:39,0,2016:01:18:19:44:06,,,,,,,,,,
1,22.51989528,113.9330244,10,1,6, 后海大道,360,194,8,0,1, 后海大道,1422,372,-1, naviinfo,0,2016:01:18:19:44:06
2,22.51989528,113.9330244,27,194,0, 2016:01:18:19:34:40,0,2016:01:18:19:44:06,,,,,,,,,,
1,22.51984306,113.93301,10,1,6, 后海大道,354,194,8,0,1, 后海大道,1416,371,-1, naviinfo,0,2016:01:18:19:44:06
2,22.51984306,113.93301,24,194,0, 2016:01:18:19:34:41,0,2016:01:18:19:44:06,,,,,,,,,,
1,22.51979111,113.9329956,10,1,6, 后海大道,348,194,8,0,1, 后海大道,1410,370,-1, naviinfo,0,2016:01:18:19:44:06
2,22.51979111,113.9329956,22,194,0, 2016:01:18:19:34:42,0,2016:01:18:19:44:06,,,,,,,,,,
1,22.51974194,113.9329817,10,1,6, 后海大道,342,194,8,0,1, 后海大道,1404,369,-1, naviinfo,0,2016:01:18:19:44:06
2,22.51974194,113.9329817,20,194,0, 2016:01:18:19:34:43,0,2016:01:18:19:44:06,,,,,,,,,,
1,22.51970972,113.9329728,10,1,6, 后海大道,339,194,8,0,1, 后海大道,1401,368,-1, naviinfo,0,2016:01:18:19:44:06
2,22.51970972,113.9329728,16,194,0, 2016:01:18:19:34:44,0,2016:01:18:19:44:06,,,,,,,,,,
1,22.51968139,113.932965,10,1,6, 后海大道,336,194,8,0,1, 后海大道,1398,368,-1, naviinfo,0,2016:01:18:19:44:06
2,22.51968139,113.932965,12,194,0, 2016:01:18:19:34:45,0,2016:01:18:19:44:06,,,,,,,,,,
1,22.51965861,113.9329586,10,1,6, 后海大道,333,195,8,0,1, 后海大道,1395,367,-1, naviinfo,0,2016:01:18:19:44:06
2,22.51965861,113.9329586,10,195,0, 2016:01:18:19:34:46,0,2016:01:18:19:44:06,,,,,,,,,,
1,22.51964167,113.9329539,10,1,6, 后海大道,331,195,8,0,1, 后海大道,1393,367,-1, naviinfo,0,2016:01:18:19:44:06
2,22.51964167,113.9329539,8,195,0, 2016:01:18:19:34:47,0,2016:01:18:19:44:06,,,,,,,,,,
1,22.51961972,113.9329478,10,1,6, 后海大道,328,195,8,0,1, 后海大道,1390,366,-1, naviinfo,0,2016:01:18:19:44:06
2,22.51961972,113.9329478,9,195,0, 2016:01:18:19:34:48,0,2016:01:18:19:44:06,,,,,,,,,,
1,22.51958917,113.9329392,10,1,6, 后海大道,325,195,8,0,1, 后海大道,1387,366,-1, naviinfo,0,2016:01:18:19:44:06
2,22.51958917,113.9329392,11,195,0, 2016:01:18:19:34:49,0,2016:01:18:19:44:06,,,,,,,,,,
1,22.51955472,113.9329294,10,1,6, 后海大道,321,195,8,0,1, 后海大道,1383,365,-1, naviinfo,0,2016:01:18:19:44:06
2,22.51955472,113.9329294,13,195,0, 2016:01:18:19:34:50,0,2016:01:18:19:44:06,,,,,,,,,,
1,22.51951917,113.9329194,10,1,6, 后海大道,317,195,8,0,1, 后海大道,1379,365,-1, naviinfo,0,2016:01:18:19:44:06
2,22.51951917,113.9329194,14,195,0, 2016:01:18:19:34:51,0,2016:01:18:19:44:06,,,,,,,,,,
1,22.51948139,113.9329092,11,2,6, 后海大道,313,193,8,0,1, 后海大道,1375,363,-1, naviinfo,0,2016:01:18:19:44:06
2,22.51948139,113.9329092,14,193,0, 2016:01:18:19:34:52,0,2016:01:18:19:44:06,,,,,,,,,,
1,22.51944083,113.9328992,11,2,6, 后海大道,308,193,8,0,1, 后海大道,1370,360,-1, naviinfo,0,2016:01:18:19:44:06
2,22.51944083,113.9328992,15,193,0, 2016:01:18:19:34:53,0,2016:01:18:19:44:06,,,,,,,,,,
1,22.5194,113.9328889,11,2,6, 后海大道,303,193,8,0,1, 后海大道,1365,356,-1, naviinfo,0,2016:01:18:19:44:06
2,22.5194,113.9328889,16,193,0, 2016:01:18:19:34:54,0,2016:01:18:19:44:06,,,,,,,,,,
1,22.51935944,113.9328786,11,2,6, 后海大道,299,193,8,0,1, 后海大道,1361,353,-1, naviinfo,0,2016:01:18:19:44:06
2,22.51935944,113.9328786,17,193,0, 2016:01:18:19:34:55,0,2016:01:18:19:44:06,,,,,,,,,,
1,22.51931944,113.9328686,11,2,6, 后海大道,294,193,8,0,1, 后海大道,1356,349,-1, naviinfo,0,2016:01:18:19:44:06
2,22.51931944,113.9328686,16,193,0, 2016:01:18:19:34:56,0,2016:01:18:19:44:06,,,,,,,,,,
1,22.51927694,113.9328581,11,2,6, 后海大道,289,193,8,0,1, 后海大道,1351,346,-1, naviinfo,0,2016:01:18:19:44:06
2,22.51927694,113.9328581,17,193,0, 2016:01:18:19:34:57,0,2016:01:18:19:44:06,,,,,,,,,,
1,22.51923417,113.9328475,11,2,6, 后海大道,285,193,8,0,1, 后海大道,1347,343,-1, naviinfo,0,2016:01:18:19:44:06
2,22.51923417,113.9328475,17,193,0, 2016:01:18:19:34:58,0,2016:01:18:19:44:06,,,,,,,,,,
1,22.519195,113.9328378,11,2,6, 后海大道,280,193,8,0,1, 后海大道,1342,339,-1, naviinfo,0,2016:01:18:19:44:06
2,22.519195,113.9328378,16,193,0, 2016:01:18:19:34:59,0,2016:01:18:19:44:06,,,,,,,,,,
1,22.51915861,113.9328286,11,2,6, 后海大道,276,193,8,0,1, 后海大道,1338,336,-1, naviinfo,0,2016:01:18:19:44:06
2,22.51915861,113.9328286,15,193,0, 2016:01:18:19:35:00,0,2016:01:18:19:44:06,,,,,,,,,,
1,22.51912917,113.9328211,11,2,6, 后海大道,273,193,8,0,1, 后海大道,1335,334,-1, naviinfo,0,2016:01:18:19:44:06
2,22.51912917,113.9328211,13,193,0, 2016:01:18:19:35:01,0,2016:01:18:19:44:06,,,,,,,,,,
1,22.51910444,113.932815,11,2,6, 后海大道,270,193,8,0,1, 后海大道,1332,332,-1, naviinfo,0,2016:01:18:19:44:06
2,22.51910444,113.932815,11,193,0, 2016:01:18:19:35:02,0,2016:01:18:19:44:06,,,,,,,,,,
1,22.51908389,113.93281,11,2,6, 后海大道,267,193,8,0,1, 后海大道,1329,330,-1, naviinfo,0,2016:01:18:19:44:06
2,22.51908389,113.93281,10,193,0, 2016:01:18:19:35:03,0,2016:01:18:19:44:06,,,,,,,,,,
1,22.51907139,113.9328069,11,2,6, 后海大道,266,193,8,0,1, 后海大道,1328,329,-1, naviinfo,0,2016:01:18:19:44:06
2,22.51907139,113.9328069,8,193,0, 2016:01:18:19:35:04,0,2016:01:18:19:44:06,,,,,,,,,,
1,22.51906278,113.9328047,11,2,6, 后海大道,265,193,8,0,1, 后海大道,1327,328,-1, naviinfo,0,2016:01:18:19:44:06
2,22.51906278,113.9328047,6,193,0, 2016:01:18:19:35:05,0,2016:01:18:19:44:06,,,,,,,,,,
1,22.51906278,113.9328047,11,2,6, 后海大道,265,193,8,0,1, 后海大道,1327,328,-1, naviinfo,0,2016:01:18:19:44:06
2,22.51906278,113.9328047,6,193,0, 2016:01:18:19:35:10,0,2016:01:18:19:44:06,,,,,,,,,,
1,22.51906278,113.9328047,11,2,6, 后海大道,265,193,8,0,1, 后海大道,1327,328,-1, naviinfo,0,2016:01:18:19:44:06
2,22.51906278,113.9328047,6,193,0, 2016:01:18:19:35:15,0,2016:01:18:19:44:06,,,,,,,,,,
1,22.51906278,113.9328047,11,2,6, 后海大道,265,193,8,0,1, 后海大道,1327,328,-1, naviinfo,0,2016:01:18:19:44:06
2,22.51906278,113.9328047,6,193,0, 2016:01:18:19:35:20,0,2016:01:18:19:44:06,,,,,,,,,,
1,22.51906278,113.9328047,11,2,6, 后海大道,265,193,8,0,1, 后海大道,1327,328,-1, naviinfo,0,2016:01:18:19:44:06
2,22.51906278,113.9328047,6,193,0, 2016:01:18:19:35:25,0,2016:01:18:19:44:06,,,,,,,,,,
1,22.51906278,113.9328047,11,2,6, 后海大道,265,193,8,0,1, 后海大道,1327,328,-1, naviinfo,0,2016:01:18:19:44:06
2,22.51906278,113.9328047,6,193,0, 2016:01:18:19:35:30,0,2016:01:18:19:44:06,,,,,,,,,,
1,22.51906278,113.9328047,11,2,6, 后海大道,265,193,8,0,1, 后海大道,1327,328,-1, naviinfo,0,2016:01:18:19:44:06
2,22.51906278,113.9328047,6,193,0, 2016:01:18:19:35:35,0,2016:01:18:19:44:06,,,,,,,,,,
1,22.51906278,113.9328047,11,2,6, 后海大道,265,193,8,0,1, 后海大道,1327,328,-1, naviinfo,0,2016:01:18:19:44:06
2,22.51906278,113.9328047,6,193,0, 2016:01:18:19:35:40,0,2016:01:18:19:44:06,,,,,,,,,,
1,22.51906278,113.9328047,11,2,6, 后海大道,265,193,8,0,1, 后海大道,1327,328,-1, naviinfo,0,2016:01:18:19:44:06
2,22.51906278,113.9328047,6,193,0, 2016:01:18:19:35:45,0,2016:01:18:19:44:06,,,,,,,,,,
1,22.51906278,113.9328047,11,2,6, 后海大道,265,193,8,0,1, 后海大道,1327,328,-1, naviinfo,0,2016:01:18:19:44:06
2,22.51906278,113.9328047,6,193,0, 2016:01:18:19:35:50,0,2016:01:18:19:44:06,,,,,,,,,,
1,22.51906278,113.9328047,11,2,6, 后海大道,265,193,8,0,1, 后海大道,1327,328,-1, naviinfo,0,2016:01:18:19:44:06
2,22.51906278,113.9328047,6,193,0, 2016:01:18:19:35:55,0,2016:01:18:19:44:06,,,,,,,,,,
1,22.51906278,113.9328047,11,2,6, 后海大道,265,193,8,0,1, 后海大道,1327,328,-1, naviinfo,0,2016:01:18:19:44:06
2,22.51906278,113.9328047,6,193,0, 2016:01:18:19:36:00,0,2016:01:18:19:44:06,,,,,,,,,,
1,22.51906278,113.9328047,11,2,6, 后海大道,265,193,8,0,1, 后海大道,1327,328,-1, naviinfo,0,2016:01:18:19:44:06
2,22.51906278,113.9328047,6,193,0, 2016:01:18:19:36:05,0,2016:01:18:19:44:06,,,,,,,,,,
1,22.51906278,113.9328047,11,2,6, 后海大道,265,193,8,0,1, 后海大道,1327,328,-1, naviinfo,0,2016:01:18:19:44:06
2,22.51906278,113.9328047,6,193,0, 2016:01:18:19:36:10,0,2016:01:18:19:44:06,,,,,,,,,,
1,22.51906278,113.9328047,11,2,6, 后海大道,265,193,8,0,1, 后海大道,1327,328,-1, naviinfo,0,2016:01:18:19:44:06
2,22.51906278,113.9328047,6,193,0, 2016:01:18:19:36:15,0,2016:01:18:19:44:06,,,,,,,,,,
1,22.51906278,113.9328047,11,2,6, 后海大道,265,193,8,0,1, 后海大道,1327,328,-1, naviinfo,0,2016:01:18:19:44:06
2,22.51906278,113.9328047,6,193,0, 2016:01:18:19:36:20,0,2016:01:18:19:44:06,,,,,,,,,,
1,22.51906278,113.9328047,11,2,6, 后海大道,265,193,8,0,1, 后海大道,1327,328,-1, naviinfo,0,2016:01:18:19:44:06
2,22.51906278,113.9328047,6,193,0, 2016:01:18:19:36:25,0,2016:01:18:19:44:06,,,,,,,,,,
1,22.51906278,113.9328047,11,2,6, 后海大道,265,193,8,0,1, 后海大道,1327,277,-1, naviinfo,0,2016:01:18:19:44:06
2,22.51906278,113.9328047,6,193,0, 2016:01:18:19:36:30,0,2016:01:18:19:44:06,,,,,,,,,,
1,22.51903944,113.9327989,11,2,6, 后海大道,262,193,8,0,1, 后海大道,1324,276,-1, naviinfo,0,2016:01:18:19:44:06
2,22.51903944,113.9327989,0,193,0, 2016:01:18:19:36:31,0,2016:01:18:19:44:06,,,,,,,,,,
1,22.51902917,113.9327964,11,2,6, 后海大道,261,193,8,0,1, 后海大道,1323,275,-1, naviinfo,0,2016:01:18:19:44:06
2,22.51902917,113.9327964,0,193,0, 2016:01:18:19:36:32,0,2016:01:18:19:44:06,,,,,,,,,,
1,22.5190175,113.9327933,11,2,6, 后海大道,260,193,8,0,1, 后海大道,1322,274,-1, naviinfo,0,2016:01:18:19:44:06
2,22.5190175,113.9327933,0,193,0, 2016:01:18:19:36:33,0,2016:01:18:19:44:06,,,,,,,,,,
1,22.51899694,113.9327883,11,2,6, 后海大道,258,193,8,0,1, 后海大道,1320,273,-1, naviinfo,0,2016:01:18:19:44:06
2,22.51899694,113.9327883,0,193,0, 2016:01:18:19:36:35,0,2016:01:18:19:44:06,,,,,,,,,,
1,22.51898528,113.9327853,11,2,6, 后海大道,256,193,8,0,1, 后海大道,1318,272,-1, naviinfo,0,2016:01:18:19:44:06
2,22.51898528,113.9327853,5,193,0, 2016:01:18:19:36:36,0,2016:01:18:19:44:06,,,,,,,,,,
1,22.51896722,113.9327808,11,2,6, 后海大道,254,193,8,0,1, 后海大道,1316,271,-1, naviinfo,0,2016:01:18:19:44:06
2,22.51896722,113.9327808,7,193,0, 2016:01:18:19:36:37,0,2016:01:18:19:44:06,,,,,,,,,,
1,22.51894833,113.9327761,11,2,6, 后海大道,252,193,8,0,1, 后海大道,1314,270,-1, naviinfo,0,2016:01:18:19:44:06
2,22.51894833,113.9327761,8,193,0, 2016:01:18:19:36:38,0,2016:01:18:19:44:06,,,,,,,,,,
1,22.51892528,113.9327703,11,2,6, 后海大道,249,193,8,0,1, 后海大道,1311,268,-1, naviinfo,0,2016:01:18:19:44:06
2,22.51892528,113.9327703,9,193,0, 2016:01:18:19:36:39,0,2016:01:18:19:44:06,,,,,,,,,,
1,22.51889306,113.9327622,11,2,6, 后海大道,246,193,8,0,1, 后海大道,1308,267,-1, naviinfo,0,2016:01:18:19:44:06
2,22.51889306,113.9327622,12,193,0, 2016:01:18:19:36:40,0,2016:01:18:19:44:06,,,,,,,,,,
1,22.51886306,113.9327547,11,2,6, 后海大道,242,193,8,0,1, 后海大道,1304,265,-1, naviinfo,0,2016:01:18:19:44:06
2,22.51886306,113.9327547,13,193,0, 2016:01:18:19:36:41,0,2016:01:18:19:44:06,,,,,,,,,,
1,22.51882556,113.9327453,11,2,6, 后海大道,238,193,8,0,1, 后海大道,1300,262,-1, naviinfo,0,2016:01:18:19:44:06
2,22.51882556,113.9327453,14,193,0, 2016:01:18:19:36:42,0,2016:01:18:19:44:06,,,,,,,,,,
1,22.51878306,113.9327356,12,2,6, 后海大道,233,192,8,0,1, 后海大道,1295,260,-1, naviinfo,0,2016:01:18:19:44:06
2,22.51878306,113.9327356,16,192,0, 2016:01:18:19:36:43,0,2016:01:18:19:44:06,,,,,,,,,,
1,22.51873611,113.932725,12,2,6, 后海大道,228,192,8,0,1, 后海大道,1290,257,-1, naviinfo,0,2016:01:18:19:44:06
2,22.51873611,113.932725,18,192,0, 2016:01:18:19:36:44,0,2016:01:18:19:44:06,,,,,,,,,,
1,22.51868861,113.9327144,12,2,6, 后海大道,222,192,8,0,1, 后海大道,1284,254,-1, naviinfo,0,2016:01:18:19:44:06
2,22.51868861,113.9327144,19,192,0, 2016:01:18:19:36:45,0,2016:01:18:19:44:06,,,,,,,,,,
1,22.51864278,113.9327042,12,2,6, 后海大道,217,192,8,0,1, 后海大道,1279,251,-1, naviinfo,0,2016:01:18:19:44:06
2,22.51864278,113.9327042,21,192,0, 2016:01:18:19:36:46,0,2016:01:18:19:44:06,,,,,,,,,,
1,22.51857056,113.9326933,13,2,6, 后海大道,209,188,8,0,1, 后海大道,1271,247,-1, naviinfo,0,2016:01:18:19:44:06
2,22.51857056,113.9326933,22,188,0, 2016:01:18:19:36:47,0,2016:01:18:19:44:06,,,,,,,,,,
1,22.51851139,113.9326844,13,2,6, 后海大道,203,188,8,0,1, 后海大道,1265,243,-1, naviinfo,0,2016:01:18:19:44:06
2,22.51851139,113.9326844,22,188,0, 2016:01:18:19:36:48,0,2016:01:18:19:44:06,,,,,,,,,,
1,22.51845583,113.9326761,13,2,6, 后海大道,197,188,8,0,1, 后海大道,1259,240,-1, naviinfo,0,2016:01:18:19:44:06
2,22.51845583,113.9326761,21,188,0, 2016:01:18:19:36:49,0,2016:01:18:19:44:06,,,,,,,,,,
1,22.51840361,113.9326681,13,2,6, 后海大道,191,188,8,0,1, 后海大道,1253,237,-1, naviinfo,0,2016:01:18:19:44:06
2,22.51840361,113.9326681,19,188,0, 2016:01:18:19:36:50,0,2016:01:18:19:44:06,,,,,,,,,,
1,22.51835167,113.9326603,13,2,6, 后海大道,185,188,8,0,1, 后海大道,1247,233,-1, naviinfo,0,2016:01:18:19:44:06
2,22.51835167,113.9326603,19,188,0, 2016:01:18:19:36:51,0,2016:01:18:19:44:06,,,,,,,,,,
1,22.518295,113.9326517,13,2,6, 后海大道,179,188,8,0,1, 后海大道,1241,230,-1, naviinfo,0,2016:01:18:19:44:06
2,22.518295,113.9326517,18,188,0, 2016:01:18:19:36:52,0,2016:01:18:19:44:06,,,,,,,,,,
1,22.51825861,113.9326461,13,2,6, 后海大道,174,188,8,0,1, 后海大道,1236,227,-1, naviinfo,0,2016:01:18:19:44:06
2,22.51825861,113.9326461,14,188,0, 2016:01:18:19:36:53,0,2016:01:18:19:44:06,,,,,,,,,,
1,22.51823111,113.9326419,13,2,6, 后海大道,171,188,8,0,1, 后海大道,1233,226,-1, naviinfo,0,2016:01:18:19:44:06
2,22.51823111,113.9326419,9,188,0, 2016:01:18:19:36:54,0,2016:01:18:19:44:06,,,,,,,,,,
1,22.51821028,113.9326389,13,2,6, 后海大道,169,188,8,0,1, 后海大道,1231,225,-1, naviinfo,0,2016:01:18:19:44:06
2,22.51821028,113.9326389,8,188,0, 2016:01:18:19:36:55,0,2016:01:18:19:44:06,,,,,,,,,,
1,22.51819611,113.9326367,13,2,6, 后海大道,167,188,8,0,1, 后海大道,1229,224,-1, naviinfo,0,2016:01:18:19:44:06
2,22.51819611,113.9326367,6,188,0, 2016:01:18:19:36:56,0,2016:01:18:19:44:06,,,,,,,,,,
1,22.51818333,113.9326347,13,2,6, 后海大道,166,188,8,0,1, 后海大道,1228,223,-1, naviinfo,0,2016:01:18:19:44:06
2,22.51818333,113.9326347,6,188,0, 2016:01:18:19:36:57,0,2016:01:18:19:44:06,,,,,,,,,,
1,22.51817417,113.9326336,14,2,6, 后海大道,165,187,8,0,1, 后海大道,1227,223,-1, naviinfo,0,2016:01:18:19:44:06
2,22.51817417,113.9326336,5,187,0, 2016:01:18:19:36:58,0,2016:01:18:19:44:06,,,,,,,,,,
1,22.51816389,113.9326322,14,2,6, 后海大道,163,188,8,0,1, 后海大道,1225,221,-1, naviinfo,0,2016:01:18:19:44:06
2,22.51816389,113.9326322,0,188,0, 2016:01:18:19:37:01,0,2016:01:18:19:44:06,,,,,,,,,,
1,22.51816389,113.9326322,14,2,6, 后海大道,163,188,8,0,1, 后海大道,1225,221,-1, naviinfo,0,2016:01:18:19:44:06
2,22.51816389,113.9326322,0,188,0, 2016:01:18:19:37:06,0,2016:01:18:19:44:06,,,,,,,,,,
1,22.51816389,113.9326322,14,2,6, 后海大道,163,188,8,0,1, 后海大道,1225,221,-1, naviinfo,0,2016:01:18:19:44:06
2,22.51816389,113.9326322,0,188,0, 2016:01:18:19:37:11,0,2016:01:18:19:44:06,,,,,,,,,,
1,22.51816389,113.9326322,14,2,6, 后海大道,163,188,8,0,1, 后海大道,1225,221,-1, naviinfo,0,2016:01:18:19:44:06
2,22.51816389,113.9326322,0,188,0, 2016:01:18:19:37:16,0,2016:01:18:19:44:06,,,,,,,,,,
1,22.51816389,113.9326322,14,2,6, 后海大道,163,188,8,0,1, 后海大道,1225,221,-1, naviinfo,0,2016:01:18:19:44:06
2,22.51816389,113.9326322,0,188,0, 2016:01:18:19:37:21,0,2016:01:18:19:44:06,,,,,,,,,,
1,22.51816389,113.9326322,14,2,6, 后海大道,163,188,8,0,1, 后海大道,1225,221,-1, naviinfo,0,2016:01:18:19:44:06
2,22.51816389,113.9326322,0,188,0, 2016:01:18:19:37:26,0,2016:01:18:19:44:06,,,,,,,,,,
1,22.51816389,113.9326322,14,2,6, 后海大道,163,188,8,0,1, 后海大道,1225,221,-1, naviinfo,0,2016:01:18:19:44:06
2,22.51816389,113.9326322,0,188,0, 2016:01:18:19:37:31,0,2016:01:18:19:44:06,,,,,,,,,,
1,22.51816389,113.9326322,14,2,6, 后海大道,163,188,8,0,1, 后海大道,1225,221,-1, naviinfo,0,2016:01:18:19:44:06
2,22.51816389,113.9326322,0,188,0, 2016:01:18:19:37:36,0,2016:01:18:19:44:06,,,,,,,,,,
1,22.51816389,113.9326322,14,2,6, 后海大道,163,188,8,0,1, 后海大道,1225,221,-1, naviinfo,0,2016:01:18:19:44:06
2,22.51816389,113.9326322,0,188,0, 2016:01:18:19:37:41,0,2016:01:18:19:44:06,,,,,,,,,,
1,22.51816389,113.9326322,14,2,6, 后海大道,163,188,8,0,1, 后海大道,1225,221,-1, naviinfo,0,2016:01:18:19:44:06
2,22.51816389,113.9326322,0,188,0, 2016:01:18:19:37:46,0,2016:01:18:19:44:06,,,,,,,,,,
1,22.51816389,113.9326322,14,2,6, 后海大道,163,188,8,0,1, 后海大道,1225,221,-1, naviinfo,0,2016:01:18:19:44:06
2,22.51816389,113.9326322,0,188,0, 2016:01:18:19:37:51,0,2016:01:18:19:44:06,,,,,,,,,,
1,22.51816389,113.9326322,14,2,6, 后海大道,163,188,8,0,1, 后海大道,1225,221,-1, naviinfo,0,2016:01:18:19:44:06
2,22.51816389,113.9326322,0,188,0, 2016:01:18:19:37:56,0,2016:01:18:19:44:06,,,,,,,,,,
1,22.51816389,113.9326322,14,2,6, 后海大道,163,188,8,0,1, 后海大道,1225,221,-1, naviinfo,0,2016:01:18:19:44:06
2,22.51816389,113.9326322,0,188,0, 2016:01:18:19:38:01,0,2016:01:18:19:44:06,,,,,,,,,,
1,22.51816389,113.9326322,14,2,6, 后海大道,163,188,8,0,1, 后海大道,1225,221,-1, naviinfo,0,2016:01:18:19:44:06
2,22.51816389,113.9326322,0,188,0, 2016:01:18:19:38:06,0,2016:01:18:19:44:06,,,,,,,,,,
1,22.51816389,113.9326322,14,2,6, 后海大道,163,188,8,0,1, 后海大道,1225,221,-1, naviinfo,0,2016:01:18:19:44:06
2,22.51816389,113.9326322,0,188,0, 2016:01:18:19:38:11,0,2016:01:18:19:44:06,,,,,,,,,,
1,22.51816389,113.9326322,14,2,6, 后海大道,163,188,8,0,1, 后海大道,1225,221,-1, naviinfo,0,2016:01:18:19:44:06
2,22.51816389,113.9326322,0,188,0, 2016:01:18:19:38:16,0,2016:01:18:19:44:06,,,,,,,,,,
1,22.51816389,113.9326322,14,2,6, 后海大道,163,188,8,0,1, 后海大道,1225,221,-1, naviinfo,0,2016:01:18:19:44:06
2,22.51816389,113.9326322,0,188,0, 2016:01:18:19:38:21,0,2016:01:18:19:44:06,,,,,,,,,,
1,22.51816389,113.9326322,14,2,6, 后海大道,163,188,8,0,1, 后海大道,1225,221,-1, naviinfo,0,2016:01:18:19:44:06
2,22.51816389,113.9326322,0,188,0, 2016:01:18:19:38:26,0,2016:01:18:19:44:06,,,,,,,,,,
1,22.51816389,113.9326322,14,2,6, 后海大道,163,188,8,0,1, 后海大道,1225,194,-1, naviinfo,0,2016:01:18:19:44:06
2,22.51816389,113.9326322,0,188,0, 2016:01:18:19:38:31,0,2016:01:18:19:44:06,,,,,,,,,,
1,22.51816389,113.9326322,14,2,6, 后海大道,163,188,8,0,1, 后海大道,1225,194,-1, naviinfo,0,2016:01:18:19:44:06
2,22.51816389,113.9326322,0,188,0, 2016:01:18:19:38:36,0,2016:01:18:19:44:06,,,,,,,,,,
1,22.51816389,113.9326322,14,2,6, 后海大道,163,188,8,0,1, 后海大道,1225,194,-1, naviinfo,0,2016:01:18:19:44:06
2,22.51816389,113.9326322,0,188,0, 2016:01:18:19:38:41,0,2016:01:18:19:44:06,,,,,,,,,,
1,22.51816389,113.9326322,14,2,6, 后海大道,163,188,8,0,1, 后海大道,1225,194,-1, naviinfo,0,2016:01:18:19:44:06
2,22.51816389,113.9326322,0,188,0, 2016:01:18:19:38:46,0,2016:01:18:19:44:06,,,,,,,,,,
1,22.51815722,113.9326314,14,2,6, 后海大道,163,188,8,0,1, 后海大道,1225,194,-1, naviinfo,0,2016:01:18:19:44:06
2,22.51815722,113.9326314,0,188,0, 2016:01:18:19:38:47,0,2016:01:18:19:44:06,,,,,,,,,,
1,22.51815722,113.9326314,14,2,6, 后海大道,163,188,8,0,1, 后海大道,1225,194,-1, naviinfo,0,2016:01:18:19:44:06
2,22.51815722,113.9326314,0,188,0, 2016:01:18:19:38:52,0,2016:01:18:19:44:06,,,,,,,,,,
1,22.51811111,113.9326247,14,2,6, 后海大道,158,188,8,0,1, 后海大道,1220,192,-1, naviinfo,0,2016:01:18:19:44:06
2,22.51811111,113.9326247,0,188,0, 2016:01:18:19:38:56,0,2016:01:18:19:44:06,,,,,,,,,,
1,22.51810111,113.9326233,14,2,6, 后海大道,156,188,8,0,1, 后海大道,1218,192,-1, naviinfo,0,2016:01:18:19:44:06
2,22.51810111,113.9326233,0,188,0, 2016:01:18:19:38:57,0,2016:01:18:19:44:06,,,,,,,,,,
1,22.51809306,113.9326222,14,2,6, 后海大道,156,188,8,0,1, 后海大道,1218,192,-1, naviinfo,0,2016:01:18:19:44:06
2,22.51809306,113.9326222,8,188,0, 2016:01:18:19:38:58,0,2016:01:18:19:44:06,,,,,,,,,,
1,22.51806889,113.9326186,14,2,6, 后海大道,153,188,8,0,1, 后海大道,1215,191,-1, naviinfo,0,2016:01:18:19:44:06
2,22.51806889,113.9326186,11,188,0, 2016:01:18:19:38:59,0,2016:01:18:19:44:06,,,,,,,,,,
1,22.51804361,113.9326161,15,2,6, 后海大道,150,184,8,0,1, 后海大道,1212,190,-1, naviinfo,0,2016:01:18:19:44:06
2,22.51804361,113.9326161,13,184,0, 2016:01:18:19:39:00,0,2016:01:18:19:44:06,,,,,,,,,,
1,22.51801222,113.9326139,15,2,6, 后海大道,147,184,8,0,1, 后海大道,1209,189,-1, naviinfo,0,2016:01:18:19:44:06
2,22.51801222,113.9326139,14,184,0, 2016:01:18:19:39:01,0,2016:01:18:19:44:06,,,,,,,,,,
1,22.51797889,113.9326117,15,2,6, 后海大道,143,184,8,0,1, 后海大道,1205,188,-1, naviinfo,0,2016:01:18:19:44:06
2,22.51797889,113.9326117,12,184,0, 2016:01:18:19:39:02,0,2016:01:18:19:44:06,,,,,,,,,,
1,22.5179475,113.9326094,15,2,6, 后海大道,140,184,8,0,1, 后海大道,1202,187,-1, naviinfo,0,2016:01:18:19:44:06
2,22.5179475,113.9326094,11,184,0, 2016:01:18:19:39:03,0,2016:01:18:19:44:06,,,,,,,,,,
1,22.51792111,113.9326075,15,2,6, 后海大道,137,184,8,0,1, 后海大道,1199,186,-1, naviinfo,0,2016:01:18:19:44:06
2,22.51792111,113.9326075,10,184,0, 2016:01:18:19:39:04,0,2016:01:18:19:44:06,,,,,,,,,,
1,22.51789667,113.9326058,15,2,6, 后海大道,134,184,8,0,1, 后海大道,1196,185,-1, naviinfo,0,2016:01:18:19:44:06
2,22.51789667,113.9326058,8,184,0, 2016:01:18:19:39:05,0,2016:01:18:19:44:06,,,,,,,,,,
1,22.51787528,113.9326044,16,2,6, 后海大道,132,183,8,0,1, 后海大道,1194,184,-1, naviinfo,0,2016:01:18:19:44:06
2,22.51787528,113.9326044,8,183,0, 2016:01:18:19:39:06,0,2016:01:18:19:44:06,,,,,,,,,,
1,22.51785361,113.9326033,16,2,6, 后海大道,129,183,8,0,1, 后海大道,1191,183,-1, naviinfo,0,2016:01:18:19:44:06
2,22.51785361,113.9326033,8,183,0, 2016:01:18:19:39:07,0,2016:01:18:19:44:06,,,,,,,,,,
1,22.51783528,113.9326022,16,2,6, 后海大道,127,183,8,0,1, 后海大道,1189,182,-1, naviinfo,0,2016:01:18:19:44:06
2,22.51783528,113.9326022,7,183,0, 2016:01:18:19:39:08,0,2016:01:18:19:44:06,,,,,,,,,,
1,22.51781528,113.9326011,16,2,6, 后海大道,125,183,8,0,1, 后海大道,1187,182,-1, naviinfo,0,2016:01:18:19:44:06
2,22.51781528,113.9326011,7,183,0, 2016:01:18:19:39:09,0,2016:01:18:19:44:06,,,,,,,,,,
1,22.51779694,113.9326,16,2,6, 后海大道,123,183,8,0,1, 后海大道,1185,181,-1, naviinfo,0,2016:01:18:19:44:06
2,22.51779694,113.9326,7,183,0, 2016:01:18:19:39:10,0,2016:01:18:19:44:06,,,,,,,,,,
1,22.5177775,113.9325989,16,2,6, 后海大道,121,183,8,0,1, 后海大道,1183,181,-1, naviinfo,0,2016:01:18:19:44:06
2,22.5177775,113.9325989,8,183,0, 2016:01:18:19:39:11,0,2016:01:18:19:44:06,,,,,,,,,,
1,22.5177575,113.9325978,16,2,6, 后海大道,118,183,8,0,1, 后海大道,1180,180,-1, naviinfo,0,2016:01:18:19:44:06
2,22.5177575,113.9325978,8,183,0, 2016:01:18:19:39:12,0,2016:01:18:19:44:06,,,,,,,,,,
1,22.5177375,113.9325967,16,2,6, 后海大道,116,183,8,0,1, 后海大道,1178,179,-1, naviinfo,0,2016:01:18:19:44:06
2,22.5177375,113.9325967,8,183,0, 2016:01:18:19:39:13,0,2016:01:18:19:44:06,,,,,,,,,,
1,22.51771944,113.9325956,16,2,6, 后海大道,114,183,8,0,1, 后海大道,1176,178,-1, naviinfo,0,2016:01:18:19:44:06
2,22.51771944,113.9325956,7,183,0, 2016:01:18:19:39:14,0,2016:01:18:19:44:06,,,,,,,,,,
1,22.51770111,113.9325944,16,2,6, 后海大道,112,183,8,0,1, 后海大道,1174,178,-1, naviinfo,0,2016:01:18:19:44:06
2,22.51770111,113.9325944,7,183,0, 2016:01:18:19:39:15,0,2016:01:18:19:44:06,,,,,,,,,,
1,22.51768306,113.9325933,16,2,6, 后海大道,110,183,8,0,1, 后海大道,1172,177,-1, naviinfo,0,2016:01:18:19:44:06
2,22.51768306,113.9325933,7,183,0, 2016:01:18:19:39:16,0,2016:01:18:19:44:06,,,,,,,,,,
1,22.51766639,113.9325925,16,2,6, 后海大道,108,183,8,0,1, 后海大道,1170,176,-1, naviinfo,0,2016:01:18:19:44:06
2,22.51766639,113.9325925,7,183,0, 2016:01:18:19:39:17,0,2016:01:18:19:44:06,,,,,,,,,,
1,22.51764806,113.9325914,16,2,6, 后海大道,106,183,8,0,1, 后海大道,1168,176,-1, naviinfo,0,2016:01:18:19:44:06
2,22.51764806,113.9325914,8,183,0, 2016:01:18:19:39:18,0,2016:01:18:19:44:06,,,,,,,,,,
1,22.51762833,113.9325903,16,2,6, 后海大道,104,183,8,0,1, 后海大道,1166,175,-1, naviinfo,0,2016:01:18:19:44:06
2,22.51762833,113.9325903,8,183,0, 2016:01:18:19:39:19,0,2016:01:18:19:44:06,,,,,,,,,,
1,22.517605,113.9325889,16,2,6, 后海大道,101,183,8,0,1, 后海大道,1163,174,-1, naviinfo,0,2016:01:18:19:44:06
2,22.517605,113.9325889,10,183,0, 2016:01:18:19:39:20,0,2016:01:18:19:44:06,,,,,,,,,,
1,22.51758,113.9325875,16,2,6, 后海大道,99,183,8,0,1, 后海大道,1161,173,-1, naviinfo,0,2016:01:18:19:44:06
2,22.51758,113.9325875,10,183,0, 2016:01:18:19:39:21,0,2016:01:18:19:44:06,,,,,,,,,,
1,22.51755194,113.9325861,16,2,6, 后海大道,96,183,8,0,1, 后海大道,1158,172,-1, naviinfo,0,2016:01:18:19:44:06
2,22.51755194,113.9325861,12,183,0, 2016:01:18:19:39:22,0,2016:01:18:19:44:06,,,,,,,,,,
1,22.51751917,113.9325844,16,2,6, 后海大道,92,183,8,0,1, 后海大道,1154,171,-1, naviinfo,0,2016:01:18:19:44:06
2,22.51751917,113.9325844,13,183,0, 2016:01:18:19:39:23,0,2016:01:18:19:44:06,,,,,,,,,,
1,22.51748639,113.9325828,16,2,6, 后海大道,88,183,8,0,1, 后海大道,1150,170,-1, naviinfo,0,2016:01:18:19:44:06
2,22.51748639,113.9325828,12,183,0, 2016:01:18:19:39:24,0,2016:01:18:19:44:06,,,,,,,,,,
1,22.51745806,113.9325811,16,2,6, 后海大道,85,183,8,0,1, 后海大道,1147,169,-1, naviinfo,0,2016:01:18:19:44:06
2,22.51745806,113.9325811,10,183,0, 2016:01:18:19:39:25,0,2016:01:18:19:44:06,,,,,,,,,,
1,22.51743278,113.9325797,16,2,6, 后海大道,82,183,8,0,1, 后海大道,1144,168,-1, naviinfo,0,2016:01:18:19:44:06
2,22.51743278,113.9325797,9,183,0, 2016:01:18:19:39:26,0,2016:01:18:19:44:06,,,,,,,,,,
1,22.51741111,113.9325786,16,2,6, 后海大道,80,183,8,0,1, 后海大道,1142,167,-1, naviinfo,0,2016:01:18:19:44:06
2,22.51741111,113.9325786,7,183,0, 2016:01:18:19:39:27,0,2016:01:18:19:44:06,,,,,,,,,,
1,22.51739444,113.9325778,16,2,6, 后海大道,78,183,8,0,1, 后海大道,1140,167,-1, naviinfo,0,2016:01:18:19:44:06
2,22.51739444,113.9325778,5,183,0, 2016:01:18:19:39:28,0,2016:01:18:19:44:06,,,,,,,,,,
1,22.51738472,113.9325772,16,2,6, 后海大道,77,183,8,0,1, 后海大道,1139,166,-1, naviinfo,0,2016:01:18:19:44:06
2,22.51738472,113.9325772,0,183,0, 2016:01:18:19:39:29,0,2016:01:18:19:44:06,,,,,,,,,,
1,22.51737694,113.9325767,16,2,6, 后海大道,76,183,8,0,1, 后海大道,1138,166,-1, naviinfo,0,2016:01:18:19:44:06
2,22.51737694,113.9325767,0,183,0, 2016:01:18:19:39:31,0,2016:01:18:19:44:06,,,,,,,,,,
1,22.51737694,113.9325767,16,2,6, 后海大道,76,183,8,0,1, 后海大道,1138,166,-1, naviinfo,0,2016:01:18:19:44:06
2,22.51737694,113.9325767,0,183,0, 2016:01:18:19:39:36,0,2016:01:18:19:44:06,,,,,,,,,,
1,22.51737694,113.9325767,16,2,6, 后海大道,76,183,8,0,1, 后海大道,1138,166,-1, naviinfo,0,2016:01:18:19:44:06
2,22.51737694,113.9325767,0,183,0, 2016:01:18:19:39:41,0,2016:01:18:19:44:06,,,,,,,,,,
1,22.51737694,113.9325767,16,2,6, 后海大道,76,183,8,0,1, 后海大道,1138,166,-1, naviinfo,0,2016:01:18:19:44:06
2,22.51737694,113.9325767,0,183,0, 2016:01:18:19:39:46,0,2016:01:18:19:44:06,,,,,,,,,,
1,22.51737694,113.9325767,16,2,6, 后海大道,76,183,8,0,1, 后海大道,1138,166,-1, naviinfo,0,2016:01:18:19:44:06
2,22.51737694,113.9325767,0,183,0, 2016:01:18:19:39:51,0,2016:01:18:19:44:06,,,,,,,,,,
1,22.51737694,113.9325767,16,2,6, 后海大道,76,183,8,0,1, 后海大道,1138,166,-1, naviinfo,0,2016:01:18:19:44:06
2,22.51737694,113.9325767,0,183,0, 2016:01:18:19:39:56,0,2016:01:18:19:44:06,,,,,,,,,,
1,22.51737694,113.9325767,16,2,6, 后海大道,76,183,8,0,1, 后海大道,1138,166,-1, naviinfo,0,2016:01:18:19:44:06
2,22.51737694,113.9325767,0,183,0, 2016:01:18:19:40:01,0,2016:01:18:19:44:06,,,,,,,,,,
1,22.51737694,113.9325767,16,2,6, 后海大道,76,183,8,0,1, 后海大道,1138,166,-1, naviinfo,0,2016:01:18:19:44:06
2,22.51737694,113.9325767,0,183,0, 2016:01:18:19:40:06,0,2016:01:18:19:44:06,,,,,,,,,,
1,22.51737694,113.9325767,16,2,6, 后海大道,76,183,8,0,1, 后海大道,1138,166,-1, naviinfo,0,2016:01:18:19:44:06
2,22.51737694,113.9325767,0,183,0, 2016:01:18:19:40:11,0,2016:01:18:19:44:06,,,,,,,,,,
1,22.51737694,113.9325767,16,2,6, 后海大道,76,183,8,0,1, 后海大道,1138,166,-1, naviinfo,0,2016:01:18:19:44:06
2,22.51737694,113.9325767,0,183,0, 2016:01:18:19:40:16,0,2016:01:18:19:44:06,,,,,,,,,,
1,22.51737694,113.9325767,16,2,6, 后海大道,76,183,8,0,1, 后海大道,1138,166,-1, naviinfo,0,2016:01:18:19:44:06
2,22.51737694,113.9325767,0,183,0, 2016:01:18:19:40:21,0,2016:01:18:19:44:06,,,,,,,,,,
1,22.51737694,113.9325767,16,2,6, 后海大道,76,183,8,0,1, 后海大道,1138,166,-1, naviinfo,0,2016:01:18:19:44:06
2,22.51737694,113.9325767,0,183,0, 2016:01:18:19:40:26,0,2016:01:18:19:44:06,,,,,,,,,,
1,22.51737694,113.9325767,16,2,6, 后海大道,76,183,8,0,1, 后海大道,1138,162,-1, naviinfo,0,2016:01:18:19:44:06
2,22.51737694,113.9325767,0,183,0, 2016:01:18:19:40:31,0,2016:01:18:19:44:06,,,,,,,,,,
1,22.51737694,113.9325767,16,2,6, 后海大道,76,183,8,0,1, 后海大道,1138,162,-1, naviinfo,0,2016:01:18:19:44:06
2,22.51737694,113.9325767,0,183,0, 2016:01:18:19:40:36,0,2016:01:18:19:44:06,,,,,,,,,,
1,22.51737694,113.9325767,16,2,6, 后海大道,76,183,8,0,1, 后海大道,1138,162,-1, naviinfo,0,2016:01:18:19:44:06
2,22.51737694,113.9325767,0,183,0, 2016:01:18:19:40:41,0,2016:01:18:19:44:06,,,,,,,,,,
1,22.51737694,113.9325767,16,2,6, 后海大道,76,183,8,0,1, 后海大道,1138,162,-1, naviinfo,0,2016:01:18:19:44:06
2,22.51737694,113.9325767,0,183,0, 2016:01:18:19:40:46,0,2016:01:18:19:44:06,,,,,,,,,,
1,22.51737694,113.9325767,16,2,6, 后海大道,76,183,8,0,1, 后海大道,1138,162,-1, naviinfo,0,2016:01:18:19:44:06
2,22.51737694,113.9325767,0,183,0, 2016:01:18:19:40:51,0,2016:01:18:19:44:06,,,,,,,,,,
1,22.51737694,113.9325767,16,2,6, 后海大道,76,183,8,0,1, 后海大道,1138,162,-1, naviinfo,0,2016:01:18:19:44:06
2,22.51737694,113.9325767,0,183,0, 2016:01:18:19:40:56,0,2016:01:18:19:44:06,,,,,,,,,,
1,22.51737694,113.9325767,16,2,6, 后海大道,76,183,8,0,1, 后海大道,1138,162,-1, naviinfo,0,2016:01:18:19:44:06
2,22.51737694,113.9325767,0,183,0, 2016:01:18:19:41:01,0,2016:01:18:19:44:06,,,,,,,,,,
1,22.51737694,113.9325767,16,2,6, 后海大道,76,183,8,0,1, 后海大道,1138,162,-1, naviinfo,0,2016:01:18:19:44:06
2,22.51737694,113.9325767,0,183,0, 2016:01:18:19:41:06,0,2016:01:18:19:44:06,,,,,,,,,,
1,22.51737694,113.9325767,16,2,6, 后海大道,76,183,8,0,1, 后海大道,1138,162,-1, naviinfo,0,2016:01:18:19:44:06
2,22.51737694,113.9325767,0,183,0, 2016:01:18:19:41:11,0,2016:01:18:19:44:06,,,,,,,,,,
1,22.51737694,113.9325767,16,2,6, 后海大道,76,183,8,0,1, 后海大道,1138,162,-1, naviinfo,0,2016:01:18:19:44:06
2,22.51737694,113.9325767,0,183,0, 2016:01:18:19:41:16,0,2016:01:18:19:44:06,,,,,,,,,,
1,22.51737694,113.9325767,16,2,6, 后海大道,76,183,8,0,1, 后海大道,1138,162,-1, naviinfo,0,2016:01:18:19:44:06
2,22.51737694,113.9325767,0,183,0, 2016:01:18:19:41:21,0,2016:01:18:19:44:06,,,,,,,,,,
1,22.51737694,113.9325767,16,2,6, 后海大道,76,183,8,0,1, 后海大道,1138,162,-1, naviinfo,0,2016:01:18:19:44:06
2,22.51737694,113.9325767,0,183,0, 2016:01:18:19:41:26,0,2016:01:18:19:44:06,,,,,,,,,,
1,22.51734528,113.932575,16,2,6, 后海大道,73,183,8,0,1, 后海大道,1135,162,-1, naviinfo,0,2016:01:18:19:44:06
2,22.51734528,113.932575,0,183,0, 2016:01:18:19:41:31,0,2016:01:18:19:44:06,,,,,,,,,,
1,22.51733222,113.9325742,16,2,6, 后海大道,71,183,8,0,1, 后海大道,1133,162,-1, naviinfo,0,2016:01:18:19:44:06
2,22.51733222,113.9325742,0,183,0, 2016:01:18:19:41:32,0,2016:01:18:19:44:06,,,,,,,,,,
1,22.51731556,113.9325733,16,2,6, 后海大道,69,183,8,0,1, 后海大道,1131,161,-1, naviinfo,0,2016:01:18:19:44:06
2,22.51731556,113.9325733,0,183,0, 2016:01:18:19:41:33,0,2016:01:18:19:44:06,,,,,,,,,,
1,22.5173025,113.9325725,16,2,6, 后海大道,68,183,8,0,1, 后海大道,1130,161,-1, naviinfo,0,2016:01:18:19:44:06
2,22.5173025,113.9325725,0,183,0, 2016:01:18:19:41:34,0,2016:01:18:19:44:06,,,,,,,,,,
1,22.51728944,113.9325717,16,2,6, 后海大道,66,183,8,0,1, 后海大道,1128,161,-1, naviinfo,0,2016:01:18:19:44:06
2,22.51728944,113.9325717,0,183,0, 2016:01:18:19:41:35,0,2016:01:18:19:44:06,,,,,,,,,,
1,22.51727611,113.9325708,16,2,6, 后海大道,65,183,8,0,1, 后海大道,1127,161,-1, naviinfo,0,2016:01:18:19:44:06
2,22.51727611,113.9325708,5,183,0, 2016:01:18:19:41:36,0,2016:01:18:19:44:06,,,,,,,,,,
1,22.51726111,113.93257,16,2,6, 后海大道,63,183,8,0,1, 后海大道,1125,161,-1, naviinfo,0,2016:01:18:19:44:06
2,22.51726111,113.93257,5,183,0, 2016:01:18:19:41:37,0,2016:01:18:19:44:06,,,,,,,,,,
1,22.51724611,113.9325692,16,2,6, 后海大道,62,183,8,0,1, 后海大道,1124,161,-1, naviinfo,0,2016:01:18:19:44:06
2,22.51724611,113.9325692,5,183,0, 2016:01:18:19:41:38,0,2016:01:18:19:44:06,,,,,,,,,,
1,22.51722944,113.9325683,16,2,6, 后海大道,60,183,8,0,1, 后海大道,1122,160,-1, naviinfo,0,2016:01:18:19:44:06
2,22.51722944,113.9325683,6,183,0, 2016:01:18:19:41:39,0,2016:01:18:19:44:06,,,,,,,,,,
1,22.51720972,113.9325672,16,2,6, 后海大道,58,183,8,0,1, 后海大道,1120,160,-1, naviinfo,0,2016:01:18:19:44:06
2,22.51720972,113.9325672,7,183,0, 2016:01:18:19:41:40,0,2016:01:18:19:44:06,,,,,,,,,,
1,22.51718806,113.9325661,16,2,6, 后海大道,55,183,8,0,1, 后海大道,1117,160,-1, naviinfo,0,2016:01:18:19:44:06
2,22.51718806,113.9325661,8,183,0, 2016:01:18:19:41:41,0,2016:01:18:19:44:06,,,,,,,,,,
1,22.51716667,113.932565,16,2,6, 后海大道,53,183,8,0,1, 后海大道,1115,160,-1, naviinfo,0,2016:01:18:19:44:06
2,22.51716667,113.932565,8,183,0, 2016:01:18:19:41:42,0,2016:01:18:19:44:06,,,,,,,,,,
1,22.51714528,113.9325639,16,2,6, 后海大道,50,183,8,0,1, 后海大道,1112,159,-1, naviinfo,0,2016:01:18:19:44:06
2,22.51714528,113.9325639,8,183,0, 2016:01:18:19:41:43,0,2016:01:18:19:44:06,,,,,,,,,,
1,22.51712028,113.9325625,16,2,6, 后海大道,48,183,8,0,1, 后海大道,1110,159,-1, naviinfo,0,2016:01:18:19:44:06
2,22.51712028,113.9325625,8,183,0, 2016:01:18:19:41:44,0,2016:01:18:19:44:06,,,,,,,,,,
1,22.51709667,113.9325614,16,2,6, 后海大道,45,183,8,0,1, 后海大道,1107,159,-1, naviinfo,0,2016:01:18:19:44:06
2,22.51709667,113.9325614,8,183,0, 2016:01:18:19:41:45,0,2016:01:18:19:44:06,,,,,,,,,,
1,22.51707361,113.9325603,16,2,6, 后海大道,42,183,8,0,1, 后海大道,1104,159,-1, naviinfo,0,2016:01:18:19:44:06
2,22.51707361,113.9325603,7,183,0, 2016:01:18:19:41:46,0,2016:01:18:19:44:06,,,,,,,,,,
1,22.51705167,113.9325592,16,2,6, 后海大道,40,183,8,0,1, 后海大道,1102,158,-1, naviinfo,0,2016:01:18:19:44:06
2,22.51705167,113.9325592,7,183,0, 2016:01:18:19:41:47,0,2016:01:18:19:44:06,,,,,,,,,,
1,22.51702833,113.9325578,16,2,6, 后海大道,37,183,8,0,1, 后海大道,1099,158,-1, naviinfo,0,2016:01:18:19:44:06
2,22.51702833,113.9325578,7,183,0, 2016:01:18:19:41:48,0,2016:01:18:19:44:06,,,,,,,,,,
1,22.51701556,113.9325572,16,2,6, 后海大道,36,182,8,0,1, 后海大道,1098,158,-1, naviinfo,0,2016:01:18:19:44:06
2,22.51701556,113.9325572,8,182,0, 2016:01:18:19:41:49,0,2016:01:18:19:44:06,,,,,,,,,,
1,22.51698306,113.932555,17,3,6, 后海大道,32,184,8,0,1, 后海大道,1094,156,-1, naviinfo,0,2016:01:18:19:44:06
2,22.51698306,113.932555,8,184,0, 2016:01:18:19:41:50,0,2016:01:18:19:44:06,,,,,,,,,,
1,22.51696167,113.9325536,17,3,6, 后海大道,30,184,8,0,1, 后海大道,1092,154,-1, naviinfo,0,2016:01:18:19:44:06
2,22.51696167,113.9325536,8,184,0, 2016:01:18:19:41:51,0,2016:01:18:19:44:06,,,,,,,,,,
1,22.51694167,113.9325522,17,3,6, 后海大道,27,184,8,0,1, 后海大道,1089,153,-1, naviinfo,0,2016:01:18:19:44:06
2,22.51694167,113.9325522,9,184,0, 2016:01:18:19:41:52,0,2016:01:18:19:44:06,,,,,,,,,,
1,22.51691528,113.9325506,17,3,6, 后海大道,25,184,8,0,1, 后海大道,1087,151,-1, naviinfo,0,2016:01:18:19:44:06
2,22.51691528,113.9325506,9,184,0, 2016:01:18:19:41:53,0,2016:01:18:19:44:06,,,,,,,,,,
1,22.51687944,113.9325481,17,3,6, 后海大道,21,184,8,0,1, 后海大道,1083,149,-1, naviinfo,0,2016:01:18:19:44:06
2,22.51687944,113.9325481,10,184,0, 2016:01:18:19:41:54,0,2016:01:18:19:44:06,,,,,,,,,,
1,22.51684056,113.9325456,17,3,6, 后海大道,16,184,8,0,1, 后海大道,1078,146,-1, naviinfo,0,2016:01:18:19:44:06
2,22.51684056,113.9325456,8,184,0, 2016:01:18:19:41:55,0,2016:01:18:19:44:06,,,,,,,,,,
1,22.51682194,113.9325442,17,3,6, 后海大道,14,184,8,0,1, 后海大道,1076,145,-1, naviinfo,0,2016:01:18:19:44:06
2,22.51682194,113.9325442,6,184,0, 2016:01:18:19:41:56,0,2016:01:18:19:44:06,,,,,,,,,,
1,22.5168075,113.9325431,17,3,6, 后海大道,13,184,8,0,1, 后海大道,1075,144,-1, naviinfo,0,2016:01:18:19:44:06
2,22.5168075,113.9325431,5,184,0, 2016:01:18:19:41:57,0,2016:01:18:19:44:06,,,,,,,,,,
1,22.51668556,113.9326581,18,3,6, 后海大道,0,94,8,0,1, 后海大道,1062,136,-1, naviinfo,0,2016:01:18:19:44:06
2,22.51668556,113.9326581,4,94,0, 2016:01:18:19:41:59,0,2016:01:18:19:44:06,,,,,,,,,,
1,22.51681361,113.9326822,0,0,7, 后海大道,789,360,3,0,1, 无名道路,1048,133,-1, naviinfo,0,2016:01:18:19:44:06
2,22.51681361,113.9326822,6,360,0, 2016:01:18:19:42:00,0,2016:01:18:19:44:06,,,,,,,,,,
1,22.51684056,113.9326822,0,0,7, 后海大道,786,360,3,0,1, 无名道路,1045,133,-1, naviinfo,0,2016:01:18:19:44:06
2,22.51684056,113.9326822,10,360,0, 2016:01:18:19:42:01,0,2016:01:18:19:44:06,,,,,,,,,,
1,22.51688889,113.9326822,0,0,7, 后海大道,780,360,3,0,1, 无名道路,1039,132,-1, naviinfo,0,2016:01:18:19:44:06
2,22.51688889,113.9326822,14,360,0, 2016:01:18:19:42:02,0,2016:01:18:19:44:06,,,,,,,,,,
1,22.51694444,113.9326817,1,1,7, 后海大道,775,359,3,0,1, 无名道路,1034,131,-1, naviinfo,0,2016:01:18:19:44:06
2,22.51694444,113.9326817,19,359,0, 2016:01:18:19:42:03,0,2016:01:18:19:44:06,,,,,,,,,,
1,22.51700889,113.9326806,1,1,7, 后海大道,767,359,3,0,1, 无名道路,1026,130,-1, naviinfo,0,2016:01:18:19:44:06
2,22.51700889,113.9326806,23,359,0, 2016:01:18:19:42:04,0,2016:01:18:19:44:06,,,,,,,,,,
1,22.517085,113.9326792,1,1,7, 后海大道,759,359,3,0,1, 无名道路,1018,130,-1, naviinfo,0,2016:01:18:19:44:06
2,22.517085,113.9326792,27,359,0, 2016:01:18:19:42:05,0,2016:01:18:19:44:06,,,,,,,,,,
1,22.51716778,113.9326778,1,1,7, 后海大道,750,359,3,0,1, 无名道路,1009,129,-1, naviinfo,0,2016:01:18:19:44:06
2,22.51716778,113.9326778,30,359,0, 2016:01:18:19:42:06,0,2016:01:18:19:44:06,,,,,,,,,,
1,22.51725889,113.9326761,1,1,7, 后海大道,740,359,3,0,1, 无名道路,999,128,-1, naviinfo,0,2016:01:18:19:44:06
2,22.51725889,113.9326761,34,359,0, 2016:01:18:19:42:07,0,2016:01:18:19:44:06,,,,,,,,,,
1,22.51739972,113.9326736,1,1,7, 后海大道,724,359,3,0,1, 无名道路,983,127,-1, naviinfo,0,2016:01:18:19:44:06
2,22.51739972,113.9326736,39,359,0, 2016:01:18:19:42:08,0,2016:01:18:19:44:06,,,,,,,,,,
1,22.51759889,113.9326828,2,1,7, 后海大道,702,2,3,0,1, 无名道路,961,125,-1, naviinfo,0,2016:01:18:19:44:06
2,22.51759889,113.9326828,43,2,0, 2016:01:18:19:42:09,0,2016:01:18:19:44:06,,,,,,,,,,
1,22.51778472,113.9326933,3,1,7, 后海大道,681,8,3,0,1, 无名道路,940,124,-1, naviinfo,0,2016:01:18:19:44:06
2,22.51778472,113.9326933,47,8,0, 2016:01:18:19:42:10,0,2016:01:18:19:44:06,,,,,,,,,,
1,22.51794667,113.9327172,3,1,7, 后海大道,663,8,3,0,1, 无名道路,922,123,-1, naviinfo,0,2016:01:18:19:44:06
2,22.51794667,113.9327172,49,8,0, 2016:01:18:19:42:11,0,2016:01:18:19:44:06,,,,,,,,,,
1,22.51809722,113.9327325,4,1,7, 后海大道,646,5,3,0,1, 无名道路,905,121,-1, naviinfo,0,2016:01:18:19:44:06
2,22.51809722,113.9327325,51,5,0, 2016:01:18:19:42:12,0,2016:01:18:19:44:06,,,,,,,,,,
1,22.51829028,113.9327597,5,1,7, 后海大道,624,9,3,0,1, 无名道路,883,120,-1, naviinfo,0,2016:01:18:19:44:06
2,22.51829028,113.9327597,56,9,0, 2016:01:18:19:42:13,0,2016:01:18:19:44:06,,,,,,,,,,
1,22.51845861,113.9327914,6,1,7, 后海大道,605,11,3,0,1, 无名道路,864,118,-1, naviinfo,0,2016:01:18:19:44:06
2,22.51845861,113.9327914,58,11,0, 2016:01:18:19:42:14,0,2016:01:18:19:44:06,,,,,,,,,,
1,22.51861583,113.9328231,6,1,7, 后海大道,587,11,3,0,1, 无名道路,846,117,-1, naviinfo,0,2016:01:18:19:44:06
2,22.51861583,113.9328231,58,11,0, 2016:01:18:19:42:15,0,2016:01:18:19:44:06,,,,,,,,,,
1,22.51877361,113.932855,6,1,7, 后海大道,570,11,3,0,1, 无名道路,829,116,-1, naviinfo,0,2016:01:18:19:44:06
2,22.51877361,113.932855,58,11,0, 2016:01:18:19:42:16,0,2016:01:18:19:44:06,,,,,,,,,,
1,22.51893222,113.9328958,7,1,7, 后海大道,552,14,3,0,1, 无名道路,811,114,-1, naviinfo,0,2016:01:18:19:44:06
2,22.51893222,113.9328958,59,14,0, 2016:01:18:19:42:17,0,2016:01:18:19:44:06,,,,,,,,,,
1,22.51908694,113.9329369,7,1,7, 后海大道,534,14,3,0,1, 无名道路,793,113,-1, naviinfo,0,2016:01:18:19:44:06
2,22.51908694,113.9329369,59,14,0, 2016:01:18:19:42:18,0,2016:01:18:19:44:06,,,,,,,,,,
1,22.519235,113.9329764,7,1,7, 后海大道,517,14,3,0,1, 无名道路,776,112,-1, naviinfo,0,2016:01:18:19:44:06
2,22.519235,113.9329764,59,14,0, 2016:01:18:19:42:19,0,2016:01:18:19:44:06,,,,,,,,,,
1,22.51938278,113.9330156,7,1,7, 后海大道,500,14,3,0,1, 无名道路,759,111,-1, naviinfo,0,2016:01:18:19:44:06
2,22.51938278,113.9330156,59,14,0, 2016:01:18:19:42:20,0,2016:01:18:19:44:06,,,,,,,,,,
1,22.51954111,113.9330553,8,1,7, 后海大道,482,12,3,0,1, 无名道路,741,109,-1, naviinfo,0,2016:01:18:19:44:06
2,22.51954111,113.9330553,60,12,0, 2016:01:18:19:42:21,0,2016:01:18:19:44:06,,,,,,,,,,
1,22.51969778,113.9330906,8,1,7, 后海大道,465,12,3,0,1, 无名道路,724,108,-1, naviinfo,0,2016:01:18:19:44:06
2,22.51969778,113.9330906,60,12,0, 2016:01:18:19:42:22,0,2016:01:18:19:44:06,,,,,,,,,,
1,22.51985806,113.9331267,8,1,7, 后海大道,447,12,3,0,1, 无名道路,706,107,-1, naviinfo,0,2016:01:18:19:44:06
2,22.51985806,113.9331267,62,12,0, 2016:01:18:19:42:23,0,2016:01:18:19:44:06,,,,,,,,,,
1,22.52000389,113.9331644,9,2,7, 后海大道,430,15,3,0,1, 无名道路,689,105,-1, naviinfo,0,2016:01:18:19:44:06
2,22.52000389,113.9331644,62,15,0, 2016:01:18:19:42:24,0,2016:01:18:19:44:06,,,,,,,,,,
1,22.52015611,113.9332086,9,2,7, 后海大道,412,15,3,0,1, 无名道路,671,104,-1, naviinfo,0,2016:01:18:19:44:06
2,22.52015611,113.9332086,63,15,0, 2016:01:18:19:42:25,0,2016:01:18:19:44:06,,,,,,,,,,
1,22.52031444,113.9332544,9,2,7, 后海大道,394,15,3,0,1, 无名道路,653,102,-1, naviinfo,0,2016:01:18:19:44:06
2,22.52031444,113.9332544,66,15,0, 2016:01:18:19:42:26,0,2016:01:18:19:44:06,,,,,,,,,,
1,22.52047528,113.9333011,9,2,7, 后海大道,376,15,3,0,1, 无名道路,635,100,-1, naviinfo,0,2016:01:18:19:44:06
2,22.52047528,113.9333011,68,15,0, 2016:01:18:19:42:27,0,2016:01:18:19:44:06,,,,,,,,,,
1,22.52063278,113.9333472,10,2,7, 后海大道,358,16,3,0,1, 无名道路,617,99,-1, naviinfo,0,2016:01:18:19:44:06
2,22.52063278,113.9333472,68,16,0, 2016:01:18:19:42:28,0,2016:01:18:19:44:06,,,,,,,,,,
1,22.52080778,113.9334003,10,2,7, 后海大道,338,16,3,0,1, 无名道路,597,97,-1, naviinfo,0,2016:01:18:19:44:06
2,22.52080778,113.9334003,69,16,0, 2016:01:18:19:42:29,0,2016:01:18:19:44:06,,,,,,,,,,
1,22.52097861,113.9334522,10,2,7, 后海大道,318,16,3,0,1, 无名道路,577,95,-1, naviinfo,0,2016:01:18:19:44:06
2,22.52097861,113.9334522,68,16,0, 2016:01:18:19:42:30,0,2016:01:18:19:44:06,,,,,,,,,,
1,22.52112694,113.9334972,10,2,7, 后海大道,301,16,3,0,1, 无名道路,560,94,-1, naviinfo,0,2016:01:18:19:44:06
2,22.52112694,113.9334972,68,16,0, 2016:01:18:19:42:31,0,2016:01:18:19:44:06,,,,,,,,,,
1,22.52127972,113.9335531,11,2,7, 后海大道,283,19,3,0,1, 无名道路,542,92,-1, naviinfo,0,2016:01:18:19:44:06
2,22.52127972,113.9335531,66,19,0, 2016:01:18:19:42:32,0,2016:01:18:19:44:06,,,,,,,,,,
1,22.52143611,113.9336103,11,2,7, 后海大道,264,19,3,0,1, 无名道路,523,90,-1, naviinfo,0,2016:01:18:19:44:06
2,22.52143611,113.9336103,66,19,0, 2016:01:18:19:42:33,0,2016:01:18:19:44:06,,,,,,,,,,
1,22.52158306,113.9336717,12,3,7, 后海大道,247,22,3,0,1, 无名道路,506,89,-1, naviinfo,0,2016:01:18:19:44:06
2,22.52158306,113.9336717,65,22,0, 2016:01:18:19:42:34,0,2016:01:18:19:44:06,,,,,,,,,,
1,22.52173111,113.9337372,12,3,7, 后海大道,229,22,3,0,1, 无名道路,488,87,-1, naviinfo,0,2016:01:18:19:44:06
2,22.52173111,113.9337372,63,22,0, 2016:01:18:19:42:35,0,2016:01:18:19:44:06,,,,,,,,,,
1,22.52187917,113.9338028,12,3,7, 后海大道,211,22,3,0,1, 无名道路,470,85,-1, naviinfo,0,2016:01:18:19:44:06
2,22.52187917,113.9338028,60,22,0, 2016:01:18:19:42:36,0,2016:01:18:19:44:06,,,,,,,,,,
1,22.52204389,113.9338717,13,4,7, 后海大道,192,20,3,0,1, 无名道路,451,83,-1, naviinfo,0,2016:01:18:19:44:06
2,22.52204389,113.9338717,60,20,0, 2016:01:18:19:42:37,0,2016:01:18:19:44:06,,,,,,,,,,
1,22.52217361,113.9339261,14,4,7, 后海大道,176,24,3,0,1, 无名道路,435,81,-1, naviinfo,0,2016:01:18:19:44:06
2,22.52217361,113.9339261,59,24,0, 2016:01:18:19:42:38,0,2016:01:18:19:44:06,,,,,,,,,,
1,22.52231611,113.9339947,14,4,7, 后海大道,159,24,3,0,1, 无名道路,418,79,-1, naviinfo,0,2016:01:18:19:44:06
2,22.52231611,113.9339947,59,24,0, 2016:01:18:19:42:39,0,2016:01:18:19:44:06,,,,,,,,,,
1,22.52245722,113.9340628,14,4,7, 后海大道,142,24,3,0,1, 无名道路,401,77,-1, naviinfo,0,2016:01:18:19:44:06
2,22.52245722,113.9340628,59,24,0, 2016:01:18:19:42:40,0,2016:01:18:19:44:06,,,,,,,,,,
1,22.52259028,113.9341269,14,4,7, 后海大道,125,24,3,0,1, 无名道路,384,75,-1, naviinfo,0,2016:01:18:19:44:06
2,22.52259028,113.9341269,58,24,0, 2016:01:18:19:42:41,0,2016:01:18:19:44:06,,,,,,,,,,
1,22.52272028,113.9341894,14,4,7, 后海大道,110,24,3,0,1, 无名道路,369,73,-1, naviinfo,0,2016:01:18:19:44:06
2,22.52272028,113.9341894,56,24,0, 2016:01:18:19:42:42,0,2016:01:18:19:44:06,,,,,,,,,,
1,22.52284667,113.9342503,15,4,7, 后海大道,95,23,3,0,1, 无名道路,354,71,-1, naviinfo,0,2016:01:18:19:44:06
2,22.52284667,113.9342503,54,23,0, 2016:01:18:19:42:43,0,2016:01:18:19:44:06,,,,,,,,,,
1,22.52296222,113.9343036,15,4,7, 后海大道,81,23,3,0,1, 无名道路,340,70,-1, naviinfo,0,2016:01:18:19:44:06
2,22.52296222,113.9343036,52,23,0, 2016:01:18:19:42:44,0,2016:01:18:19:44:06,,,,,,,,,,
1,22.52307472,113.9343556,15,4,7, 后海大道,67,23,3,0,1, 无名道路,326,68,-1, naviinfo,0,2016:01:18:19:44:06
2,22.52307472,113.9343556,51,23,0, 2016:01:18:19:42:45,0,2016:01:18:19:44:06,,,,,,,,,,
1,22.52319111,113.9344092,15,4,7, 后海大道,53,23,3,0,1, 无名道路,312,66,-1, naviinfo,0,2016:01:18:19:44:06
2,22.52319111,113.9344092,50,23,0, 2016:01:18:19:42:46,0,2016:01:18:19:44:06,,,,,,,,,,
1,22.52330028,113.9344594,15,4,7, 后海大道,40,23,3,0,1, 无名道路,299,65,-1, naviinfo,0,2016:01:18:19:44:06
2,22.52330028,113.9344594,48,23,0, 2016:01:18:19:42:47,0,2016:01:18:19:44:06,,,,,,,,,,
1,22.52339361,113.9345025,15,4,7, 后海大道,29,23,3,0,1, 无名道路,288,63,-1, naviinfo,0,2016:01:18:19:44:06
2,22.52339361,113.9345025,42,23,0, 2016:01:18:19:42:48,0,2016:01:18:19:44:06,,,,,,,,,,
1,22.52348,113.9345425,15,4,7, 后海大道,18,23,3,0,1, 无名道路,277,62,-1, naviinfo,0,2016:01:18:19:44:06
2,22.52348,113.9345425,38,23,0, 2016:01:18:19:42:49,0,2016:01:18:19:44:06,,,,,,,,,,
1,22.52355444,113.9345767,15,4,7, 后海大道,9,23,3,0,1, 无名道路,268,61,-1, naviinfo,0,2016:01:18:19:44:06
2,22.52355444,113.9345767,35,23,0, 2016:01:18:19:42:50,0,2016:01:18:19:44:06,,,,,,,,,,
1,22.52363056,113.9346119,15,4,7, 后海大道,0,23,3,0,1, 无名道路,259,60,-1, naviinfo,0,2016:01:18:19:44:06
2,22.52363056,113.9346119,34,23,0, 2016:01:18:19:42:51,0,2016:01:18:19:44:06,,,,,,,,,,
1,22.52363278,113.9346136,16,4,7, 后海大道,0,35,3,0,1, 无名道路,259,60,-1, naviinfo,0,2016:01:18:19:44:06
2,22.52363278,113.9346136,32,35,0, 2016:01:18:19:42:52,0,2016:01:18:19:44:06,,,,,,,,,,
1,22.52363278,113.9346136,0,0,8, 无名道路,105,99,2,0,1, 海天一路,259,60,-1, naviinfo,0,2016:01:18:19:44:06
2,22.52363278,113.9346136,31,99,0, 2016:01:18:19:42:53,0,2016:01:18:19:44:06,,,,,,,,,,
2,22.52400444,113.9343739,30,60,0, 2016:01:18:19:42:54,0,2016:01:18:19:44:06,,,,,,,,,,
2,22.52406778,113.9344106,30,17,0, 2016:01:18:19:42:55,0,2016:01:18:19:44:06,,,,,,,,,,
2,22.52414111,113.9344339,29,14,0, 2016:01:18:19:42:56,0,2016:01:18:19:44:06,,,,,,,,,,
1,22.52398861,113.9347656,1,1,0, 后海大道,50,24,5,0,1, 学府路,343,116,-1, naviinfo,0,2016:01:18:19:44:06
2,22.52398861,113.9347656,29,24,0, 2016:01:18:19:42:56,0,2016:01:18:19:44:06,,,,,,,,,,
1,22.52398861,113.9347656,1,1,0, 后海大道,50,24,5,0,1, 学府路,343,116,-1, naviinfo,0,2016:01:18:19:44:06
2,22.52398861,113.9347656,29,24,0, 2016:01:18:19:42:56,0,2016:01:18:19:44:06,,,,,,,,,,
1,22.52405194,113.9347961,1,1,0, 后海大道,42,24,5,0,1, 学府路,335,112,-1, naviinfo,0,2016:01:18:19:44:06
2,22.52405194,113.9347961,28,24,0, 2016:01:18:19:42:57,0,2016:01:18:19:44:06,,,,,,,,,,
1,22.52411833,113.9348283,1,1,0, 后海大道,34,24,5,0,1, 学府路,327,109,-1, naviinfo,0,2016:01:18:19:44:06
2,22.52411833,113.9348283,28,24,0, 2016:01:18:19:42:58,0,2016:01:18:19:44:06,,,,,,,,,,
1,22.52418611,113.9348611,1,1,0, 后海大道,26,24,5,0,1, 学府路,319,105,-1, naviinfo,0,2016:01:18:19:44:06
2,22.52418611,113.9348611,27,24,0, 2016:01:18:19:42:59,0,2016:01:18:19:44:06,,,,,,,,,,
1,22.52424528,113.9348897,1,1,0, 后海大道,19,24,5,0,1, 学府路,312,102,-1, naviinfo,0,2016:01:18:19:44:06
2,22.52424528,113.9348897,26,24,0, 2016:01:18:19:43:00,0,2016:01:18:19:44:06,,,,,,,,,,
1,22.52430639,113.9349192,1,1,0, 后海大道,11,24,5,0,1, 学府路,304,99,-1, naviinfo,0,2016:01:18:19:44:06
2,22.52430639,113.9349192,26,24,0, 2016:01:18:19:43:01,0,2016:01:18:19:44:06,,,,,,,,,,
1,22.52436722,113.9349486,1,1,0, 后海大道,4,24,5,0,1, 学府路,297,96,-1, naviinfo,0,2016:01:18:19:44:06
2,22.52436722,113.9349486,27,24,0, 2016:01:18:19:43:02,0,2016:01:18:19:44:06,,,,,,,,,,
1,22.52440083,113.934965,1,1,0, 后海大道,0,24,5,0,1, 学府路,293,94,-1, naviinfo,0,2016:01:18:19:44:06
2,22.52440083,113.934965,27,24,0, 2016:01:18:19:43:03,0,2016:01:18:19:44:06,,,,,,,,,,
1,22.52441333,113.9349769,0,0,1, 学府路,174,41,3,0,1, 海净路,291,93,-1, naviinfo,0,2016:01:18:19:44:06
2,22.52441333,113.9349769,28,41,0, 2016:01:18:19:43:04,0,2016:01:18:19:44:06,,,,,,,,,,
1,22.52454111,113.9350847,1,0,1, 学府路,156,24,3,0,1, 海净路,273,85,-1, naviinfo,0,2016:01:18:19:44:06
2,22.52454111,113.9350847,27,24,0, 2016:01:18:19:43:05,0,2016:01:18:19:44:06,,,,,,,,,,
1,22.52460639,113.9351158,1,0,1, 学府路,148,24,3,0,1, 海净路,265,82,-1, naviinfo,0,2016:01:18:19:44:06
2,22.52460639,113.9351158,28,24,0, 2016:01:18:19:43:06,0,2016:01:18:19:44:06,,,,,,,,,,
1,22.52467056,113.9351467,1,0,1, 学府路,141,24,3,0,1, 海净路,258,79,-1, naviinfo,0,2016:01:18:19:44:06
2,22.52467056,113.9351467,27,24,0, 2016:01:18:19:43:07,0,2016:01:18:19:44:06,,,,,,,,,,
1,22.52471722,113.9351689,1,0,1, 学府路,135,24,3,0,1, 海净路,252,76,-1, naviinfo,0,2016:01:18:19:44:06
2,22.52471722,113.9351689,27,24,0, 2016:01:18:19:43:08,0,2016:01:18:19:44:06,,,,,,,,,,
1,22.52473167,113.9351803,2,0,1, 学府路,132,36,3,0,1, 海净路,249,75,-1, naviinfo,0,2016:01:18:19:44:06
2,22.52473167,113.9351803,26,36,0, 2016:01:18:19:43:09,0,2016:01:18:19:44:06,,,,,,,,,,
1,22.52475611,113.9351992,2,0,1, 学府路,129,36,3,0,1, 海净路,246,74,-1, naviinfo,0,2016:01:18:19:44:06
2,22.52475611,113.9351992,24,36,0, 2016:01:18:19:43:10,0,2016:01:18:19:44:06,,,,,,,,,,
1,22.52477139,113.9352153,3,0,1, 学府路,127,44,3,0,1, 海净路,244,73,-1, naviinfo,0,2016:01:18:19:44:06
2,22.52477139,113.9352153,22,44,0, 2016:01:18:19:43:11,0,2016:01:18:19:44:06,,,,,,,,,,
1,22.52479806,113.9352433,3,0,1, 学府路,123,44,3,0,1, 海净路,240,71,-1, naviinfo,0,2016:01:18:19:44:06
2,22.52479806,113.9352433,18,44,0, 2016:01:18:19:43:12,0,2016:01:18:19:44:06,,,,,,,,,,
1,22.5248175,113.9352636,3,0,1, 学府路,120,44,3,0,1, 海净路,237,70,-1, naviinfo,0,2016:01:18:19:44:06
2,22.5248175,113.9352636,16,44,0, 2016:01:18:19:43:13,0,2016:01:18:19:44:06,,,,,,,,,,
1,22.52482583,113.9352725,3,0,1, 学府路,119,45,3,0,1, 海净路,236,69,-1, naviinfo,0,2016:01:18:19:44:06
2,22.52482583,113.9352725,8,45,0, 2016:01:18:19:43:15,0,2016:01:18:19:44:06,,,,,,,,,,
1,22.52483694,113.9352844,3,0,1, 学府路,117,45,3,0,1, 海净路,234,69,-1, naviinfo,0,2016:01:18:19:44:06
2,22.52483694,113.9352844,9,45,0, 2016:01:18:19:43:16,0,2016:01:18:19:44:06,,,,,,,,,,
1,22.52483833,113.9352858,3,0,1, 学府路,117,43,3,0,1, 海净路,234,69,-1, naviinfo,0,2016:01:18:19:44:06
2,22.52483833,113.9352858,8,43,0, 2016:01:18:19:43:17,0,2016:01:18:19:44:06,,,,,,,,,,
1,22.52484833,113.9353003,4,0,1, 学府路,115,53,3,0,1, 海净路,232,68,-1, naviinfo,0,2016:01:18:19:44:06
2,22.52484833,113.9353003,6,53,0, 2016:01:18:19:43:20,0,2016:01:18:19:44:06,,,,,,,,,,
1,22.52485333,113.9353075,4,0,1, 学府路,114,53,3,0,1, 海净路,231,67,-1, naviinfo,0,2016:01:18:19:44:06
2,22.52485333,113.9353075,8,53,0, 2016:01:18:19:43:21,0,2016:01:18:19:44:06,,,,,,,,,,
1,22.52486139,113.9353189,4,0,1, 学府路,113,53,3,0,1, 海净路,230,67,-1, naviinfo,0,2016:01:18:19:44:06
2,22.52486139,113.9353189,9,53,0, 2016:01:18:19:43:22,0,2016:01:18:19:44:06,,,,,,,,,,
1,22.52488361,113.9353506,4,0,1, 学府路,108,53,3,0,1, 海净路,225,65,-1, naviinfo,0,2016:01:18:19:44:06
2,22.52488361,113.9353506,10,53,0, 2016:01:18:19:43:23,0,2016:01:18:19:44:06,,,,,,,,,,
1,22.52489972,113.9353736,4,0,1, 学府路,105,53,3,0,1, 海净路,222,63,-1, naviinfo,0,2016:01:18:19:44:06
2,22.52489972,113.9353736,10,53,0, 2016:01:18:19:43:24,0,2016:01:18:19:44:06,,,,,,,,,,
1,22.52490972,113.9353878,4,0,1, 学府路,104,53,3,0,1, 海净路,221,63,-1, naviinfo,0,2016:01:18:19:44:06
2,22.52490972,113.9353878,10,53,0, 2016:01:18:19:43:25,0,2016:01:18:19:44:06,,,,,,,,,,
1,22.52491889,113.9354008,4,0,1, 学府路,102,53,3,0,1, 海净路,219,62,-1, naviinfo,0,2016:01:18:19:44:06
2,22.52491889,113.9354008,9,53,0, 2016:01:18:19:43:26,0,2016:01:18:19:44:06,,,,,,,,,,
1,22.52492944,113.9354158,4,0,1, 学府路,100,53,3,0,1, 海净路,217,61,-1, naviinfo,0,2016:01:18:19:44:06
2,22.52492944,113.9354158,9,53,0, 2016:01:18:19:43:27,0,2016:01:18:19:44:06,,,,,,,,,,
1,22.52492944,113.9354158,5,0,1, 学府路,100,61,3,0,1, 海净路,217,61,-1, naviinfo,0,2016:01:18:19:44:06
2,22.52492944,113.9354158,9,61,0, 2016:01:18:19:43:28,0,2016:01:18:19:44:06,,,,,,,,,,
1,22.52492944,113.9354158,5,0,1, 学府路,100,61,3,0,1, 海净路,217,61,-1, naviinfo,0,2016:01:18:19:44:06
2,22.52492944,113.9354158,9,61,0, 2016:01:18:19:43:29,0,2016:01:18:19:44:06,,,,,,,,,,
1,22.52493306,113.9354231,5,0,1, 学府路,99,61,3,0,1, 海净路,216,61,-1, naviinfo,0,2016:01:18:19:44:06
2,22.52493306,113.9354231,10,61,0, 2016:01:18:19:43:30,0,2016:01:18:19:44:06,,,,,,,,,,
1,22.52494778,113.9354517,5,0,1, 学府路,96,61,3,0,1, 海净路,213,59,-1, naviinfo,0,2016:01:18:19:44:06
2,22.52494778,113.9354517,11,61,0, 2016:01:18:19:43:31,0,2016:01:18:19:44:06,,,,,,,,,,
1,22.52496667,113.9354883,5,0,1, 学府路,91,61,3,0,1, 海净路,208,57,-1, naviinfo,0,2016:01:18:19:44:06
2,22.52496667,113.9354883,14,61,0, 2016:01:18:19:43:32,0,2016:01:18:19:44:06,,,,,,,,,,
1,22.52501167,113.9355764,6,1,1, 学府路,81,90,3,0,1, 海净路,198,53,-1, naviinfo,0,2016:01:18:19:44:06
2,22.52501167,113.9355764,15,90,0, 2016:01:18:19:43:33,0,2016:01:18:19:44:06,,,,,,,,,,
1,22.52501167,113.9355764,6,1,1, 学府路,81,90,3,0,1, 海净路,198,53,-1, naviinfo,0,2016:01:18:19:44:06
2,22.52501167,113.9355764,17,90,0, 2016:01:18:19:43:34,0,2016:01:18:19:44:06,,,,,,,,,,
1,22.52501167,113.9355764,6,1,1, 学府路,81,90,3,0,1, 海净路,198,53,-1, naviinfo,0,2016:01:18:19:44:06
2,22.52501167,113.9355764,19,90,0, 2016:01:18:19:43:35,0,2016:01:18:19:44:06,,,,,,,,,,
1,22.52501167,113.9355764,6,1,1, 学府路,81,90,3,0,1, 海净路,198,53,-1, naviinfo,0,2016:01:18:19:44:06
2,22.52501167,113.9355764,21,90,0, 2016:01:18:19:43:36,0,2016:01:18:19:44:06,,,,,,,,,,
1,22.52501167,113.9355981,6,1,1, 学府路,79,90,3,0,1, 海净路,196,53,-1, naviinfo,0,2016:01:18:19:44:06
2,22.52501167,113.9355981,23,90,0, 2016:01:18:19:43:37,0,2016:01:18:19:44:06,,,,,,,,,,
1,22.52501167,113.9356714,6,1,1, 学府路,71,90,3,0,1, 海净路,188,51,-1, naviinfo,0,2016:01:18:19:44:06
2,22.52501167,113.9356714,23,90,0, 2016:01:18:19:43:38,0,2016:01:18:19:44:06,,,,,,,,,,
1,22.52501167,113.9357431,6,1,1, 学府路,64,90,3,0,1, 海净路,181,49,-1, naviinfo,0,2016:01:18:19:44:06
2,22.52501167,113.9357431,24,90,0, 2016:01:18:19:43:39,0,2016:01:18:19:44:06,,,,,,,,,,
1,22.52501167,113.9358064,6,1,1, 学府路,58,90,3,0,1, 海净路,175,48,-1, naviinfo,0,2016:01:18:19:44:06
2,22.52501167,113.9358064,23,90,0, 2016:01:18:19:43:40,0,2016:01:18:19:44:06,,,,,,,,,,
1,22.52501139,113.9358822,7,2,1, 学府路,50,90,3,0,1, 海净路,167,46,-1, naviinfo,0,2016:01:18:19:44:06
2,22.52501139,113.9358822,23,90,0, 2016:01:18:19:43:41,0,2016:01:18:19:44:06,,,,,,,,,,
1,22.52501083,113.9359611,7,2,1, 学府路,42,90,3,0,1, 海净路,159,44,-1, naviinfo,0,2016:01:18:19:44:06
2,22.52501083,113.9359611,22,90,0, 2016:01:18:19:43:42,0,2016:01:18:19:44:06,,,,,,,,,,
1,22.52501028,113.9360144,7,2,1, 学府路,36,91,3,0,1, 海净路,153,43,-1, naviinfo,0,2016:01:18:19:44:06
2,22.52501028,113.9360144,21,91,0, 2016:01:18:19:43:43,0,2016:01:18:19:44:06,,,,,,,,,,
1,22.52501,113.936055,7,2,1, 学府路,32,90,3,0,1, 海净路,149,42,-1, naviinfo,0,2016:01:18:19:44:06
2,22.52501,113.936055,18,90,0, 2016:01:18:19:43:44,0,2016:01:18:19:44:06,,,,,,,,,,
1,22.52500972,113.9360969,7,2,1, 学府路,28,90,3,0,1, 海净路,145,41,-1, naviinfo,0,2016:01:18:19:44:06
2,22.52500972,113.9360969,18,90,0, 2016:01:18:19:43:45,0,2016:01:18:19:44:06,,,,,,,,,,
1,22.52500917,113.9361539,7,2,1, 学府路,22,91,3,0,1, 海净路,139,40,-1, naviinfo,0,2016:01:18:19:44:06
2,22.52500917,113.9361539,18,91,0, 2016:01:18:19:43:46,0,2016:01:18:19:44:06,,,,,,,,,,
1,22.5250075,113.9363661,8,2,1, 学府路,0,167,3,0,1, 海净路,117,35,-1, naviinfo,0,2016:01:18:19:44:06
2,22.5250075,113.9363661,18,167,0, 2016:01:18:19:43:47,0,2016:01:18:19:44:06,,,,,,,,,,
1,22.5250075,113.9363661,8,2,1, 学府路,0,167,3,0,1, 海净路,117,35,-1, naviinfo,0,2016:01:18:19:44:06
2,22.5250075,113.9363661,20,167,0, 2016:01:18:19:43:48,0,2016:01:18:19:44:06,,,,,,,,,,
1,22.52500417,113.9363669,8,2,1, 学府路,0,167,3,0,1, 海净路,117,35,-1, naviinfo,0,2016:01:18:19:44:06
2,22.52500417,113.9363669,21,167,0, 2016:01:18:19:43:49,0,2016:01:18:19:44:06,,,,,,,,,,
1,22.52488667,113.9363686,0,0,2, 海净路,80,179,2,0,1, 海天一路,104,33,-1, naviinfo,0,2016:01:18:19:44:06
2,22.52488667,113.9363686,21,179,0, 2016:01:18:19:43:50,0,2016:01:18:19:44:06,,,,,,,,,,
1,22.52481833,113.9363697,0,0,2, 海净路,72,179,2,0,1, 海天一路,96,32,-1, naviinfo,0,2016:01:18:19:44:06
2,22.52481833,113.9363697,21,179,0, 2016:01:18:19:43:51,0,2016:01:18:19:44:06,,,,,,,,,,
1,22.52475139,113.9363706,0,0,2, 海净路,65,179,2,0,1, 海天一路,89,31,-1, naviinfo,0,2016:01:18:19:44:06
2,22.52475139,113.9363706,22,179,0, 2016:01:18:19:43:52,0,2016:01:18:19:44:06,,,,,,,,,,
1,22.52458944,113.9363728,0,0,2, 海净路,47,179,2,0,1, 海天一路,71,29,-1, naviinfo,0,2016:01:18:19:44:06
2,22.52458944,113.9363728,23,179,0, 2016:01:18:19:43:53,0,2016:01:18:19:44:06,,,,,,,,,,
1,22.52453306,113.9363736,0,0,2, 海净路,41,179,2,0,1, 海天一路,65,28,-1, naviinfo,0,2016:01:18:19:44:06
2,22.52453306,113.9363736,21,179,0, 2016:01:18:19:43:54,0,2016:01:18:19:44:06,,,,,,,,,,
1,22.52447583,113.9363744,0,0,2, 海净路,34,179,2,0,1, 海天一路,58,27,-1, naviinfo,0,2016:01:18:19:44:06
2,22.52447583,113.9363744,21,179,0, 2016:01:18:19:43:55,0,2016:01:18:19:44:06,,,,,,,,,,
1,22.52438889,113.9363761,1,1,2, 海净路,25,178,2,0,1, 海天一路,49,25,-1, naviinfo,0,2016:01:18:19:44:06
2,22.52438889,113.9363761,19,178,0, 2016:01:18:19:43:56,0,2016:01:18:19:44:06,,,,,,,,,,
2,22.52433861,113.9364117,17,145,0, 2016:01:18:19:43:57,0,2016:01:18:19:44:06,,,,,,,,,,
