2, 113.988718, 22.543335, 0.0, 0.0, 9.4, 2015:12:01:21:36:26, 0,2015:12:01:21:52:33
2, 113.988697, 22.543353, 0.0, 0.0, 8.5, 2015:12:01:21:36:27, 0,2015:12:01:21:52:33
2, 113.988698, 22.543355, 0.0, 0.0, 8.1, 2015:12:01:21:36:28, 0,2015:12:01:21:52:33
2, 113.988708, 22.543355, 0.0, 0.0, 7.8, 2015:12:01:21:36:29, 0,2015:12:01:21:52:33
2, 113.988715, 22.543360, 0.0, 0.0, 7.5, 2015:12:01:21:36:30, 0,2015:12:01:21:52:33
2, 113.988728, 22.543362, 0.0, 0.0, 7.4, 2015:12:01:21:36:31, 0,2015:12:01:21:52:33
2, 113.988698, 22.543397, 0.0, 0.0, 10.9, 2015:12:01:21:36:32, 0,2015:12:01:21:52:33
2, 113.988705, 22.543413, 0.0, 0.0, 9.3, 2015:12:01:21:36:34, 0,2015:12:01:21:52:33
2, 113.988695, 22.543440, 0.0, 0.0, 8.4, 2015:12:01:21:36:35, 0,2015:12:01:21:52:33
2, 113.988667, 22.543477, 2.6, 0.8, 7.4, 2015:12:01:21:36:36, 0,2015:12:01:21:52:33
2, 113.988667, 22.543513, 0.0, 0.8, 6.6, 2015:12:01:21:36:37, 0,2015:12:01:21:52:33
2, 113.988670, 22.543550, 0.0, 0.8, 6.1, 2015:12:01:21:36:38, 0,2015:12:01:21:52:33
2, 113.988688, 22.543587, 3.1, 21.8, 5.5, 2015:12:01:21:36:39, 0,2015:12:01:21:52:33
2, 113.988700, 22.543618, 2.9, 31.6, 5.1, 2015:12:01:21:36:40, 0,2015:12:01:21:52:33
2, 113.988715, 22.543643, 3.2, 40.9, 5.0, 2015:12:01:21:36:41, 0,2015:12:01:21:52:33
2, 113.988737, 22.543670, 3.9, 47.6, 4.9, 2015:12:01:21:36:42, 0,2015:12:01:21:52:33
2, 113.988768, 22.543697, 4.5, 54.2, 4.8, 2015:12:01:21:36:43, 0,2015:12:01:21:52:33
2, 113.988810, 22.543717, 5.0, 65.4, 4.7, 2015:12:01:21:36:44, 0,2015:12:01:21:52:33
2, 113.988865, 22.543732, 5.8, 74.4, 4.7, 2015:12:01:21:36:45, 0,2015:12:01:21:52:33
2, 113.988967, 22.543732, 6.8, 81.7, 4.3, 2015:12:01:21:36:46, 0,2015:12:01:21:52:33
2, 113.989067, 22.543732, 8.4, 86.2, 4.2, 2015:12:01:21:36:47, 0,2015:12:01:21:52:33
2, 113.989180, 22.543723, 10.1, 90.8, 4.1, 2015:12:01:21:36:48, 0,2015:12:01:21:52:33
2, 113.989303, 22.543715, 11.3, 91.9, 4.0, 2015:12:01:21:36:49, 0,2015:12:01:21:52:33
2, 113.989428, 22.543707, 12.1, 93.2, 4.0, 2015:12:01:21:36:50, 0,2015:12:01:21:52:33
2, 113.989553, 22.543697, 12.4, 94.2, 4.0, 2015:12:01:21:36:51, 0,2015:12:01:21:52:33
2, 113.989678, 22.543672, 12.3, 96.9, 3.8, 2015:12:01:21:36:52, 0,2015:12:01:21:52:33
2, 113.989800, 22.543657, 12.2, 97.4, 3.7, 2015:12:01:21:36:53, 0,2015:12:01:21:52:33
2, 113.989920, 22.543642, 12.0, 96.8, 3.7, 2015:12:01:21:36:54, 0,2015:12:01:21:52:33
2, 113.990038, 22.543628, 11.9, 97.1, 3.7, 2015:12:01:21:36:55, 0,2015:12:01:21:52:33
2, 113.990153, 22.543612, 11.7, 98.2, 3.7, 2015:12:01:21:36:56, 0,2015:12:01:21:52:33
2, 113.990270, 22.543592, 11.9, 100.2, 3.7, 2015:12:01:21:36:57, 0,2015:12:01:21:52:33
2, 113.990385, 22.543570, 11.8, 101.5, 3.7, 2015:12:01:21:36:58, 0,2015:12:01:21:52:33
2, 113.990498, 22.543547, 11.8, 101.9, 3.8, 2015:12:01:21:36:59, 0,2015:12:01:21:52:33
2, 113.990612, 22.543525, 11.8, 102.2, 3.9, 2015:12:01:21:37:00, 0,2015:12:01:21:52:33
2, 113.990725, 22.543510, 11.6, 101.1, 3.9, 2015:12:01:21:37:01, 0,2015:12:01:21:52:33
2, 113.990827, 22.543495, 11.0, 100.7, 4.0, 2015:12:01:21:37:02, 0,2015:12:01:21:52:33
2, 113.990923, 22.543482, 10.1, 99.2, 4.1, 2015:12:01:21:37:03, 0,2015:12:01:21:52:33
2, 113.991010, 22.543477, 9.2, 97.5, 4.1, 2015:12:01:21:37:04, 0,2015:12:01:21:52:33
2, 113.991092, 22.543467, 8.1, 96.8, 4.1, 2015:12:01:21:37:05, 0,2015:12:01:21:52:33
2, 113.991162, 22.543447, 6.6, 101.6, 4.1, 2015:12:01:21:37:06, 0,2015:12:01:21:52:33
2, 113.991222, 22.543420, 6.5, 109.6, 4.0, 2015:12:01:21:37:07, 0,2015:12:01:21:52:33
2, 113.991270, 22.543367, 6.5, 125.8, 4.0, 2015:12:01:21:37:08, 0,2015:12:01:21:52:33
2, 113.991308, 22.543305, 7.1, 141.6, 3.9, 2015:12:01:21:37:09, 0,2015:12:01:21:52:33
2, 113.991338, 22.543227, 8.1, 151.3, 3.8, 2015:12:01:21:37:10, 0,2015:12:01:21:52:33
2, 113.991365, 22.543130, 9.4, 158.4, 3.7, 2015:12:01:21:37:11, 0,2015:12:01:21:52:33
2, 113.991385, 22.543013, 11.4, 165.0, 3.6, 2015:12:01:21:37:12, 0,2015:12:01:21:52:33
2, 113.991415, 22.542893, 12.8, 165.5, 3.6, 2015:12:01:21:37:13, 0,2015:12:01:21:52:33
2, 113.991440, 22.542757, 14.2, 168.5, 3.6, 2015:12:01:21:37:14, 0,2015:12:01:21:52:33
2, 113.991467, 22.542612, 15.5, 170.1, 3.6, 2015:12:01:21:37:15, 0,2015:12:01:21:52:33
2, 113.991495, 22.542463, 15.8, 169.4, 3.5, 2015:12:01:21:37:16, 0,2015:12:01:21:52:33
2, 113.991525, 22.542313, 15.8, 167.8, 3.5, 2015:12:01:21:37:17, 0,2015:12:01:21:52:33
2, 113.991557, 22.542170, 15.4, 167.1, 3.5, 2015:12:01:21:37:18, 0,2015:12:01:21:52:33
2, 113.991592, 22.542035, 14.5, 166.1, 3.4, 2015:12:01:21:37:19, 0,2015:12:01:21:52:33
2, 113.991623, 22.541905, 13.9, 166.1, 3.4, 2015:12:01:21:37:20, 0,2015:12:01:21:52:33
2, 113.991653, 22.541780, 13.9, 167.5, 3.4, 2015:12:01:21:37:21, 0,2015:12:01:21:52:33
2, 113.991680, 22.541657, 13.5, 168.1, 3.4, 2015:12:01:21:37:22, 0,2015:12:01:21:52:33
2, 113.991703, 22.541537, 13.1, 169.7, 3.4, 2015:12:01:21:37:23, 0,2015:12:01:21:52:33
2, 113.991723, 22.541422, 12.2, 172.4, 3.4, 2015:12:01:21:37:24, 0,2015:12:01:21:52:33
2, 113.991738, 22.541313, 11.9, 173.7, 3.3, 2015:12:01:21:37:25, 0,2015:12:01:21:52:33
2, 113.991750, 22.541205, 11.7, 173.9, 3.3, 2015:12:01:21:37:26, 0,2015:12:01:21:52:33
2, 113.991763, 22.541095, 12.4, 172.0, 3.3, 2015:12:01:21:37:27, 0,2015:12:01:21:52:33
2, 113.991782, 22.540978, 12.9, 171.1, 3.3, 2015:12:01:21:37:28, 0,2015:12:01:21:52:33
2, 113.991800, 22.540858, 13.2, 170.7, 3.3, 2015:12:01:21:37:29, 0,2015:12:01:21:52:33
2, 113.991818, 22.540735, 13.5, 171.0, 3.2, 2015:12:01:21:37:30, 0,2015:12:01:21:52:33
2, 113.991837, 22.540608, 14.3, 171.1, 3.2, 2015:12:01:21:37:31, 0,2015:12:01:21:52:33
2, 113.991857, 22.540478, 14.6, 171.6, 3.2, 2015:12:01:21:37:32, 0,2015:12:01:21:52:33
2, 113.991878, 22.540347, 14.5, 171.0, 3.2, 2015:12:01:21:37:33, 0,2015:12:01:21:52:33
2, 113.991898, 22.540220, 13.6, 172.3, 3.2, 2015:12:01:21:37:34, 0,2015:12:01:21:52:33
2, 113.991913, 22.540102, 12.8, 173.7, 3.2, 2015:12:01:21:37:35, 0,2015:12:01:21:52:33
2, 113.991927, 22.539988, 12.3, 173.0, 3.2, 2015:12:01:21:37:36, 0,2015:12:01:21:52:33
2, 113.991940, 22.539878, 11.8, 172.3, 3.2, 2015:12:01:21:37:37, 0,2015:12:01:21:52:33
2, 113.991957, 22.539772, 11.9, 171.6, 3.2, 2015:12:01:21:37:38, 0,2015:12:01:21:52:33
2, 113.991973, 22.539663, 12.0, 171.5, 3.2, 2015:12:01:21:37:39, 0,2015:12:01:21:52:33
2, 113.991992, 22.539555, 11.9, 171.3, 3.2, 2015:12:01:21:37:40, 0,2015:12:01:21:52:33
2, 113.992007, 22.539450, 11.7, 172.3, 3.2, 2015:12:01:21:37:41, 0,2015:12:01:21:52:33
2, 113.992022, 22.539347, 11.4, 172.1, 3.2, 2015:12:01:21:37:42, 0,2015:12:01:21:52:33
2, 113.992037, 22.539243, 11.5, 171.0, 3.2, 2015:12:01:21:37:43, 0,2015:12:01:21:52:33
2, 113.992057, 22.539140, 11.9, 170.3, 3.2, 2015:12:01:21:37:44, 0,2015:12:01:21:52:33
2, 113.992077, 22.539030, 12.5, 170.5, 3.3, 2015:12:01:21:37:45, 0,2015:12:01:21:52:33
2, 113.992095, 22.538918, 12.5, 170.9, 3.3, 2015:12:01:21:37:46, 0,2015:12:01:21:52:33
2, 113.992117, 22.538805, 12.7, 169.6, 3.3, 2015:12:01:21:37:47, 0,2015:12:01:21:52:33
2, 113.992140, 22.538685, 13.6, 169.2, 3.3, 2015:12:01:21:37:48, 0,2015:12:01:21:52:33
2, 113.992157, 22.538560, 13.9, 169.4, 3.3, 2015:12:01:21:37:49, 0,2015:12:01:21:52:33
2, 113.992175, 22.538438, 13.2, 170.3, 3.3, 2015:12:01:21:37:50, 0,2015:12:01:21:52:33
2, 113.992192, 22.538323, 12.3, 171.4, 3.3, 2015:12:01:21:37:51, 0,2015:12:01:21:52:33
2, 113.992205, 22.538213, 11.7, 172.8, 3.3, 2015:12:01:21:37:52, 0,2015:12:01:21:52:33
2, 113.992217, 22.538110, 11.4, 173.2, 3.4, 2015:12:01:21:37:53, 0,2015:12:01:21:52:33
2, 113.992233, 22.538007, 11.6, 172.3, 3.4, 2015:12:01:21:37:54, 0,2015:12:01:21:52:33
2, 113.992250, 22.537900, 12.0, 172.1, 3.4, 2015:12:01:21:37:55, 0,2015:12:01:21:52:33
2, 113.992267, 22.537790, 12.2, 171.8, 3.4, 2015:12:01:21:37:56, 0,2015:12:01:21:52:33
2, 113.992282, 22.537682, 11.8, 171.6, 3.4, 2015:12:01:21:37:57, 0,2015:12:01:21:52:33
2, 113.992297, 22.537575, 11.4, 171.6, 3.4, 2015:12:01:21:37:58, 0,2015:12:01:21:52:33
2, 113.992308, 22.537477, 10.6, 173.2, 3.4, 2015:12:01:21:37:59, 0,2015:12:01:21:52:33
2, 113.992317, 22.537383, 10.1, 174.4, 3.4, 2015:12:01:21:38:00, 0,2015:12:01:21:52:33
2, 113.992325, 22.537290, 10.3, 174.0, 3.4, 2015:12:01:21:38:01, 0,2015:12:01:21:52:33
2, 113.992332, 22.537198, 10.1, 174.6, 3.4, 2015:12:01:21:38:02, 0,2015:12:01:21:52:33
2, 113.992340, 22.537108, 9.9, 174.3, 3.4, 2015:12:01:21:38:03, 0,2015:12:01:21:52:33
2, 113.992352, 22.537020, 9.8, 174.0, 3.4, 2015:12:01:21:38:04, 0,2015:12:01:21:52:33
2, 113.992363, 22.536932, 10.0, 173.7, 3.5, 2015:12:01:21:38:05, 0,2015:12:01:21:52:33
2, 113.992375, 22.536840, 10.2, 172.9, 3.5, 2015:12:01:21:38:06, 0,2015:12:01:21:52:33
2, 113.992388, 22.536750, 10.0, 172.3, 3.5, 2015:12:01:21:38:07, 0,2015:12:01:21:52:33
2, 113.992400, 22.536662, 9.4, 172.4, 3.5, 2015:12:01:21:38:08, 0,2015:12:01:21:52:33
2, 113.992410, 22.536583, 8.6, 173.8, 3.5, 2015:12:01:21:38:09, 0,2015:12:01:21:52:33
2, 113.992418, 22.536510, 8.2, 175.0, 3.6, 2015:12:01:21:38:10, 0,2015:12:01:21:52:33
2, 113.992422, 22.536433, 8.8, 176.9, 3.6, 2015:12:01:21:38:11, 0,2015:12:01:21:52:33
2, 113.992423, 22.536348, 9.7, 178.1, 3.6, 2015:12:01:21:38:12, 0,2015:12:01:21:52:33
2, 113.992430, 22.536257, 10.4, 176.6, 3.6, 2015:12:01:21:38:13, 0,2015:12:01:21:52:33
2, 113.992443, 22.536162, 10.4, 174.4, 3.6, 2015:12:01:21:38:14, 0,2015:12:01:21:52:33
2, 113.992455, 22.536072, 10.0, 172.7, 3.6, 2015:12:01:21:38:15, 0,2015:12:01:21:52:33
2, 113.992463, 22.535988, 8.9, 173.7, 3.6, 2015:12:01:21:38:16, 0,2015:12:01:21:52:33
2, 113.992465, 22.535913, 7.9, 176.6, 3.5, 2015:12:01:21:38:17, 0,2015:12:01:21:52:33
2, 113.992460, 22.535847, 7.5, 179.9, 3.5, 2015:12:01:21:38:18, 0,2015:12:01:21:52:33
2, 113.992448, 22.535783, 7.0, 186.8, 3.5, 2015:12:01:21:38:19, 0,2015:12:01:21:52:33
2, 113.992420, 22.535732, 6.6, 198.8, 3.4, 2015:12:01:21:38:20, 0,2015:12:01:21:52:33
2, 113.992372, 22.535687, 6.3, 213.7, 3.4, 2015:12:01:21:38:21, 0,2015:12:01:21:52:33
2, 113.992315, 22.535648, 6.8, 226.2, 3.4, 2015:12:01:21:38:22, 0,2015:12:01:21:52:33
2, 113.992240, 22.535617, 7.8, 237.6, 3.5, 2015:12:01:21:38:23, 0,2015:12:01:21:52:33
2, 113.992148, 22.535590, 8.7, 245.4, 3.5, 2015:12:01:21:38:24, 0,2015:12:01:21:52:33
2, 113.992043, 22.535568, 9.7, 250.6, 3.6, 2015:12:01:21:38:25, 0,2015:12:01:21:52:33
2, 113.991930, 22.535553, 10.5, 254.9, 3.8, 2015:12:01:21:38:26, 0,2015:12:01:21:52:33
2, 113.991788, 22.535557, 11.9, 262.4, 4.0, 2015:12:01:21:38:27, 0,2015:12:01:21:52:33
2, 113.991650, 22.535552, 12.5, 264.2, 4.0, 2015:12:01:21:38:28, 0,2015:12:01:21:52:33
2, 113.991523, 22.535568, 12.1, 267.4, 4.0, 2015:12:01:21:38:29, 0,2015:12:01:21:52:33
2, 113.991407, 22.535585, 11.1, 268.6, 4.0, 2015:12:01:21:38:30, 0,2015:12:01:21:52:33
2, 113.991295, 22.535590, 10.8, 268.6, 4.0, 2015:12:01:21:38:31, 0,2015:12:01:21:52:33
2, 113.991188, 22.535595, 10.1, 268.4, 4.0, 2015:12:01:21:38:32, 0,2015:12:01:21:52:33
2, 113.991090, 22.535598, 9.7, 269.5, 4.1, 2015:12:01:21:38:33, 0,2015:12:01:21:52:33
2, 113.990995, 22.535608, 8.8, 271.4, 4.1, 2015:12:01:21:38:34, 0,2015:12:01:21:52:33
2, 113.990908, 22.535620, 8.2, 272.7, 4.1, 2015:12:01:21:38:35, 0,2015:12:01:21:52:33
2, 113.990832, 22.535633, 7.3, 274.1, 4.1, 2015:12:01:21:38:36, 0,2015:12:01:21:52:33
2, 113.990762, 22.535642, 6.7, 274.9, 4.1, 2015:12:01:21:38:37, 0,2015:12:01:21:52:33
2, 113.990700, 22.535650, 5.9, 274.6, 4.1, 2015:12:01:21:38:38, 0,2015:12:01:21:52:33
2, 113.990648, 22.535655, 4.9, 274.1, 4.1, 2015:12:01:21:38:39, 0,2015:12:01:21:52:33
2, 113.990603, 22.535662, 4.2, 275.9, 4.1, 2015:12:01:21:38:40, 0,2015:12:01:21:52:33
2, 113.990567, 22.535667, 3.4, 274.5, 4.1, 2015:12:01:21:38:41, 0,2015:12:01:21:52:33
2, 113.990538, 22.535670, 2.6, 270.6, 4.1, 2015:12:01:21:38:42, 0,2015:12:01:21:52:33
2, 113.990517, 22.535670, 2.0, 266.0, 4.1, 2015:12:01:21:38:43, 0,2015:12:01:21:52:33
2, 113.990503, 22.535675, 1.3, 266.0, 4.1, 2015:12:01:21:38:44, 0,2015:12:01:21:52:33
2, 113.990493, 22.535680, 0.0, 266.0, 4.2, 2015:12:01:21:38:45, 0,2015:12:01:21:52:33
2, 113.990487, 22.535682, 0.0, 266.0, 4.2, 2015:12:01:21:38:46, 0,2015:12:01:21:52:33
2, 113.990487, 22.535687, 0.0, 266.0, 4.2, 2015:12:01:21:38:47, 0,2015:12:01:21:52:33
2, 113.990487, 22.535687, 0.0, 266.0, 4.2, 2015:12:01:21:38:48, 0,2015:12:01:21:52:33
2, 113.990487, 22.535687, 0.0, 266.0, 4.1, 2015:12:01:21:38:49, 0,2015:12:01:21:52:33
2, 113.990487, 22.535687, 0.0, 266.0, 4.1, 2015:12:01:21:38:50, 0,2015:12:01:21:52:33
2, 113.990460, 22.535693, 0.0, 266.0, 4.1, 2015:12:01:21:38:51, 0,2015:12:01:21:52:33
2, 113.990452, 22.535713, 1.8, 284.9, 3.9, 2015:12:01:21:38:52, 0,2015:12:01:21:52:33
2, 113.990442, 22.535722, 0.0, 284.9, 3.8, 2015:12:01:21:38:53, 0,2015:12:01:21:52:33
2, 113.990435, 22.535737, 1.2, 283.9, 3.6, 2015:12:01:21:38:54, 0,2015:12:01:21:52:33
2, 113.990428, 22.535743, 0.0, 282.1, 3.6, 2015:12:01:21:38:55, 0,2015:12:01:21:52:33
2, 113.990425, 22.535748, 0.0, 282.1, 3.5, 2015:12:01:21:38:56, 0,2015:12:01:21:52:33
2, 113.990422, 22.535750, 0.0, 282.1, 3.5, 2015:12:01:21:38:57, 0,2015:12:01:21:52:33
2, 113.990422, 22.535750, 0.0, 282.1, 3.5, 2015:12:01:21:38:58, 0,2015:12:01:21:52:33
2, 113.990422, 22.535750, 0.0, 282.1, 3.5, 2015:12:01:21:38:59, 0,2015:12:01:21:52:33
2, 113.990422, 22.535750, 0.0, 282.1, 3.4, 2015:12:01:21:39:00, 0,2015:12:01:21:52:33
2, 113.990380, 22.535765, 0.0, 279.4, 3.4, 2015:12:01:21:39:01, 0,2015:12:01:21:52:33
2, 113.990360, 22.535773, 0.0, 279.4, 3.4, 2015:12:01:21:39:02, 0,2015:12:01:21:52:33
2, 113.990342, 22.535782, 0.0, 279.4, 3.4, 2015:12:01:21:39:03, 0,2015:12:01:21:52:33
2, 113.990320, 22.535788, 2.3, 285.5, 3.5, 2015:12:01:21:39:04, 0,2015:12:01:21:52:33
2, 113.990295, 22.535797, 2.9, 285.3, 3.5, 2015:12:01:21:39:05, 0,2015:12:01:21:52:33
2, 113.990262, 22.535805, 3.4, 285.0, 3.5, 2015:12:01:21:39:06, 0,2015:12:01:21:52:33
2, 113.990225, 22.535813, 3.8, 283.7, 3.6, 2015:12:01:21:39:07, 0,2015:12:01:21:52:33
2, 113.990188, 22.535825, 4.0, 284.4, 3.6, 2015:12:01:21:39:08, 0,2015:12:01:21:52:33
2, 113.990152, 22.535838, 3.9, 284.6, 3.6, 2015:12:01:21:39:09, 0,2015:12:01:21:52:33
2, 113.990108, 22.535848, 4.3, 283.5, 3.6, 2015:12:01:21:39:10, 0,2015:12:01:21:52:33
2, 113.990060, 22.535860, 4.9, 284.7, 3.6, 2015:12:01:21:39:11, 0,2015:12:01:21:52:33
2, 113.990013, 22.535875, 4.9, 285.7, 3.6, 2015:12:01:21:39:12, 0,2015:12:01:21:52:33
2, 113.989965, 22.535892, 5.0, 286.5, 3.6, 2015:12:01:21:39:13, 0,2015:12:01:21:52:33
2, 113.989917, 22.535910, 5.4, 289.1, 3.6, 2015:12:01:21:39:14, 0,2015:12:01:21:52:33
2, 113.989862, 22.535933, 5.9, 291.6, 3.6, 2015:12:01:21:39:15, 0,2015:12:01:21:52:33
2, 113.989802, 22.535957, 6.5, 291.0, 3.6, 2015:12:01:21:39:16, 0,2015:12:01:21:52:33
2, 113.989738, 22.535977, 6.4, 289.0, 3.6, 2015:12:01:21:39:17, 0,2015:12:01:21:52:33
2, 113.989677, 22.535993, 6.4, 287.6, 3.6, 2015:12:01:21:39:18, 0,2015:12:01:21:52:33
2, 113.989612, 22.536008, 6.4, 286.1, 3.6, 2015:12:01:21:39:19, 0,2015:12:01:21:52:33
2, 113.989538, 22.536023, 7.0, 282.4, 3.6, 2015:12:01:21:39:20, 0,2015:12:01:21:52:33
2, 113.989467, 22.536040, 7.4, 281.9, 3.6, 2015:12:01:21:39:21, 0,2015:12:01:21:52:33
2, 113.989385, 22.536057, 7.9, 281.8, 3.6, 2015:12:01:21:39:22, 0,2015:12:01:21:52:33
2, 113.989303, 22.536072, 8.4, 281.1, 3.6, 2015:12:01:21:39:23, 0,2015:12:01:21:52:33
2, 113.989220, 22.536090, 8.6, 282.0, 3.6, 2015:12:01:21:39:24, 0,2015:12:01:21:52:33
2, 113.989133, 22.536110, 8.7, 281.8, 3.6, 2015:12:01:21:39:25, 0,2015:12:01:21:52:33
2, 113.989053, 22.536142, 8.7, 284.7, 3.5, 2015:12:01:21:39:26, 0,2015:12:01:21:52:33
2, 113.988972, 22.536168, 8.8, 284.0, 3.5, 2015:12:01:21:39:27, 0,2015:12:01:21:52:33
2, 113.988883, 22.536192, 9.0, 284.1, 3.4, 2015:12:01:21:39:28, 0,2015:12:01:21:52:33
2, 113.988800, 22.536217, 8.9, 285.0, 3.4, 2015:12:01:21:39:29, 0,2015:12:01:21:52:33
2, 113.988713, 22.536242, 9.0, 286.1, 3.4, 2015:12:01:21:39:30, 0,2015:12:01:21:52:33
2, 113.988627, 22.536267, 9.2, 286.8, 3.4, 2015:12:01:21:39:31, 0,2015:12:01:21:52:33
2, 113.988533, 22.536290, 9.7, 285.3, 3.4, 2015:12:01:21:39:32, 0,2015:12:01:21:52:33
2, 113.988437, 22.536307, 9.9, 281.2, 3.4, 2015:12:01:21:39:33, 0,2015:12:01:21:52:33
2, 113.988330, 22.536317, 10.8, 278.0, 3.4, 2015:12:01:21:39:34, 0,2015:12:01:21:52:33
2, 113.988213, 22.536323, 11.9, 275.7, 3.5, 2015:12:01:21:39:35, 0,2015:12:01:21:52:33
2, 113.988083, 22.536328, 12.9, 274.5, 3.5, 2015:12:01:21:39:36, 0,2015:12:01:21:52:33
2, 113.987945, 22.536332, 13.7, 274.2, 3.6, 2015:12:01:21:39:37, 0,2015:12:01:21:52:33
2, 113.987795, 22.536333, 14.6, 273.4, 3.6, 2015:12:01:21:39:38, 0,2015:12:01:21:52:33
2, 113.987643, 22.536338, 15.1, 273.3, 3.6, 2015:12:01:21:39:39, 0,2015:12:01:21:52:33
2, 113.987482, 22.536338, 15.9, 272.4, 3.6, 2015:12:01:21:39:40, 0,2015:12:01:21:52:33
2, 113.987325, 22.536343, 15.8, 272.5, 3.6, 2015:12:01:21:39:41, 0,2015:12:01:21:52:33
2, 113.987170, 22.536347, 15.6, 272.2, 3.6, 2015:12:01:21:39:42, 0,2015:12:01:21:52:33
2, 113.987015, 22.536350, 15.6, 272.0, 3.7, 2015:12:01:21:39:43, 0,2015:12:01:21:52:33
2, 113.986860, 22.536355, 15.4, 271.6, 3.7, 2015:12:01:21:39:44, 0,2015:12:01:21:52:33
2, 113.986710, 22.536357, 15.5, 271.6, 3.7, 2015:12:01:21:39:45, 0,2015:12:01:21:52:33
2, 113.986557, 22.536362, 15.6, 272.5, 3.8, 2015:12:01:21:39:46, 0,2015:12:01:21:52:33
2, 113.986400, 22.536368, 15.8, 272.8, 3.8, 2015:12:01:21:39:47, 0,2015:12:01:21:52:33
2, 113.986235, 22.536373, 15.7, 273.0, 3.8, 2015:12:01:21:39:48, 0,2015:12:01:21:52:33
2, 113.986057, 22.536380, 15.9, 273.1, 3.8, 2015:12:01:21:39:49, 0,2015:12:01:21:52:33
2, 113.985865, 22.536385, 18.8, 273.1, 3.8, 2015:12:01:21:39:50, 0,2015:12:01:21:52:33
2, 113.985670, 22.536395, 19.5, 273.5, 3.8, 2015:12:01:21:39:51, 0,2015:12:01:21:52:33
2, 113.985475, 22.536405, 19.7, 273.5, 3.8, 2015:12:01:21:39:52, 0,2015:12:01:21:52:33
2, 113.985280, 22.536415, 19.8, 273.4, 3.9, 2015:12:01:21:39:53, 0,2015:12:01:21:52:33
2, 113.985082, 22.536423, 20.2, 273.4, 3.9, 2015:12:01:21:39:54, 0,2015:12:01:21:52:33
2, 113.984877, 22.536432, 20.8, 273.5, 3.9, 2015:12:01:21:39:55, 0,2015:12:01:21:52:33
2, 113.984667, 22.536443, 21.1, 274.3, 3.9, 2015:12:01:21:39:56, 0,2015:12:01:21:52:33
2, 113.984457, 22.536457, 21.2, 274.2, 4.0, 2015:12:01:21:39:57, 0,2015:12:01:21:52:33
2, 113.984243, 22.536468, 21.4, 274.0, 4.0, 2015:12:01:21:39:58, 0,2015:12:01:21:52:33
2, 113.984028, 22.536475, 21.5, 273.4, 4.0, 2015:12:01:21:39:59, 0,2015:12:01:21:52:33
2, 113.983813, 22.536482, 21.8, 272.7, 4.1, 2015:12:01:21:40:00, 0,2015:12:01:21:52:33
2, 113.983593, 22.536485, 22.2, 271.4, 4.1, 2015:12:01:21:40:01, 0,2015:12:01:21:52:33
2, 113.983373, 22.536485, 22.3, 270.8, 4.1, 2015:12:01:21:40:02, 0,2015:12:01:21:52:33
2, 113.983150, 22.536487, 22.4, 270.8, 4.1, 2015:12:01:21:40:03, 0,2015:12:01:21:52:33
2, 113.982928, 22.536490, 22.6, 271.2, 4.1, 2015:12:01:21:40:04, 0,2015:12:01:21:52:33
2, 113.982708, 22.536495, 22.8, 271.4, 4.1, 2015:12:01:21:40:05, 0,2015:12:01:21:52:33
2, 113.982490, 22.536498, 22.4, 271.0, 4.1, 2015:12:01:21:40:06, 0,2015:12:01:21:52:33
2, 113.982272, 22.536500, 22.6, 270.4, 4.1, 2015:12:01:21:40:07, 0,2015:12:01:21:52:33
2, 113.982055, 22.536505, 21.8, 270.2, 4.0, 2015:12:01:21:40:08, 0,2015:12:01:21:52:33
2, 113.981845, 22.536500, 22.1, 269.7, 4.0, 2015:12:01:21:40:09, 0,2015:12:01:21:52:33
2, 113.981640, 22.536495, 21.9, 268.9, 3.9, 2015:12:01:21:40:10, 0,2015:12:01:21:52:33
2, 113.981438, 22.536488, 20.2, 267.9, 3.9, 2015:12:01:21:40:11, 0,2015:12:01:21:52:33
2, 113.981248, 22.536485, 19.8, 268.6, 3.9, 2015:12:01:21:40:12, 0,2015:12:01:21:52:33
2, 113.981062, 22.536487, 19.4, 269.7, 3.9, 2015:12:01:21:40:13, 0,2015:12:01:21:52:33
2, 113.980878, 22.536492, 19.2, 271.0, 3.9, 2015:12:01:21:40:14, 0,2015:12:01:21:52:33
2, 113.980698, 22.536498, 19.0, 272.2, 3.8, 2015:12:01:21:40:15, 0,2015:12:01:21:52:33
2, 113.980517, 22.536508, 19.4, 273.4, 3.8, 2015:12:01:21:40:16, 0,2015:12:01:21:52:33
2, 113.980330, 22.536520, 19.3, 273.6, 3.7, 2015:12:01:21:40:17, 0,2015:12:01:21:52:33
2, 113.980143, 22.536532, 19.2, 273.1, 3.7, 2015:12:01:21:40:18, 0,2015:12:01:21:52:33
2, 113.979963, 22.536538, 19.1, 271.7, 3.7, 2015:12:01:21:40:19, 0,2015:12:01:21:52:33
2, 113.979792, 22.536543, 17.5, 271.5, 3.6, 2015:12:01:21:40:20, 0,2015:12:01:21:52:33
2, 113.979623, 22.536548, 17.3, 271.5, 3.6, 2015:12:01:21:40:21, 0,2015:12:01:21:52:33
2, 113.979457, 22.536552, 17.1, 270.9, 3.7, 2015:12:01:21:40:22, 0,2015:12:01:21:52:33
2, 113.979293, 22.536553, 16.7, 270.4, 3.7, 2015:12:01:21:40:23, 0,2015:12:01:21:52:33
2, 113.979138, 22.536557, 16.0, 270.5, 3.7, 2015:12:01:21:40:24, 0,2015:12:01:21:52:33
2, 113.978990, 22.536557, 15.4, 270.0, 3.7, 2015:12:01:21:40:25, 0,2015:12:01:21:52:33
2, 113.978848, 22.536560, 14.7, 270.3, 3.7, 2015:12:01:21:40:26, 0,2015:12:01:21:52:33
2, 113.978708, 22.536568, 14.5, 272.5, 3.7, 2015:12:01:21:40:27, 0,2015:12:01:21:52:33
2, 113.978565, 22.536577, 14.8, 273.0, 3.7, 2015:12:01:21:40:28, 0,2015:12:01:21:52:33
2, 113.978420, 22.536585, 14.3, 273.5, 3.7, 2015:12:01:21:40:29, 0,2015:12:01:21:52:33
2, 113.978275, 22.536595, 14.3, 274.3, 3.7, 2015:12:01:21:40:30, 0,2015:12:01:21:52:33
2, 113.978130, 22.536607, 14.3, 275.7, 3.7, 2015:12:01:21:40:31, 0,2015:12:01:21:52:33
2, 113.977982, 22.536618, 15.5, 276.5, 3.6, 2015:12:01:21:40:32, 0,2015:12:01:21:52:33
2, 113.977830, 22.536633, 15.6, 276.5, 3.5, 2015:12:01:21:40:33, 0,2015:12:01:21:52:33
2, 113.977677, 22.536652, 15.7, 278.2, 3.5, 2015:12:01:21:40:34, 0,2015:12:01:21:52:33
2, 113.977523, 22.536670, 15.8, 278.6, 3.5, 2015:12:01:21:40:35, 0,2015:12:01:21:52:33
2, 113.977373, 22.536695, 15.6, 280.2, 3.4, 2015:12:01:21:40:36, 0,2015:12:01:21:52:33
2, 113.977223, 22.536720, 16.0, 281.0, 3.5, 2015:12:01:21:40:37, 0,2015:12:01:21:52:33
2, 113.977072, 22.536755, 16.2, 283.2, 3.4, 2015:12:01:21:40:38, 0,2015:12:01:21:52:33
2, 113.976923, 22.536797, 16.3, 285.8, 3.4, 2015:12:01:21:40:39, 0,2015:12:01:21:52:33
2, 113.976768, 22.536842, 16.9, 286.9, 3.4, 2015:12:01:21:40:40, 0,2015:12:01:21:52:33
2, 113.976613, 22.536893, 17.3, 287.9, 3.4, 2015:12:01:21:40:41, 0,2015:12:01:21:52:33
2, 113.976460, 22.536965, 17.7, 289.8, 3.4, 2015:12:01:21:40:42, 0,2015:12:01:21:52:33
2, 113.976303, 22.537035, 17.9, 293.1, 3.4, 2015:12:01:21:40:43, 0,2015:12:01:21:52:33
2, 113.976145, 22.537103, 18.0, 293.9, 3.4, 2015:12:01:21:40:44, 0,2015:12:01:21:52:33
2, 113.975992, 22.537178, 17.6, 295.5, 3.4, 2015:12:01:21:40:45, 0,2015:12:01:21:52:33
2, 113.975852, 22.537257, 16.8, 296.9, 3.3, 2015:12:01:21:40:46, 0,2015:12:01:21:52:33
2, 113.975712, 22.537327, 16.1, 296.3, 3.3, 2015:12:01:21:40:47, 0,2015:12:01:21:52:33
2, 113.975582, 22.537395, 15.2, 296.5, 3.2, 2015:12:01:21:40:48, 0,2015:12:01:21:52:33
2, 113.975457, 22.537458, 14.5, 297.7, 3.2, 2015:12:01:21:40:49, 0,2015:12:01:21:52:33
2, 113.975333, 22.537515, 14.2, 297.0, 3.2, 2015:12:01:21:40:50, 0,2015:12:01:21:52:33
2, 113.975213, 22.537573, 13.8, 296.7, 3.2, 2015:12:01:21:40:51, 0,2015:12:01:21:52:33
2, 113.975095, 22.537628, 13.6, 296.2, 3.2, 2015:12:01:21:40:52, 0,2015:12:01:21:52:33
2, 113.974978, 22.537680, 13.5, 295.8, 3.3, 2015:12:01:21:40:53, 0,2015:12:01:21:52:33
2, 113.974860, 22.537735, 13.5, 296.1, 3.3, 2015:12:01:21:40:54, 0,2015:12:01:21:52:33
2, 113.974742, 22.537792, 13.9, 296.0, 3.3, 2015:12:01:21:40:55, 0,2015:12:01:21:52:33
2, 113.974615, 22.537847, 14.4, 294.9, 3.3, 2015:12:01:21:40:56, 0,2015:12:01:21:52:33
2, 113.974488, 22.537903, 14.4, 296.3, 3.3, 2015:12:01:21:40:57, 0,2015:12:01:21:52:33
2, 113.974360, 22.537963, 14.8, 296.8, 3.4, 2015:12:01:21:40:58, 0,2015:12:01:21:52:33
2, 113.974225, 22.538025, 15.3, 296.7, 3.4, 2015:12:01:21:40:59, 0,2015:12:01:21:52:33
2, 113.974088, 22.538088, 15.6, 296.9, 3.4, 2015:12:01:21:41:00, 0,2015:12:01:21:52:33
2, 113.973952, 22.538152, 15.6, 296.9, 3.4, 2015:12:01:21:41:01, 0,2015:12:01:21:52:33
2, 113.973820, 22.538215, 15.1, 297.7, 3.4, 2015:12:01:21:41:02, 0,2015:12:01:21:52:33
2, 113.973698, 22.538280, 14.4, 299.4, 3.5, 2015:12:01:21:41:03, 0,2015:12:01:21:52:33
2, 113.973587, 22.538345, 13.7, 300.7, 3.5, 2015:12:01:21:41:04, 0,2015:12:01:21:52:33
2, 113.973478, 22.538403, 13.2, 298.6, 3.5, 2015:12:01:21:41:05, 0,2015:12:01:21:52:33
2, 113.973372, 22.538460, 12.7, 298.7, 3.5, 2015:12:01:21:41:06, 0,2015:12:01:21:52:33
2, 113.973265, 22.538512, 12.2, 298.3, 3.5, 2015:12:01:21:41:07, 0,2015:12:01:21:52:33
2, 113.973160, 22.538562, 12.0, 298.0, 3.5, 2015:12:01:21:41:08, 0,2015:12:01:21:52:33
2, 113.973057, 22.538613, 12.1, 298.4, 3.5, 2015:12:01:21:41:09, 0,2015:12:01:21:52:33
2, 113.972948, 22.538668, 12.6, 297.6, 3.5, 2015:12:01:21:41:10, 0,2015:12:01:21:52:33
2, 113.972835, 22.538722, 13.3, 296.0, 3.4, 2015:12:01:21:41:11, 0,2015:12:01:21:52:33
2, 113.972722, 22.538773, 13.3, 296.0, 3.4, 2015:12:01:21:41:12, 0,2015:12:01:21:52:33
2, 113.972608, 22.538825, 13.0, 294.4, 3.3, 2015:12:01:21:41:13, 0,2015:12:01:21:52:33
2, 113.972497, 22.538872, 12.7, 294.2, 3.3, 2015:12:01:21:41:14, 0,2015:12:01:21:52:33
2, 113.972387, 22.538915, 12.3, 293.4, 3.3, 2015:12:01:21:41:15, 0,2015:12:01:21:52:33
2, 113.972283, 22.538958, 11.7, 294.3, 3.3, 2015:12:01:21:41:16, 0,2015:12:01:21:52:33
2, 113.972183, 22.539002, 11.3, 295.7, 3.3, 2015:12:01:21:41:17, 0,2015:12:01:21:52:33
2, 113.972082, 22.539048, 11.5, 296.0, 3.4, 2015:12:01:21:41:18, 0,2015:12:01:21:52:33
2, 113.971980, 22.539093, 11.4, 296.1, 3.4, 2015:12:01:21:41:19, 0,2015:12:01:21:52:33
2, 113.971880, 22.539130, 10.9, 294.4, 3.4, 2015:12:01:21:41:20, 0,2015:12:01:21:52:33
2, 113.971792, 22.539167, 9.9, 295.1, 3.4, 2015:12:01:21:41:21, 0,2015:12:01:21:52:33
2, 113.971713, 22.539197, 8.3, 295.4, 3.5, 2015:12:01:21:41:22, 0,2015:12:01:21:52:33
2, 113.971650, 22.539220, 6.9, 293.8, 3.5, 2015:12:01:21:41:23, 0,2015:12:01:21:52:33
2, 113.971605, 22.539238, 5.4, 294.2, 3.5, 2015:12:01:21:41:24, 0,2015:12:01:21:52:33
2, 113.971585, 22.539248, 3.1, 297.7, 3.5, 2015:12:01:21:41:25, 0,2015:12:01:21:52:33
2, 113.971578, 22.539253, 1.5, 297.7, 3.5, 2015:12:01:21:41:26, 0,2015:12:01:21:52:33
2, 113.971578, 22.539253, 0.0, 297.7, 3.5, 2015:12:01:21:41:27, 0,2015:12:01:21:52:33
2, 113.971578, 22.539255, 0.0, 297.7, 3.5, 2015:12:01:21:41:28, 0,2015:12:01:21:52:33
2, 113.971578, 22.539253, 0.0, 297.7, 3.5, 2015:12:01:21:41:29, 0,2015:12:01:21:52:33
2, 113.971578, 22.539253, 0.0, 297.7, 3.5, 2015:12:01:21:41:30, 0,2015:12:01:21:52:33
2, 113.971578, 22.539253, 0.0, 297.7, 3.5, 2015:12:01:21:41:31, 0,2015:12:01:21:52:33
2, 113.971578, 22.539253, 0.0, 297.7, 3.5, 2015:12:01:21:41:32, 0,2015:12:01:21:52:33
2, 113.971578, 22.539253, 0.0, 297.7, 3.5, 2015:12:01:21:41:33, 0,2015:12:01:21:52:33
2, 113.971578, 22.539253, 0.0, 297.7, 3.5, 2015:12:01:21:41:34, 0,2015:12:01:21:52:33
2, 113.971578, 22.539253, 0.0, 297.7, 3.5, 2015:12:01:21:41:35, 0,2015:12:01:21:52:33
2, 113.971578, 22.539253, 0.0, 297.7, 1.2, 2015:12:01:21:41:36, 0,2015:12:01:21:52:33
2, 113.971578, 22.539253, 0.0, 297.7, 1.1, 2015:12:01:21:41:37, 0,2015:12:01:21:52:33
2, 113.971578, 22.539253, 0.0, 297.7, 1.6, 2015:12:01:21:41:38, 0,2015:12:01:21:52:33
2, 113.971578, 22.539253, 0.0, 297.7, 1.9, 2015:12:01:21:41:39, 0,2015:12:01:21:52:33
2, 113.971578, 22.539253, 0.0, 297.7, 2.1, 2015:12:01:21:41:40, 0,2015:12:01:21:52:33
2, 113.971578, 22.539253, 0.0, 297.7, 2.3, 2015:12:01:21:41:41, 0,2015:12:01:21:52:33
2, 113.971578, 22.539253, 0.0, 297.7, 1.2, 2015:12:01:21:41:42, 0,2015:12:01:21:52:33
2, 113.971578, 22.539253, 0.0, 297.7, 1.1, 2015:12:01:21:41:43, 0,2015:12:01:21:52:33
2, 113.971578, 22.539253, 0.0, 297.7, 1.1, 2015:12:01:21:41:44, 0,2015:12:01:21:52:33
2, 113.971578, 22.539253, 0.0, 297.7, 1.1, 2015:12:01:21:41:45, 0,2015:12:01:21:52:33
2, 113.971578, 22.539253, 0.0, 297.7, 1.1, 2015:12:01:21:41:46, 0,2015:12:01:21:52:33
2, 113.971578, 22.539253, 0.0, 297.7, 1.1, 2015:12:01:21:41:47, 0,2015:12:01:21:52:33
2, 113.971578, 22.539253, 0.0, 297.7, 1.1, 2015:12:01:21:41:48, 0,2015:12:01:21:52:33
2, 113.971578, 22.539253, 0.0, 297.7, 1.1, 2015:12:01:21:41:49, 0,2015:12:01:21:52:33
2, 113.971578, 22.539253, 0.0, 297.7, 1.1, 2015:12:01:21:41:50, 0,2015:12:01:21:52:33
2, 113.971578, 22.539253, 0.0, 297.7, 1.1, 2015:12:01:21:41:51, 0,2015:12:01:21:52:33
2, 113.971578, 22.539253, 0.0, 297.7, 1.1, 2015:12:01:21:41:52, 0,2015:12:01:21:52:33
2, 113.971578, 22.539253, 0.0, 297.7, 1.7, 2015:12:01:21:41:53, 0,2015:12:01:21:52:33
2, 113.971578, 22.539253, 0.0, 297.7, 2.1, 2015:12:01:21:41:54, 0,2015:12:01:21:52:33
2, 113.971578, 22.539253, 0.0, 297.7, 2.4, 2015:12:01:21:41:55, 0,2015:12:01:21:52:33
2, 113.971578, 22.539253, 0.0, 297.7, 2.6, 2015:12:01:21:41:56, 0,2015:12:01:21:52:33
2, 113.971578, 22.539253, 0.0, 297.7, 1.2, 2015:12:01:21:41:57, 0,2015:12:01:21:52:33
2, 113.971578, 22.539253, 0.0, 297.7, 1.7, 2015:12:01:21:41:58, 0,2015:12:01:21:52:33
2, 113.971578, 22.539253, 0.0, 297.7, 2.0, 2015:12:01:21:41:59, 0,2015:12:01:21:52:33
2, 113.971578, 22.539253, 0.0, 297.7, 2.2, 2015:12:01:21:42:00, 0,2015:12:01:21:52:33
2, 113.971578, 22.539253, 0.0, 297.7, 2.4, 2015:12:01:21:42:01, 0,2015:12:01:21:52:33
2, 113.971578, 22.539253, 0.0, 297.7, 1.2, 2015:12:01:21:42:02, 0,2015:12:01:21:52:33
2, 113.971578, 22.539253, 0.0, 297.7, 1.1, 2015:12:01:21:42:03, 0,2015:12:01:21:52:33
2, 113.971578, 22.539253, 0.0, 297.7, 1.5, 2015:12:01:21:42:04, 0,2015:12:01:21:52:33
2, 113.971578, 22.539253, 0.0, 297.7, 1.9, 2015:12:01:21:42:05, 0,2015:12:01:21:52:33
2, 113.971578, 22.539253, 0.0, 297.7, 2.1, 2015:12:01:21:42:06, 0,2015:12:01:21:52:33
2, 113.971578, 22.539253, 0.0, 297.7, 2.3, 2015:12:01:21:42:07, 0,2015:12:01:21:52:33
2, 113.971578, 22.539253, 0.0, 297.7, 2.5, 2015:12:01:21:42:08, 0,2015:12:01:21:52:33
2, 113.971578, 22.539253, 0.0, 297.7, 2.6, 2015:12:01:21:42:09, 0,2015:12:01:21:52:33
2, 113.971578, 22.539253, 0.0, 297.7, 2.7, 2015:12:01:21:42:10, 0,2015:12:01:21:52:33
2, 113.971578, 22.539253, 0.0, 297.7, 2.8, 2015:12:01:21:42:11, 0,2015:12:01:21:52:33
2, 113.971578, 22.539253, 0.0, 297.7, 2.9, 2015:12:01:21:42:12, 0,2015:12:01:21:52:33
2, 113.971578, 22.539253, 0.0, 297.7, 3.0, 2015:12:01:21:42:13, 0,2015:12:01:21:52:33
2, 113.971578, 22.539253, 0.0, 297.7, 3.0, 2015:12:01:21:42:14, 0,2015:12:01:21:52:33
2, 113.971578, 22.539253, 0.0, 297.7, 1.2, 2015:12:01:21:42:15, 0,2015:12:01:21:52:33
2, 113.971578, 22.539253, 0.0, 297.7, 1.1, 2015:12:01:21:42:16, 0,2015:12:01:21:52:33
2, 113.971578, 22.539253, 0.0, 297.7, 1.1, 2015:12:01:21:42:17, 0,2015:12:01:21:52:33
2, 113.971578, 22.539253, 0.0, 297.7, 1.1, 2015:12:01:21:42:18, 0,2015:12:01:21:52:33
2, 113.971578, 22.539253, 0.0, 297.7, 1.1, 2015:12:01:21:42:19, 0,2015:12:01:21:52:33
2, 113.971578, 22.539253, 0.0, 297.7, 1.1, 2015:12:01:21:42:20, 0,2015:12:01:21:52:33
2, 113.971578, 22.539253, 0.0, 297.7, 1.1, 2015:12:01:21:42:21, 0,2015:12:01:21:52:33
2, 113.971578, 22.539253, 0.0, 297.7, 1.1, 2015:12:01:21:42:22, 0,2015:12:01:21:52:33
2, 113.971578, 22.539253, 0.0, 297.7, 1.6, 2015:12:01:21:42:23, 0,2015:12:01:21:52:33
2, 113.971562, 22.539260, 2.5, 281.5, 2.0, 2015:12:01:21:42:24, 0,2015:12:01:21:52:33
2, 113.971527, 22.539270, 3.9, 284.5, 2.3, 2015:12:01:21:42:25, 0,2015:12:01:21:52:33
2, 113.971478, 22.539290, 5.3, 289.3, 2.5, 2015:12:01:21:42:26, 0,2015:12:01:21:52:33
2, 113.971412, 22.539313, 6.9, 290.6, 2.7, 2015:12:01:21:42:27, 0,2015:12:01:21:52:33
2, 113.971327, 22.539345, 8.5, 293.2, 2.8, 2015:12:01:21:42:28, 0,2015:12:01:21:52:33
2, 113.971222, 22.539387, 10.3, 294.3, 3.0, 2015:12:01:21:42:29, 0,2015:12:01:21:52:33
2, 113.971090, 22.539423, 12.2, 290.9, 3.0, 2015:12:01:21:42:30, 0,2015:12:01:21:52:33
2, 113.970940, 22.539465, 14.2, 289.0, 3.1, 2015:12:01:21:42:31, 0,2015:12:01:21:52:33
2, 113.970775, 22.539515, 16.1, 289.2, 3.1, 2015:12:01:21:42:32, 0,2015:12:01:21:52:33
2, 113.970593, 22.539573, 17.9, 289.7, 3.1, 2015:12:01:21:42:33, 0,2015:12:01:21:52:33
2, 113.970398, 22.539640, 19.5, 290.7, 3.2, 2015:12:01:21:42:34, 0,2015:12:01:21:52:33
2, 113.970193, 22.539708, 21.1, 290.1, 3.2, 2015:12:01:21:42:35, 0,2015:12:01:21:52:33
2, 113.969973, 22.539787, 22.6, 290.4, 3.2, 2015:12:01:21:42:36, 0,2015:12:01:21:52:33
2, 113.969732, 22.539877, 24.6, 290.5, 3.3, 2015:12:01:21:42:37, 0,2015:12:01:21:52:33
2, 113.969488, 22.539963, 25.2, 291.1, 3.2, 2015:12:01:21:42:38, 0,2015:12:01:21:52:33
2, 113.969242, 22.540053, 25.2, 291.4, 3.2, 2015:12:01:21:42:39, 0,2015:12:01:21:52:33
2, 113.969005, 22.540143, 24.9, 291.5, 3.1, 2015:12:01:21:42:40, 0,2015:12:01:21:52:33
2, 113.968768, 22.540228, 24.8, 291.3, 3.1, 2015:12:01:21:42:41, 0,2015:12:01:21:52:33
2, 113.968537, 22.540312, 24.5, 291.9, 3.1, 2015:12:01:21:42:42, 0,2015:12:01:21:52:33
2, 113.968310, 22.540397, 24.5, 292.0, 3.1, 2015:12:01:21:42:43, 0,2015:12:01:21:52:33
2, 113.968078, 22.540480, 24.8, 291.6, 3.1, 2015:12:01:21:42:44, 0,2015:12:01:21:52:33
2, 113.967847, 22.540567, 25.6, 291.8, 3.1, 2015:12:01:21:42:45, 0,2015:12:01:21:52:33
2, 113.967610, 22.540655, 26.3, 292.0, 3.1, 2015:12:01:21:42:46, 0,2015:12:01:21:52:33
2, 113.967365, 22.540745, 26.6, 291.7, 3.1, 2015:12:01:21:42:47, 0,2015:12:01:21:52:33
2, 113.967117, 22.540835, 27.1, 291.3, 3.1, 2015:12:01:21:42:48, 0,2015:12:01:21:52:33
2, 113.966868, 22.540927, 27.5, 291.8, 3.1, 2015:12:01:21:42:49, 0,2015:12:01:21:52:33
2, 113.966618, 22.541020, 27.5, 292.1, 3.2, 2015:12:01:21:42:50, 0,2015:12:01:21:52:33
2, 113.966372, 22.541113, 27.2, 291.9, 3.2, 2015:12:01:21:42:51, 0,2015:12:01:21:52:33
2, 113.966123, 22.541202, 26.7, 291.0, 3.3, 2015:12:01:21:42:52, 0,2015:12:01:21:52:33
2, 113.965882, 22.541290, 26.3, 291.2, 3.3, 2015:12:01:21:42:53, 0,2015:12:01:21:52:33
2, 113.965645, 22.541375, 25.6, 291.2, 3.3, 2015:12:01:21:42:54, 0,2015:12:01:21:52:33
2, 113.965412, 22.541457, 25.4, 291.3, 3.3, 2015:12:01:21:42:55, 0,2015:12:01:21:52:33
2, 113.965180, 22.541540, 24.8, 291.6, 3.3, 2015:12:01:21:42:56, 0,2015:12:01:21:52:33
2, 113.964957, 22.541622, 23.8, 291.3, 3.3, 2015:12:01:21:42:57, 0,2015:12:01:21:52:33
2, 113.964743, 22.541698, 22.8, 291.1, 3.3, 2015:12:01:21:42:58, 0,2015:12:01:21:52:33
2, 113.964538, 22.541773, 22.1, 291.3, 3.3, 2015:12:01:21:42:59, 0,2015:12:01:21:52:33
2, 113.964343, 22.541848, 20.8, 292.1, 3.3, 2015:12:01:21:43:00, 0,2015:12:01:21:52:33
2, 113.964165, 22.541917, 19.6, 292.0, 3.3, 2015:12:01:21:43:01, 0,2015:12:01:21:52:33
2, 113.964003, 22.541987, 18.3, 293.8, 3.3, 2015:12:01:21:43:02, 0,2015:12:01:21:52:33
2, 113.963857, 22.542058, 17.2, 295.9, 3.3, 2015:12:01:21:43:03, 0,2015:12:01:21:52:33
2, 113.963727, 22.542120, 15.6, 296.6, 3.4, 2015:12:01:21:43:04, 0,2015:12:01:21:52:33
2, 113.963622, 22.542173, 13.7, 297.5, 3.5, 2015:12:01:21:43:05, 0,2015:12:01:21:52:33
2, 113.963540, 22.542215, 11.4, 297.6, 3.6, 2015:12:01:21:43:06, 0,2015:12:01:21:52:33
2, 113.963487, 22.542243, 8.8, 296.4, 3.7, 2015:12:01:21:43:07, 0,2015:12:01:21:52:33
2, 113.963458, 22.542257, 6.2, 295.7, 3.8, 2015:12:01:21:43:08, 0,2015:12:01:21:52:33
2, 113.963488, 22.542238, 2.4, 286.4, 3.7, 2015:12:01:21:43:09, 0,2015:12:01:21:52:33
2, 113.963502, 22.542235, 1.2, 286.4, 3.6, 2015:12:01:21:43:10, 0,2015:12:01:21:52:33
2, 113.963515, 22.542232, 0.0, 286.4, 3.6, 2015:12:01:21:43:11, 0,2015:12:01:21:52:33
2, 113.963532, 22.542225, 0.0, 286.4, 3.5, 2015:12:01:21:43:12, 0,2015:12:01:21:52:33
2, 113.963542, 22.542222, 0.0, 286.4, 3.5, 2015:12:01:21:43:13, 0,2015:12:01:21:52:33
2, 113.963542, 22.542222, 0.0, 286.4, 3.4, 2015:12:01:21:43:14, 0,2015:12:01:21:52:33
2, 113.963542, 22.542222, 0.0, 286.4, 3.4, 2015:12:01:21:43:15, 0,2015:12:01:21:52:33
2, 113.963542, 22.542222, 0.0, 286.4, 1.2, 2015:12:01:21:43:16, 0,2015:12:01:21:52:33
2, 113.963542, 22.542222, 0.0, 286.4, 1.5, 2015:12:01:21:43:17, 0,2015:12:01:21:52:33
2, 113.963542, 22.542222, 0.0, 286.4, 1.8, 2015:12:01:21:43:18, 0,2015:12:01:21:52:33
2, 113.963542, 22.542222, 0.0, 286.4, 2.0, 2015:12:01:21:43:19, 0,2015:12:01:21:52:33
2, 113.963542, 22.542222, 0.0, 286.4, 2.1, 2015:12:01:21:43:20, 0,2015:12:01:21:52:33
2, 113.963542, 22.542222, 0.0, 286.4, 1.2, 2015:12:01:21:43:21, 0,2015:12:01:21:52:33
2, 113.963542, 22.542222, 0.0, 286.4, 1.1, 2015:12:01:21:43:22, 0,2015:12:01:21:52:33
2, 113.963542, 22.542222, 0.0, 286.4, 1.1, 2015:12:01:21:43:23, 0,2015:12:01:21:52:33
2, 113.963542, 22.542222, 0.0, 286.4, 1.1, 2015:12:01:21:43:24, 0,2015:12:01:21:52:33
2, 113.963542, 22.542222, 0.0, 286.4, 1.1, 2015:12:01:21:43:25, 0,2015:12:01:21:52:33
2, 113.963542, 22.542222, 0.0, 286.4, 1.5, 2015:12:01:21:43:26, 0,2015:12:01:21:52:33
2, 113.963542, 22.542222, 0.0, 286.4, 1.7, 2015:12:01:21:43:27, 0,2015:12:01:21:52:33
2, 113.963542, 22.542222, 0.0, 286.4, 1.9, 2015:12:01:21:43:28, 0,2015:12:01:21:52:33
2, 113.963542, 22.542222, 0.0, 286.4, 2.1, 2015:12:01:21:43:29, 0,2015:12:01:21:52:33
2, 113.963542, 22.542222, 0.0, 286.4, 1.2, 2015:12:01:21:43:30, 0,2015:12:01:21:52:33
2, 113.963542, 22.542222, 0.0, 286.4, 1.1, 2015:12:01:21:43:31, 0,2015:12:01:21:52:33
2, 113.963542, 22.542222, 0.0, 286.4, 1.4, 2015:12:01:21:43:32, 0,2015:12:01:21:52:33
2, 113.963542, 22.542222, 0.0, 286.4, 1.7, 2015:12:01:21:43:33, 0,2015:12:01:21:52:33
2, 113.963542, 22.542222, 0.0, 286.4, 1.8, 2015:12:01:21:43:34, 0,2015:12:01:21:52:33
2, 113.963542, 22.542222, 0.0, 286.4, 2.0, 2015:12:01:21:43:35, 0,2015:12:01:21:52:33
2, 113.963542, 22.542222, 0.0, 286.4, 1.2, 2015:12:01:21:43:36, 0,2015:12:01:21:52:33
2, 113.963542, 22.542222, 0.0, 286.4, 1.5, 2015:12:01:21:43:37, 0,2015:12:01:21:52:33
2, 113.963542, 22.542222, 0.0, 286.4, 1.7, 2015:12:01:21:43:38, 0,2015:12:01:21:52:33
2, 113.963542, 22.542222, 0.0, 286.4, 1.9, 2015:12:01:21:43:39, 0,2015:12:01:21:52:33
2, 113.963512, 22.542223, 1.6, 285.5, 2.1, 2015:12:01:21:43:40, 0,2015:12:01:21:52:33
2, 113.963485, 22.542227, 2.9, 279.0, 2.3, 2015:12:01:21:43:41, 0,2015:12:01:21:52:33
2, 113.963440, 22.542240, 4.4, 285.2, 2.5, 2015:12:01:21:43:42, 0,2015:12:01:21:52:33
2, 113.963370, 22.542258, 6.4, 284.2, 2.7, 2015:12:01:21:43:43, 0,2015:12:01:21:52:33
2, 113.963277, 22.542293, 8.5, 289.4, 2.9, 2015:12:01:21:43:44, 0,2015:12:01:21:52:33
2, 113.963155, 22.542337, 10.8, 289.9, 3.1, 2015:12:01:21:43:45, 0,2015:12:01:21:52:33
2, 113.963015, 22.542390, 12.9, 291.3, 3.3, 2015:12:01:21:43:46, 0,2015:12:01:21:52:33
2, 113.962853, 22.542463, 15.4, 294.4, 3.4, 2015:12:01:21:43:47, 0,2015:12:01:21:52:33
2, 113.962682, 22.542522, 16.6, 293.1, 3.4, 2015:12:01:21:43:48, 0,2015:12:01:21:52:33
2, 113.962500, 22.542578, 17.5, 290.9, 3.4, 2015:12:01:21:43:49, 0,2015:12:01:21:52:33
2, 113.962337, 22.542635, 17.3, 290.4, 3.5, 2015:12:01:21:43:50, 0,2015:12:01:21:52:33
2, 113.962172, 22.542688, 17.3, 290.0, 3.5, 2015:12:01:21:43:51, 0,2015:12:01:21:52:33
2, 113.962010, 22.542747, 17.1, 291.7, 3.5, 2015:12:01:21:43:52, 0,2015:12:01:21:52:33
2, 113.961852, 22.542797, 16.4, 291.5, 3.5, 2015:12:01:21:43:53, 0,2015:12:01:21:52:33
2, 113.961703, 22.542850, 15.8, 291.8, 3.6, 2015:12:01:21:43:54, 0,2015:12:01:21:52:33
2, 113.961562, 22.542903, 15.5, 291.6, 3.6, 2015:12:01:21:43:55, 0,2015:12:01:21:52:33
2, 113.961417, 22.542948, 15.4, 289.8, 3.6, 2015:12:01:21:43:56, 0,2015:12:01:21:52:33
2, 113.961277, 22.542995, 14.9, 289.4, 3.6, 2015:12:01:21:43:57, 0,2015:12:01:21:52:33
2, 113.961140, 22.543038, 14.5, 288.8, 3.7, 2015:12:01:21:43:58, 0,2015:12:01:21:52:33
2, 113.961003, 22.543075, 14.2, 287.6, 3.7, 2015:12:01:21:43:59, 0,2015:12:01:21:52:33
2, 113.960873, 22.543110, 13.6, 286.4, 3.8, 2015:12:01:21:44:00, 0,2015:12:01:21:52:33
2, 113.960753, 22.543137, 12.5, 284.2, 3.9, 2015:12:01:21:44:01, 0,2015:12:01:21:52:33
2, 113.960647, 22.543160, 11.2, 282.9, 3.9, 2015:12:01:21:44:02, 0,2015:12:01:21:52:33
2, 113.960550, 22.543180, 10.1, 282.1, 3.9, 2015:12:01:21:44:03, 0,2015:12:01:21:52:33
2, 113.960457, 22.543187, 8.9, 280.5, 3.9, 2015:12:01:21:44:04, 0,2015:12:01:21:52:33
2, 113.960387, 22.543200, 7.3, 279.0, 3.8, 2015:12:01:21:44:05, 0,2015:12:01:21:52:33
2, 113.960332, 22.543207, 5.6, 277.6, 3.7, 2015:12:01:21:44:06, 0,2015:12:01:21:52:33
2, 113.960313, 22.543215, 2.8, 278.6, 3.7, 2015:12:01:21:44:07, 0,2015:12:01:21:52:33
2, 113.960305, 22.543215, 1.4, 278.6, 3.6, 2015:12:01:21:44:08, 0,2015:12:01:21:52:33
2, 113.960315, 22.543222, 0.0, 278.6, 3.5, 2015:12:01:21:44:09, 0,2015:12:01:21:52:33
2, 113.960322, 22.543228, 0.0, 278.6, 3.5, 2015:12:01:21:44:10, 0,2015:12:01:21:52:33
2, 113.960323, 22.543232, 0.0, 278.6, 3.4, 2015:12:01:21:44:11, 0,2015:12:01:21:52:33
2, 113.960323, 22.543232, 0.0, 278.6, 3.4, 2015:12:01:21:44:12, 0,2015:12:01:21:52:33
2, 113.960323, 22.543232, 0.0, 278.6, 3.4, 2015:12:01:21:44:13, 0,2015:12:01:21:52:33
2, 113.960323, 22.543232, 0.0, 278.6, 3.4, 2015:12:01:21:44:14, 0,2015:12:01:21:52:33
2, 113.960323, 22.543232, 0.0, 278.6, 3.4, 2015:12:01:21:44:15, 0,2015:12:01:21:52:33
2, 113.960323, 22.543232, 0.0, 278.6, 3.4, 2015:12:01:21:44:16, 0,2015:12:01:21:52:33
2, 113.960323, 22.543232, 0.0, 278.6, 3.4, 2015:12:01:21:44:17, 0,2015:12:01:21:52:33
2, 113.960323, 22.543232, 0.0, 278.6, 1.2, 2015:12:01:21:44:18, 0,2015:12:01:21:52:33
2, 113.960323, 22.543232, 0.0, 278.6, 1.1, 2015:12:01:21:44:19, 0,2015:12:01:21:52:33
2, 113.960323, 22.543232, 0.0, 278.6, 1.1, 2015:12:01:21:44:20, 0,2015:12:01:21:52:33
2, 113.960323, 22.543232, 0.0, 278.6, 1.6, 2015:12:01:21:44:21, 0,2015:12:01:21:52:33
2, 113.960323, 22.543232, 0.0, 278.6, 1.9, 2015:12:01:21:44:22, 0,2015:12:01:21:52:33
2, 113.960323, 22.543232, 0.0, 278.6, 2.2, 2015:12:01:21:44:23, 0,2015:12:01:21:52:33
2, 113.960323, 22.543232, 0.0, 278.6, 2.4, 2015:12:01:21:44:24, 0,2015:12:01:21:52:33
2, 113.960323, 22.543232, 0.0, 278.6, 2.5, 2015:12:01:21:44:25, 0,2015:12:01:21:52:33
2, 113.960323, 22.543232, 0.0, 278.6, 2.6, 2015:12:01:21:44:26, 0,2015:12:01:21:52:33
2, 113.960323, 22.543232, 0.0, 278.6, 2.7, 2015:12:01:21:44:27, 0,2015:12:01:21:52:33
2, 113.960323, 22.543232, 0.0, 278.6, 2.8, 2015:12:01:21:44:28, 0,2015:12:01:21:52:33
2, 113.960323, 22.543232, 0.0, 278.6, 2.9, 2015:12:01:21:44:29, 0,2015:12:01:21:52:33
2, 113.960297, 22.543247, 1.9, 289.7, 3.0, 2015:12:01:21:44:30, 0,2015:12:01:21:52:33
2, 113.960267, 22.543253, 3.0, 283.4, 3.0, 2015:12:01:21:44:31, 0,2015:12:01:21:52:33
2, 113.960230, 22.543263, 4.2, 281.7, 3.0, 2015:12:01:21:44:32, 0,2015:12:01:21:52:33
2, 113.960187, 22.543272, 4.9, 279.1, 3.0, 2015:12:01:21:44:33, 0,2015:12:01:21:52:33
2, 113.960137, 22.543283, 5.2, 281.4, 3.0, 2015:12:01:21:44:34, 0,2015:12:01:21:52:33
2, 113.960082, 22.543295, 6.0, 281.4, 3.0, 2015:12:01:21:44:35, 0,2015:12:01:21:52:33
2, 113.960030, 22.543310, 6.2, 279.1, 3.0, 2015:12:01:21:44:36, 0,2015:12:01:21:52:33
2, 113.959972, 22.543325, 6.4, 281.4, 2.9, 2015:12:01:21:44:37, 0,2015:12:01:21:52:33
2, 113.959905, 22.543342, 7.1, 281.7, 2.9, 2015:12:01:21:44:38, 0,2015:12:01:21:52:33
2, 113.959828, 22.543358, 8.3, 281.4, 2.9, 2015:12:01:21:44:39, 0,2015:12:01:21:52:33
2, 113.959735, 22.543375, 9.6, 281.5, 2.9, 2015:12:01:21:44:40, 0,2015:12:01:21:52:33
2, 113.959633, 22.543392, 10.4, 279.7, 2.9, 2015:12:01:21:44:41, 0,2015:12:01:21:52:33
2, 113.959525, 22.543407, 11.3, 277.9, 2.9, 2015:12:01:21:44:42, 0,2015:12:01:21:52:33
2, 113.959415, 22.543420, 11.1, 276.8, 2.8, 2015:12:01:21:44:43, 0,2015:12:01:21:52:33
2, 113.959305, 22.543432, 11.1, 276.0, 2.8, 2015:12:01:21:44:44, 0,2015:12:01:21:52:33
2, 113.959195, 22.543443, 11.3, 275.9, 2.9, 2015:12:01:21:44:45, 0,2015:12:01:21:52:33
2, 113.959085, 22.543455, 11.5, 275.7, 2.9, 2015:12:01:21:44:46, 0,2015:12:01:21:52:33
2, 113.958970, 22.543465, 11.5, 275.7, 2.9, 2015:12:01:21:44:47, 0,2015:12:01:21:52:33
2, 113.958857, 22.543478, 11.3, 276.2, 2.9, 2015:12:01:21:44:48, 0,2015:12:01:21:52:33
2, 113.958742, 22.543488, 11.6, 274.8, 2.9, 2015:12:01:21:44:49, 0,2015:12:01:21:52:33
2, 113.958625, 22.543498, 11.8, 274.8, 2.9, 2015:12:01:21:44:50, 0,2015:12:01:21:52:33
2, 113.958503, 22.543507, 12.3, 273.8, 2.9, 2015:12:01:21:44:51, 0,2015:12:01:21:52:33
2, 113.958380, 22.543515, 12.7, 273.3, 2.9, 2015:12:01:21:44:52, 0,2015:12:01:21:52:33
2, 113.958253, 22.543520, 12.9, 272.0, 2.9, 2015:12:01:21:44:53, 0,2015:12:01:21:52:33
2, 113.958125, 22.543522, 13.2, 271.1, 3.0, 2015:12:01:21:44:54, 0,2015:12:01:21:52:33
2, 113.957993, 22.543525, 13.5, 271.1, 3.0, 2015:12:01:21:44:55, 0,2015:12:01:21:52:33
2, 113.957857, 22.543525, 13.9, 270.6, 3.1, 2015:12:01:21:44:56, 0,2015:12:01:21:52:33
2, 113.957717, 22.543527, 14.0, 270.3, 3.1, 2015:12:01:21:44:57, 0,2015:12:01:21:52:33
2, 113.957572, 22.543523, 14.2, 269.3, 3.2, 2015:12:01:21:44:58, 0,2015:12:01:21:52:33
2, 113.957425, 22.543522, 14.3, 269.6, 3.2, 2015:12:01:21:44:59, 0,2015:12:01:21:52:33
2, 113.957283, 22.543518, 14.4, 269.3, 3.2, 2015:12:01:21:45:00, 0,2015:12:01:21:52:33
2, 113.957143, 22.543517, 14.4, 269.3, 3.2, 2015:12:01:21:45:01, 0,2015:12:01:21:52:33
2, 113.957005, 22.543510, 14.5, 267.9, 3.2, 2015:12:01:21:45:02, 0,2015:12:01:21:52:33
2, 113.956870, 22.543505, 13.8, 267.8, 3.1, 2015:12:01:21:45:03, 0,2015:12:01:21:52:33
2, 113.956738, 22.543500, 13.3, 268.5, 3.1, 2015:12:01:21:45:04, 0,2015:12:01:21:52:33
2, 113.956608, 22.543495, 13.2, 269.4, 3.1, 2015:12:01:21:45:05, 0,2015:12:01:21:52:33
2, 113.956480, 22.543495, 13.2, 270.4, 3.1, 2015:12:01:21:45:06, 0,2015:12:01:21:52:33
2, 113.956355, 22.543495, 12.4, 268.5, 3.1, 2015:12:01:21:45:07, 0,2015:12:01:21:52:33
2, 113.956233, 22.543492, 12.2, 268.4, 3.1, 2015:12:01:21:45:08, 0,2015:12:01:21:52:33
2, 113.956112, 22.543490, 12.3, 268.3, 3.1, 2015:12:01:21:45:09, 0,2015:12:01:21:52:33
2, 113.955987, 22.543488, 12.7, 268.8, 3.1, 2015:12:01:21:45:10, 0,2015:12:01:21:52:33
2, 113.955858, 22.543485, 13.0, 268.2, 3.1, 2015:12:01:21:45:11, 0,2015:12:01:21:52:33
2, 113.955727, 22.543482, 13.4, 268.8, 3.1, 2015:12:01:21:45:12, 0,2015:12:01:21:52:33
2, 113.955592, 22.543477, 13.7, 268.5, 3.1, 2015:12:01:21:45:13, 0,2015:12:01:21:52:33
2, 113.955455, 22.543475, 13.9, 268.8, 3.1, 2015:12:01:21:45:14, 0,2015:12:01:21:52:33
2, 113.955315, 22.543472, 14.1, 269.1, 3.1, 2015:12:01:21:45:15, 0,2015:12:01:21:52:33
2, 113.955178, 22.543470, 14.0, 268.9, 3.1, 2015:12:01:21:45:16, 0,2015:12:01:21:52:33
2, 113.955048, 22.543467, 12.8, 268.1, 3.0, 2015:12:01:21:45:17, 0,2015:12:01:21:52:33
2, 113.954938, 22.543463, 12.0, 267.7, 3.0, 2015:12:01:21:45:18, 0,2015:12:01:21:52:33
2, 113.954827, 22.543463, 11.5, 268.6, 2.9, 2015:12:01:21:45:19, 0,2015:12:01:21:52:33
2, 113.954718, 22.543467, 11.5, 269.3, 2.9, 2015:12:01:21:45:20, 0,2015:12:01:21:52:33
2, 113.954607, 22.543467, 11.5, 269.9, 2.8, 2015:12:01:21:45:21, 0,2015:12:01:21:52:33
2, 113.954495, 22.543467, 11.8, 270.2, 2.8, 2015:12:01:21:45:22, 0,2015:12:01:21:52:33
2, 113.954378, 22.543467, 12.3, 269.5, 2.8, 2015:12:01:21:45:23, 0,2015:12:01:21:52:33
2, 113.954257, 22.543463, 12.7, 269.2, 2.8, 2015:12:01:21:45:24, 0,2015:12:01:21:52:33
2, 113.954132, 22.543462, 13.0, 269.4, 2.8, 2015:12:01:21:45:25, 0,2015:12:01:21:52:33
2, 113.954003, 22.543460, 13.6, 269.3, 2.8, 2015:12:01:21:45:26, 0,2015:12:01:21:52:33
2, 113.953870, 22.543458, 13.6, 269.2, 2.8, 2015:12:01:21:45:27, 0,2015:12:01:21:52:33
2, 113.953735, 22.543457, 13.7, 269.2, 2.8, 2015:12:01:21:45:28, 0,2015:12:01:21:52:33
2, 113.953598, 22.543457, 14.3, 269.3, 2.8, 2015:12:01:21:45:29, 0,2015:12:01:21:52:33
2, 113.953455, 22.543455, 14.3, 269.0, 2.8, 2015:12:01:21:45:30, 0,2015:12:01:21:52:33
2, 113.953307, 22.543453, 15.5, 268.8, 2.8, 2015:12:01:21:45:31, 0,2015:12:01:21:52:33
2, 113.953153, 22.543450, 16.0, 269.3, 2.8, 2015:12:01:21:45:32, 0,2015:12:01:21:52:33
2, 113.952995, 22.543447, 16.4, 268.5, 2.8, 2015:12:01:21:45:33, 0,2015:12:01:21:52:33
2, 113.952835, 22.543443, 16.5, 268.8, 2.9, 2015:12:01:21:45:34, 0,2015:12:01:21:52:33
2, 113.952673, 22.543440, 16.8, 268.8, 2.9, 2015:12:01:21:45:35, 0,2015:12:01:21:52:33
2, 113.952500, 22.543435, 17.1, 269.4, 2.9, 2015:12:01:21:45:36, 0,2015:12:01:21:52:33
2, 113.952320, 22.543432, 18.5, 269.1, 2.9, 2015:12:01:21:45:37, 0,2015:12:01:21:52:33
2, 113.952138, 22.543428, 18.4, 268.7, 2.9, 2015:12:01:21:45:38, 0,2015:12:01:21:52:33
2, 113.951958, 22.543425, 18.6, 269.6, 3.0, 2015:12:01:21:45:39, 0,2015:12:01:21:52:33
2, 113.951777, 22.543422, 18.5, 268.8, 3.0, 2015:12:01:21:45:40, 0,2015:12:01:21:52:33
2, 113.951593, 22.543417, 18.8, 268.8, 3.0, 2015:12:01:21:45:41, 0,2015:12:01:21:52:33
2, 113.951408, 22.543415, 19.1, 269.3, 3.0, 2015:12:01:21:45:42, 0,2015:12:01:21:52:33
2, 113.951220, 22.543412, 19.4, 269.0, 3.0, 2015:12:01:21:45:43, 0,2015:12:01:21:52:33
2, 113.951030, 22.543408, 19.4, 269.3, 3.1, 2015:12:01:21:45:44, 0,2015:12:01:21:52:33
2, 113.950843, 22.543405, 19.0, 268.9, 3.1, 2015:12:01:21:45:45, 0,2015:12:01:21:52:33
2, 113.950655, 22.543398, 18.9, 268.6, 3.1, 2015:12:01:21:45:46, 0,2015:12:01:21:52:33
2, 113.950473, 22.543393, 17.9, 269.0, 3.1, 2015:12:01:21:45:47, 0,2015:12:01:21:52:33
2, 113.950302, 22.543393, 16.9, 270.3, 3.1, 2015:12:01:21:45:48, 0,2015:12:01:21:52:33
2, 113.950143, 22.543390, 15.5, 269.0, 3.1, 2015:12:01:21:45:49, 0,2015:12:01:21:52:33
2, 113.950003, 22.543385, 13.6, 267.3, 3.1, 2015:12:01:21:45:50, 0,2015:12:01:21:52:33
2, 113.949890, 22.543382, 10.9, 266.9, 3.1, 2015:12:01:21:45:51, 0,2015:12:01:21:52:33
2, 113.949797, 22.543377, 9.4, 265.6, 3.1, 2015:12:01:21:45:52, 0,2015:12:01:21:52:33
2, 113.949715, 22.543383, 8.7, 272.0, 3.1, 2015:12:01:21:45:53, 0,2015:12:01:21:52:33
2, 113.949637, 22.543390, 8.3, 274.2, 3.1, 2015:12:01:21:45:54, 0,2015:12:01:21:52:33
2, 113.949568, 22.543397, 7.2, 273.0, 3.1, 2015:12:01:21:45:55, 0,2015:12:01:21:52:33
2, 113.949508, 22.543402, 6.0, 275.1, 3.1, 2015:12:01:21:45:56, 0,2015:12:01:21:52:33
2, 113.949463, 22.543407, 4.6, 278.0, 3.2, 2015:12:01:21:45:57, 0,2015:12:01:21:52:33
2, 113.949438, 22.543410, 3.0, 281.9, 3.3, 2015:12:01:21:45:58, 0,2015:12:01:21:52:33
2, 113.949432, 22.543412, 1.4, 281.9, 3.4, 2015:12:01:21:45:59, 0,2015:12:01:21:52:33
2, 113.949432, 22.543422, 0.0, 281.9, 3.4, 2015:12:01:21:46:00, 0,2015:12:01:21:52:33
2, 113.949435, 22.543428, 0.0, 281.9, 3.4, 2015:12:01:21:46:01, 0,2015:12:01:21:52:33
2, 113.949438, 22.543437, 0.0, 281.9, 3.4, 2015:12:01:21:46:02, 0,2015:12:01:21:52:33
2, 113.949438, 22.543437, 0.0, 281.9, 3.4, 2015:12:01:21:46:03, 0,2015:12:01:21:52:33
2, 113.949438, 22.543437, 0.0, 281.9, 3.4, 2015:12:01:21:46:04, 0,2015:12:01:21:52:33
2, 113.949438, 22.543437, 0.0, 281.9, 3.4, 2015:12:01:21:46:05, 0,2015:12:01:21:52:33
2, 113.949438, 22.543437, 0.0, 281.9, 3.4, 2015:12:01:21:46:06, 0,2015:12:01:21:52:33
2, 113.949438, 22.543437, 0.0, 281.9, 3.4, 2015:12:01:21:46:07, 0,2015:12:01:21:52:33
2, 113.949438, 22.543437, 0.0, 281.9, 3.4, 2015:12:01:21:46:08, 0,2015:12:01:21:52:33
2, 113.949438, 22.543437, 0.0, 281.9, 3.5, 2015:12:01:21:46:09, 0,2015:12:01:21:52:33
2, 113.949438, 22.543437, 0.0, 281.9, 3.5, 2015:12:01:21:46:10, 0,2015:12:01:21:52:33
2, 113.949438, 22.543437, 0.0, 281.9, 3.5, 2015:12:01:21:46:11, 0,2015:12:01:21:52:33
2, 113.949438, 22.543437, 0.0, 281.9, 3.5, 2015:12:01:21:46:12, 0,2015:12:01:21:52:33
2, 113.949438, 22.543437, 0.0, 281.9, 1.2, 2015:12:01:21:46:13, 0,2015:12:01:21:52:33
2, 113.949438, 22.543437, 0.0, 281.9, 1.1, 2015:12:01:21:46:14, 0,2015:12:01:21:52:33
2, 113.949438, 22.543437, 0.0, 281.9, 1.1, 2015:12:01:21:46:15, 0,2015:12:01:21:52:33
2, 113.949438, 22.543437, 0.0, 281.9, 1.1, 2015:12:01:21:46:16, 0,2015:12:01:21:52:33
2, 113.949438, 22.543437, 0.0, 281.9, 1.1, 2015:12:01:21:46:17, 0,2015:12:01:21:52:33
2, 113.949438, 22.543437, 0.0, 281.9, 1.6, 2015:12:01:21:46:18, 0,2015:12:01:21:52:33
2, 113.949438, 22.543437, 0.0, 281.9, 1.8, 2015:12:01:21:46:19, 0,2015:12:01:21:52:33
2, 113.949438, 22.543437, 0.0, 281.9, 1.9, 2015:12:01:21:46:20, 0,2015:12:01:21:52:33
2, 113.949438, 22.543437, 0.0, 281.9, 2.1, 2015:12:01:21:46:21, 0,2015:12:01:21:52:33
2, 113.949438, 22.543437, 0.0, 281.9, 1.2, 2015:12:01:21:46:22, 0,2015:12:01:21:52:33
2, 113.949438, 22.543437, 0.0, 281.9, 1.1, 2015:12:01:21:46:23, 0,2015:12:01:21:52:33
2, 113.949438, 22.543437, 0.0, 281.9, 1.1, 2015:12:01:21:46:24, 0,2015:12:01:21:52:33
2, 113.949438, 22.543437, 0.0, 281.9, 1.1, 2015:12:01:21:46:25, 0,2015:12:01:21:52:33
2, 113.949438, 22.543437, 0.0, 281.9, 1.1, 2015:12:01:21:46:26, 0,2015:12:01:21:52:33
2, 113.949438, 22.543437, 0.0, 281.9, 1.4, 2015:12:01:21:46:27, 0,2015:12:01:21:52:33
2, 113.949438, 22.543437, 0.0, 281.9, 1.7, 2015:12:01:21:46:28, 0,2015:12:01:21:52:33
2, 113.949438, 22.543437, 0.0, 281.9, 1.9, 2015:12:01:21:46:29, 0,2015:12:01:21:52:33
2, 113.949438, 22.543437, 0.0, 231.2, 2.1, 2015:12:01:21:46:30, 0,2015:12:01:21:52:33
2, 113.949438, 22.543437, 0.0, 231.2, 2.3, 2015:12:01:21:46:31, 0,2015:12:01:21:52:33
2, 113.949438, 22.543437, 0.0, 231.2, 2.4, 2015:12:01:21:46:32, 0,2015:12:01:21:52:33
2, 113.949438, 22.543437, 0.0, 231.2, 2.5, 2015:12:01:21:46:33, 0,2015:12:01:21:52:33
2, 113.949438, 22.543437, 0.0, 231.2, 2.5, 2015:12:01:21:46:34, 0,2015:12:01:21:52:33
2, 113.949438, 22.543437, 0.0, 231.2, 1.2, 2015:12:01:21:46:35, 0,2015:12:01:21:52:33
2, 113.949438, 22.543437, 0.0, 231.2, 1.5, 2015:12:01:21:46:36, 0,2015:12:01:21:52:33
2, 113.949438, 22.543437, 0.0, 231.2, 1.7, 2015:12:01:21:46:37, 0,2015:12:01:21:52:33
2, 113.949438, 22.543437, 0.0, 231.2, 1.9, 2015:12:01:21:46:38, 0,2015:12:01:21:52:33
2, 113.949438, 22.543437, 0.0, 231.2, 2.1, 2015:12:01:21:46:39, 0,2015:12:01:21:52:33
2, 113.949438, 22.543437, 0.0, 231.2, 2.2, 2015:12:01:21:46:40, 0,2015:12:01:21:52:33
2, 113.949438, 22.543437, 0.0, 231.2, 2.3, 2015:12:01:21:46:41, 0,2015:12:01:21:52:33
2, 113.949438, 22.543437, 0.0, 231.2, 2.4, 2015:12:01:21:46:42, 0,2015:12:01:21:52:33
2, 113.949438, 22.543437, 0.0, 231.2, 2.5, 2015:12:01:21:46:43, 0,2015:12:01:21:52:33
2, 113.949438, 22.543437, 0.0, 231.2, 2.6, 2015:12:01:21:46:44, 0,2015:12:01:21:52:33
2, 113.949413, 22.543423, 3.3, 258.9, 2.7, 2015:12:01:21:46:45, 0,2015:12:01:21:52:33
2, 113.949373, 22.543415, 4.1, 258.2, 2.8, 2015:12:01:21:46:46, 0,2015:12:01:21:52:33
2, 113.949333, 22.543403, 4.2, 256.6, 2.8, 2015:12:01:21:46:47, 0,2015:12:01:21:52:33
2, 113.949287, 22.543398, 4.7, 263.9, 2.9, 2015:12:01:21:46:48, 0,2015:12:01:21:52:33
2, 113.949227, 22.543393, 6.0, 265.4, 3.0, 2015:12:01:21:46:49, 0,2015:12:01:21:52:33
2, 113.949152, 22.543382, 7.2, 264.2, 3.0, 2015:12:01:21:46:50, 0,2015:12:01:21:52:33
2, 113.949062, 22.543380, 8.4, 266.6, 3.1, 2015:12:01:21:46:51, 0,2015:12:01:21:52:33
2, 113.948963, 22.543373, 9.7, 265.4, 3.2, 2015:12:01:21:46:52, 0,2015:12:01:21:52:33
2, 113.948850, 22.543370, 10.9, 265.7, 3.2, 2015:12:01:21:46:53, 0,2015:12:01:21:52:33
2, 113.948730, 22.543370, 11.6, 268.9, 3.2, 2015:12:01:21:46:54, 0,2015:12:01:21:52:33
2, 113.948608, 22.543368, 12.1, 267.1, 3.2, 2015:12:01:21:46:55, 0,2015:12:01:21:52:33
2, 113.948483, 22.543368, 12.4, 268.0, 3.2, 2015:12:01:21:46:56, 0,2015:12:01:21:52:33
2, 113.948353, 22.543363, 13.5, 268.3, 3.3, 2015:12:01:21:46:57, 0,2015:12:01:21:52:33
2, 113.948217, 22.543358, 14.2, 267.9, 3.4, 2015:12:01:21:46:58, 0,2015:12:01:21:52:33
2, 113.948068, 22.543358, 15.3, 267.5, 3.5, 2015:12:01:21:46:59, 0,2015:12:01:21:52:33
2, 113.947883, 22.543363, 18.4, 268.3, 3.5, 2015:12:01:21:47:00, 0,2015:12:01:21:52:33
2, 113.947685, 22.543358, 19.6, 267.1, 3.6, 2015:12:01:21:47:01, 0,2015:12:01:21:52:33
2, 113.947472, 22.543355, 21.0, 266.8, 3.6, 2015:12:01:21:47:02, 0,2015:12:01:21:52:33
2, 113.947250, 22.543345, 22.4, 266.3, 3.6, 2015:12:01:21:47:03, 0,2015:12:01:21:52:33
2, 113.947013, 22.543337, 23.4, 266.6, 3.7, 2015:12:01:21:47:04, 0,2015:12:01:21:52:33
2, 113.946773, 22.543335, 24.3, 267.3, 3.6, 2015:12:01:21:47:05, 0,2015:12:01:21:52:33
2, 113.946527, 22.543328, 25.0, 267.5, 3.7, 2015:12:01:21:47:06, 0,2015:12:01:21:52:33
2, 113.946282, 22.543327, 24.5, 267.8, 3.7, 2015:12:01:21:47:07, 0,2015:12:01:21:52:33
2, 113.946040, 22.543322, 24.3, 268.0, 3.7, 2015:12:01:21:47:08, 0,2015:12:01:21:52:33
2, 113.945798, 22.543315, 24.5, 268.2, 3.7, 2015:12:01:21:47:09, 0,2015:12:01:21:52:33
2, 113.945548, 22.543317, 24.6, 268.9, 3.7, 2015:12:01:21:47:10, 0,2015:12:01:21:52:33
2, 113.945305, 22.543300, 24.5, 268.7, 3.7, 2015:12:01:21:47:11, 0,2015:12:01:21:52:33
2, 113.945062, 22.543285, 24.6, 268.4, 3.7, 2015:12:01:21:47:12, 0,2015:12:01:21:52:33
2, 113.944817, 22.543268, 24.6, 268.0, 3.7, 2015:12:01:21:47:13, 0,2015:12:01:21:52:33
2, 113.944570, 22.543255, 24.6, 267.4, 3.6, 2015:12:01:21:47:14, 0,2015:12:01:21:52:33
2, 113.944332, 22.543242, 24.4, 267.8, 3.6, 2015:12:01:21:47:15, 0,2015:12:01:21:52:33
2, 113.944097, 22.543227, 24.2, 267.4, 3.6, 2015:12:01:21:47:16, 0,2015:12:01:21:52:33
2, 113.943868, 22.543213, 23.1, 266.8, 3.6, 2015:12:01:21:47:17, 0,2015:12:01:21:52:33
2, 113.943648, 22.543202, 22.3, 267.1, 3.6, 2015:12:01:21:47:18, 0,2015:12:01:21:52:33
2, 113.943435, 22.543197, 21.3, 268.1, 3.7, 2015:12:01:21:47:19, 0,2015:12:01:21:52:33
2, 113.943232, 22.543192, 20.7, 268.6, 3.7, 2015:12:01:21:47:20, 0,2015:12:01:21:52:33
2, 113.943035, 22.543188, 20.0, 268.9, 3.7, 2015:12:01:21:47:21, 0,2015:12:01:21:52:33
2, 113.942842, 22.543180, 19.4, 268.0, 3.6, 2015:12:01:21:47:22, 0,2015:12:01:21:52:33
2, 113.942650, 22.543170, 19.1, 268.6, 3.6, 2015:12:01:21:47:23, 0,2015:12:01:21:52:33
2, 113.942463, 22.543162, 18.7, 268.1, 3.6, 2015:12:01:21:47:24, 0,2015:12:01:21:52:33
2, 113.942283, 22.543150, 18.3, 267.4, 3.6, 2015:12:01:21:47:25, 0,2015:12:01:21:52:33
2, 113.942108, 22.543140, 18.1, 267.1, 3.6, 2015:12:01:21:47:26, 0,2015:12:01:21:52:33
2, 113.941938, 22.543130, 17.4, 266.6, 3.6, 2015:12:01:21:47:27, 0,2015:12:01:21:52:33
2, 113.941773, 22.543112, 16.9, 264.2, 3.6, 2015:12:01:21:47:28, 0,2015:12:01:21:52:33
2, 113.941603, 22.543095, 17.1, 264.2, 3.6, 2015:12:01:21:47:29, 0,2015:12:01:21:52:33
2, 113.941428, 22.543082, 17.7, 265.1, 3.6, 2015:12:01:21:47:30, 0,2015:12:01:21:52:33
2, 113.941248, 22.543067, 18.2, 266.4, 3.6, 2015:12:01:21:47:31, 0,2015:12:01:21:52:33
2, 113.941065, 22.543057, 18.7, 267.0, 3.6, 2015:12:01:21:47:32, 0,2015:12:01:21:52:33
2, 113.940870, 22.543042, 19.4, 267.3, 3.5, 2015:12:01:21:47:33, 0,2015:12:01:21:52:33
2, 113.940670, 22.543028, 20.1, 267.2, 3.5, 2015:12:01:21:47:34, 0,2015:12:01:21:52:33
2, 113.940463, 22.543013, 20.7, 267.2, 3.4, 2015:12:01:21:47:35, 0,2015:12:01:21:52:33
2, 113.940253, 22.543000, 21.3, 267.2, 3.4, 2015:12:01:21:47:36, 0,2015:12:01:21:52:33
2, 113.940038, 22.542990, 21.5, 267.1, 3.4, 2015:12:01:21:47:37, 0,2015:12:01:21:52:33
2, 113.939825, 22.542978, 21.5, 266.9, 3.4, 2015:12:01:21:47:38, 0,2015:12:01:21:52:33
2, 113.939612, 22.542967, 21.5, 267.4, 3.4, 2015:12:01:21:47:39, 0,2015:12:01:21:52:33
2, 113.939398, 22.542953, 21.8, 267.0, 3.4, 2015:12:01:21:47:40, 0,2015:12:01:21:52:33
2, 113.939182, 22.542945, 22.0, 267.4, 3.3, 2015:12:01:21:47:41, 0,2015:12:01:21:52:33
2, 113.938962, 22.542937, 22.2, 268.2, 3.3, 2015:12:01:21:47:42, 0,2015:12:01:21:52:33
2, 113.938745, 22.542930, 22.2, 267.9, 3.3, 2015:12:01:21:47:43, 0,2015:12:01:21:52:33
2, 113.938528, 22.542920, 21.9, 267.7, 3.3, 2015:12:01:21:47:44, 0,2015:12:01:21:52:33
2, 113.938313, 22.542913, 22.0, 267.8, 3.3, 2015:12:01:21:47:45, 0,2015:12:01:21:52:33
2, 113.938097, 22.542907, 22.1, 267.8, 3.3, 2015:12:01:21:47:46, 0,2015:12:01:21:52:33
2, 113.937878, 22.542897, 21.8, 267.2, 3.2, 2015:12:01:21:47:47, 0,2015:12:01:21:52:33
2, 113.937660, 22.542887, 22.0, 267.3, 3.2, 2015:12:01:21:47:48, 0,2015:12:01:21:52:33
2, 113.937442, 22.542877, 21.9, 266.7, 3.2, 2015:12:01:21:47:49, 0,2015:12:01:21:52:33
2, 113.937225, 22.542867, 21.9, 266.9, 3.2, 2015:12:01:21:47:50, 0,2015:12:01:21:52:33
2, 113.937007, 22.542860, 21.9, 267.6, 3.3, 2015:12:01:21:47:51, 0,2015:12:01:21:52:33
2, 113.936793, 22.542853, 21.4, 267.6, 3.3, 2015:12:01:21:47:52, 0,2015:12:01:21:52:33
2, 113.936583, 22.542842, 21.4, 267.4, 3.3, 2015:12:01:21:47:53, 0,2015:12:01:21:52:33
2, 113.936370, 22.542830, 21.4, 267.0, 3.3, 2015:12:01:21:47:54, 0,2015:12:01:21:52:33
2, 113.936162, 22.542818, 21.2, 266.4, 3.3, 2015:12:01:21:47:55, 0,2015:12:01:21:52:33
2, 113.935957, 22.542808, 21.0, 266.4, 3.3, 2015:12:01:21:47:56, 0,2015:12:01:21:52:33
2, 113.935752, 22.542803, 20.9, 267.5, 3.3, 2015:12:01:21:47:57, 0,2015:12:01:21:52:33
2, 113.935547, 22.542798, 21.0, 268.0, 3.3, 2015:12:01:21:47:58, 0,2015:12:01:21:52:33
2, 113.935340, 22.542788, 21.0, 267.3, 3.3, 2015:12:01:21:47:59, 0,2015:12:01:21:52:33
2, 113.935137, 22.542778, 20.8, 266.6, 3.3, 2015:12:01:21:48:00, 0,2015:12:01:21:52:33
2, 113.934935, 22.542765, 20.6, 266.5, 3.3, 2015:12:01:21:48:01, 0,2015:12:01:21:52:33
2, 113.934738, 22.542755, 20.3, 266.6, 3.3, 2015:12:01:21:48:02, 0,2015:12:01:21:52:33
2, 113.934542, 22.542747, 20.0, 266.9, 3.3, 2015:12:01:21:48:03, 0,2015:12:01:21:52:33
2, 113.934348, 22.542740, 20.1, 267.3, 3.3, 2015:12:01:21:48:04, 0,2015:12:01:21:52:33
2, 113.934152, 22.542733, 20.1, 267.5, 3.3, 2015:12:01:21:48:05, 0,2015:12:01:21:52:33
2, 113.933955, 22.542725, 20.6, 267.3, 3.2, 2015:12:01:21:48:06, 0,2015:12:01:21:52:33
2, 113.933755, 22.542717, 20.7, 267.2, 3.2, 2015:12:01:21:48:07, 0,2015:12:01:21:52:33
2, 113.933555, 22.542710, 20.6, 267.2, 3.2, 2015:12:01:21:48:08, 0,2015:12:01:21:52:33
2, 113.933355, 22.542702, 20.9, 267.3, 3.1, 2015:12:01:21:48:09, 0,2015:12:01:21:52:33
2, 113.933150, 22.542695, 21.2, 267.5, 3.1, 2015:12:01:21:48:10, 0,2015:12:01:21:52:33
2, 113.932940, 22.542685, 21.7, 267.5, 3.1, 2015:12:01:21:48:11, 0,2015:12:01:21:52:33
2, 113.932725, 22.542677, 22.0, 267.7, 3.1, 2015:12:01:21:48:12, 0,2015:12:01:21:52:33
2, 113.932510, 22.542672, 22.1, 268.4, 3.1, 2015:12:01:21:48:13, 0,2015:12:01:21:52:33
2, 113.932295, 22.542670, 22.5, 269.4, 3.0, 2015:12:01:21:48:14, 0,2015:12:01:21:52:33
2, 113.932073, 22.542670, 22.9, 269.7, 3.0, 2015:12:01:21:48:15, 0,2015:12:01:21:52:33
2, 113.931852, 22.542673, 23.1, 271.4, 3.1, 2015:12:01:21:48:16, 0,2015:12:01:21:52:33
2, 113.931630, 22.542680, 22.6, 272.5, 3.1, 2015:12:01:21:48:17, 0,2015:12:01:21:52:33
2, 113.931408, 22.542688, 22.5, 273.2, 3.1, 2015:12:01:21:48:18, 0,2015:12:01:21:52:33
2, 113.931192, 22.542695, 22.2, 272.0, 3.1, 2015:12:01:21:48:19, 0,2015:12:01:21:52:33
2, 113.930977, 22.542702, 21.9, 272.3, 3.1, 2015:12:01:21:48:20, 0,2015:12:01:21:52:33
2, 113.930768, 22.542710, 21.4, 272.0, 3.1, 2015:12:01:21:48:21, 0,2015:12:01:21:52:33
2, 113.930563, 22.542717, 21.1, 271.6, 3.1, 2015:12:01:21:48:22, 0,2015:12:01:21:52:33
2, 113.930363, 22.542725, 20.5, 272.3, 3.2, 2015:12:01:21:48:23, 0,2015:12:01:21:52:33
2, 113.930168, 22.542735, 20.2, 272.2, 3.2, 2015:12:01:21:48:24, 0,2015:12:01:21:52:33
2, 113.929973, 22.542745, 20.3, 272.5, 3.2, 2015:12:01:21:48:25, 0,2015:12:01:21:52:33
2, 113.929778, 22.542755, 20.3, 272.3, 3.2, 2015:12:01:21:48:26, 0,2015:12:01:21:52:33
2, 113.929585, 22.542765, 20.0, 273.3, 3.3, 2015:12:01:21:48:27, 0,2015:12:01:21:52:33
2, 113.929392, 22.542773, 19.9, 272.6, 3.3, 2015:12:01:21:48:28, 0,2015:12:01:21:52:33
2, 113.929197, 22.542778, 20.0, 272.0, 3.3, 2015:12:01:21:48:29, 0,2015:12:01:21:52:33
2, 113.929000, 22.542782, 20.0, 271.0, 3.4, 2015:12:01:21:48:30, 0,2015:12:01:21:52:33
2, 113.928802, 22.542787, 20.5, 270.6, 3.4, 2015:12:01:21:48:31, 0,2015:12:01:21:52:33
2, 113.928603, 22.542798, 20.8, 271.7, 3.4, 2015:12:01:21:48:32, 0,2015:12:01:21:52:33
2, 113.928400, 22.542808, 21.2, 272.4, 3.4, 2015:12:01:21:48:33, 0,2015:12:01:21:52:33
2, 113.928197, 22.542827, 21.1, 273.1, 3.3, 2015:12:01:21:48:34, 0,2015:12:01:21:52:33
2, 113.927997, 22.542842, 21.2, 273.8, 3.3, 2015:12:01:21:48:35, 0,2015:12:01:21:52:33
2, 113.927800, 22.542858, 20.5, 274.4, 3.3, 2015:12:01:21:48:36, 0,2015:12:01:21:52:33
2, 113.927605, 22.542878, 19.8, 275.9, 3.2, 2015:12:01:21:48:37, 0,2015:12:01:21:52:33
2, 113.927422, 22.542902, 20.2, 277.6, 3.2, 2015:12:01:21:48:38, 0,2015:12:01:21:52:33
2, 113.927247, 22.542927, 17.8, 277.4, 3.2, 2015:12:01:21:48:39, 0,2015:12:01:21:52:33
2, 113.927078, 22.542945, 17.5, 275.8, 3.2, 2015:12:01:21:48:40, 0,2015:12:01:21:52:33
2, 113.926912, 22.542958, 17.0, 274.1, 3.3, 2015:12:01:21:48:41, 0,2015:12:01:21:52:33
2, 113.926753, 22.542970, 16.2, 273.5, 3.3, 2015:12:01:21:48:42, 0,2015:12:01:21:52:33
2, 113.926603, 22.542980, 15.4, 272.5, 3.3, 2015:12:01:21:48:43, 0,2015:12:01:21:52:33
2, 113.926465, 22.542987, 13.8, 271.5, 3.3, 2015:12:01:21:48:44, 0,2015:12:01:21:52:33
2, 113.926343, 22.542995, 12.2, 273.3, 3.3, 2015:12:01:21:48:45, 0,2015:12:01:21:52:33
2, 113.926237, 22.543008, 11.4, 278.0, 3.3, 2015:12:01:21:48:46, 0,2015:12:01:21:52:33
2, 113.926135, 22.543030, 10.7, 283.5, 3.3, 2015:12:01:21:48:47, 0,2015:12:01:21:52:33
2, 113.926050, 22.543073, 10.5, 288.1, 3.3, 2015:12:01:21:48:48, 0,2015:12:01:21:52:33
2, 113.925977, 22.543125, 9.9, 296.9, 3.2, 2015:12:01:21:48:49, 0,2015:12:01:21:52:33
2, 113.925898, 22.543187, 10.2, 304.4, 3.2, 2015:12:01:21:48:50, 0,2015:12:01:21:52:33
2, 113.925828, 22.543262, 10.6, 311.8, 3.2, 2015:12:01:21:48:51, 0,2015:12:01:21:52:33
2, 113.925772, 22.543348, 10.5, 321.8, 3.3, 2015:12:01:21:48:52, 0,2015:12:01:21:52:33
2, 113.925738, 22.543447, 10.4, 332.3, 3.4, 2015:12:01:21:48:53, 0,2015:12:01:21:52:33
2, 113.925783, 22.543573, 11.0, 1.6, 3.3, 2015:12:01:21:48:54, 0,2015:12:01:21:52:33
2, 113.925808, 22.543673, 10.8, 9.7, 3.4, 2015:12:01:21:48:55, 0,2015:12:01:21:52:33
2, 113.925853, 22.543773, 11.1, 16.0, 3.3, 2015:12:01:21:48:56, 0,2015:12:01:21:52:33
2, 113.925920, 22.543868, 11.2, 23.4, 3.3, 2015:12:01:21:48:57, 0,2015:12:01:21:52:33
2, 113.925980, 22.543957, 10.6, 29.5, 3.4, 2015:12:01:21:48:58, 0,2015:12:01:21:52:33
2, 113.926047, 22.544025, 9.5, 38.0, 3.5, 2015:12:01:21:48:59, 0,2015:12:01:21:52:33
2, 113.926117, 22.544072, 8.3, 47.6, 3.6, 2015:12:01:21:49:00, 0,2015:12:01:21:52:33
2, 113.926252, 22.544068, 9.6, 74.9, 3.7, 2015:12:01:21:49:01, 0,2015:12:01:21:52:33
2, 113.926392, 22.544032, 9.8, 101.4, 3.7, 2015:12:01:21:49:02, 0,2015:12:01:21:52:33
2, 113.926498, 22.543992, 10.2, 118.2, 3.7, 2015:12:01:21:49:03, 0,2015:12:01:21:52:33
2, 113.926585, 22.543945, 10.0, 122.2, 3.7, 2015:12:01:21:49:04, 0,2015:12:01:21:52:33
2, 113.926662, 22.543890, 9.1, 128.0, 3.6, 2015:12:01:21:49:05, 0,2015:12:01:21:52:33
2, 113.926732, 22.543797, 8.6, 151.1, 3.4, 2015:12:01:21:49:06, 0,2015:12:01:21:52:33
2, 113.926773, 22.543713, 9.2, 161.4, 3.4, 2015:12:01:21:49:07, 0,2015:12:01:21:52:33
2, 113.926798, 22.543623, 10.0, 169.2, 3.3, 2015:12:01:21:49:08, 0,2015:12:01:21:52:33
2, 113.926808, 22.543522, 10.9, 176.4, 3.3, 2015:12:01:21:49:09, 0,2015:12:01:21:52:33
2, 113.926810, 22.543413, 11.8, 179.6, 3.3, 2015:12:01:21:49:10, 0,2015:12:01:21:52:33
2, 113.926812, 22.543300, 12.0, 180.0, 3.3, 2015:12:01:21:49:11, 0,2015:12:01:21:52:33
2, 113.926818, 22.543185, 11.7, 178.7, 3.3, 2015:12:01:21:49:12, 0,2015:12:01:21:52:33
2, 113.926833, 22.543080, 10.6, 176.3, 3.3, 2015:12:01:21:49:13, 0,2015:12:01:21:52:33
2, 113.926848, 22.542983, 9.7, 173.3, 3.2, 2015:12:01:21:49:14, 0,2015:12:01:21:52:33
2, 113.926865, 22.542900, 9.1, 171.3, 3.2, 2015:12:01:21:49:15, 0,2015:12:01:21:52:33
2, 113.926882, 22.542820, 9.4, 171.5, 3.2, 2015:12:01:21:49:16, 0,2015:12:01:21:52:33
2, 113.926895, 22.542730, 9.8, 173.4, 3.2, 2015:12:01:21:49:17, 0,2015:12:01:21:52:33
2, 113.926908, 22.542635, 10.3, 175.0, 3.1, 2015:12:01:21:49:18, 0,2015:12:01:21:52:33
2, 113.926915, 22.542537, 10.7, 176.9, 3.1, 2015:12:01:21:49:19, 0,2015:12:01:21:52:33
2, 113.926913, 22.542437, 11.4, 178.2, 3.1, 2015:12:01:21:49:20, 0,2015:12:01:21:52:33
2, 113.926915, 22.542328, 12.1, 179.0, 3.1, 2015:12:01:21:49:21, 0,2015:12:01:21:52:33
2, 113.926917, 22.542215, 12.4, 179.5, 3.1, 2015:12:01:21:49:22, 0,2015:12:01:21:52:33
2, 113.926918, 22.542102, 12.5, 179.9, 3.1, 2015:12:01:21:49:23, 0,2015:12:01:21:52:33
2, 113.926922, 22.541987, 12.6, 178.9, 3.2, 2015:12:01:21:49:24, 0,2015:12:01:21:52:33
2, 113.926925, 22.541867, 13.2, 179.5, 3.1, 2015:12:01:21:49:25, 0,2015:12:01:21:52:33
2, 113.926930, 22.541743, 13.2, 179.4, 3.1, 2015:12:01:21:49:26, 0,2015:12:01:21:52:33
2, 113.926938, 22.541615, 13.9, 178.5, 3.1, 2015:12:01:21:49:27, 0,2015:12:01:21:52:33
2, 113.926942, 22.541487, 14.0, 178.4, 3.1, 2015:12:01:21:49:28, 0,2015:12:01:21:52:33
2, 113.926947, 22.541355, 14.1, 178.2, 3.2, 2015:12:01:21:49:29, 0,2015:12:01:21:52:33
2, 113.926950, 22.541225, 14.4, 179.4, 3.2, 2015:12:01:21:49:30, 0,2015:12:01:21:52:33
2, 113.926950, 22.541090, 14.6, 180.2, 3.3, 2015:12:01:21:49:31, 0,2015:12:01:21:52:33
2, 113.926950, 22.540952, 15.2, 181.0, 3.3, 2015:12:01:21:49:32, 0,2015:12:01:21:52:33
2, 113.926952, 22.540813, 15.3, 181.0, 3.3, 2015:12:01:21:49:33, 0,2015:12:01:21:52:33
2, 113.926957, 22.540670, 15.7, 180.1, 3.3, 2015:12:01:21:49:34, 0,2015:12:01:21:52:33
2, 113.926960, 22.540527, 15.8, 180.1, 3.4, 2015:12:01:21:49:35, 0,2015:12:01:21:52:33
2, 113.926963, 22.540387, 15.9, 181.2, 3.3, 2015:12:01:21:49:36, 0,2015:12:01:21:52:33
2, 113.926963, 22.540248, 15.9, 180.0, 3.3, 2015:12:01:21:49:37, 0,2015:12:01:21:52:33
2, 113.926967, 22.540110, 14.8, 178.8, 3.2, 2015:12:01:21:49:38, 0,2015:12:01:21:52:33
2, 113.926972, 22.539977, 14.3, 177.9, 3.2, 2015:12:01:21:49:39, 0,2015:12:01:21:52:33
2, 113.926973, 22.539847, 14.0, 178.0, 3.2, 2015:12:01:21:49:40, 0,2015:12:01:21:52:33
2, 113.926977, 22.539715, 14.2, 177.9, 3.1, 2015:12:01:21:49:41, 0,2015:12:01:21:52:33
2, 113.926978, 22.539583, 14.3, 178.1, 3.1, 2015:12:01:21:49:42, 0,2015:12:01:21:52:33
2, 113.926978, 22.539452, 14.5, 179.1, 3.1, 2015:12:01:21:49:43, 0,2015:12:01:21:52:33
2, 113.926980, 22.539318, 14.8, 179.6, 3.0, 2015:12:01:21:49:44, 0,2015:12:01:21:52:33
2, 113.926980, 22.539180, 14.8, 180.2, 3.0, 2015:12:01:21:49:45, 0,2015:12:01:21:52:33
2, 113.926980, 22.539042, 14.9, 180.4, 2.9, 2015:12:01:21:49:46, 0,2015:12:01:21:52:33
2, 113.926983, 22.538900, 15.0, 180.6, 2.9, 2015:12:01:21:49:47, 0,2015:12:01:21:52:33
2, 113.926983, 22.538760, 15.3, 179.6, 2.9, 2015:12:01:21:49:48, 0,2015:12:01:21:52:33
2, 113.926988, 22.538618, 15.3, 178.6, 2.9, 2015:12:01:21:49:49, 0,2015:12:01:21:52:33
2, 113.926997, 22.538473, 15.3, 177.9, 2.8, 2015:12:01:21:49:50, 0,2015:12:01:21:52:33
2, 113.927005, 22.538323, 16.2, 177.8, 2.8, 2015:12:01:21:49:51, 0,2015:12:01:21:52:33
2, 113.927015, 22.538173, 16.3, 178.1, 2.8, 2015:12:01:21:49:52, 0,2015:12:01:21:52:33
2, 113.927018, 22.538025, 16.3, 178.6, 2.8, 2015:12:01:21:49:53, 0,2015:12:01:21:52:33
2, 113.927025, 22.537875, 16.4, 178.5, 2.8, 2015:12:01:21:49:54, 0,2015:12:01:21:52:33
2, 113.927030, 22.537723, 16.8, 178.7, 2.8, 2015:12:01:21:49:55, 0,2015:12:01:21:52:33
2, 113.927037, 22.537568, 17.0, 178.7, 2.7, 2015:12:01:21:49:56, 0,2015:12:01:21:52:33
2, 113.927043, 22.537412, 16.9, 178.8, 2.7, 2015:12:01:21:49:57, 0,2015:12:01:21:52:33
2, 113.927047, 22.537258, 16.8, 178.5, 2.7, 2015:12:01:21:49:58, 0,2015:12:01:21:52:33
2, 113.927052, 22.537103, 17.0, 177.9, 2.7, 2015:12:01:21:49:59, 0,2015:12:01:21:52:33
2, 113.927055, 22.536950, 17.0, 179.4, 2.7, 2015:12:01:21:50:00, 0,2015:12:01:21:52:33
2, 113.927053, 22.536795, 17.2, 181.4, 2.7, 2015:12:01:21:50:01, 0,2015:12:01:21:52:33
2, 113.927045, 22.536635, 17.2, 184.1, 2.7, 2015:12:01:21:50:02, 0,2015:12:01:21:52:33
2, 113.927032, 22.536470, 17.3, 185.2, 2.7, 2015:12:01:21:50:03, 0,2015:12:01:21:52:33
2, 113.927013, 22.536302, 18.5, 186.0, 2.8, 2015:12:01:21:50:04, 0,2015:12:01:21:52:33
2, 113.926993, 22.536133, 18.8, 187.1, 2.8, 2015:12:01:21:50:05, 0,2015:12:01:21:52:33
2, 113.926968, 22.535965, 18.9, 188.1, 2.9, 2015:12:01:21:50:06, 0,2015:12:01:21:52:33
2, 113.926943, 22.535797, 18.6, 188.7, 2.9, 2015:12:01:21:50:07, 0,2015:12:01:21:52:33
2, 113.926917, 22.535632, 18.4, 188.4, 3.1, 2015:12:01:21:50:08, 0,2015:12:01:21:52:33
2, 113.926888, 22.535468, 18.4, 189.1, 3.2, 2015:12:01:21:50:09, 0,2015:12:01:21:52:33
2, 113.926860, 22.535310, 17.7, 189.4, 3.5, 2015:12:01:21:50:10, 0,2015:12:01:21:52:33
2, 113.926827, 22.535162, 17.1, 190.8, 3.6, 2015:12:01:21:50:11, 0,2015:12:01:21:52:33
2, 113.926775, 22.535020, 16.4, 194.6, 3.6, 2015:12:01:21:50:12, 0,2015:12:01:21:52:33
2, 113.926722, 22.534883, 15.7, 198.1, 3.7, 2015:12:01:21:50:13, 0,2015:12:01:21:52:33
2, 113.926667, 22.534755, 15.2, 200.3, 3.7, 2015:12:01:21:50:14, 0,2015:12:01:21:52:33
2, 113.926615, 22.534625, 15.2, 199.9, 3.8, 2015:12:01:21:50:15, 0,2015:12:01:21:52:33
2, 113.926552, 22.534503, 14.4, 203.6, 3.7, 2015:12:01:21:50:16, 0,2015:12:01:21:52:33
2, 113.926472, 22.534383, 14.2, 205.1, 3.6, 2015:12:01:21:50:17, 0,2015:12:01:21:52:33
2, 113.926403, 22.534270, 14.1, 205.0, 3.6, 2015:12:01:21:50:18, 0,2015:12:01:21:52:33
2, 113.926340, 22.534157, 13.6, 204.9, 3.5, 2015:12:01:21:50:19, 0,2015:12:01:21:52:33
2, 113.926277, 22.534048, 13.5, 206.3, 3.5, 2015:12:01:21:50:20, 0,2015:12:01:21:52:33
2, 113.926210, 22.533945, 13.6, 206.3, 3.4, 2015:12:01:21:50:21, 0,2015:12:01:21:52:33
2, 113.926148, 22.533837, 13.4, 206.3, 3.3, 2015:12:01:21:50:22, 0,2015:12:01:21:52:33
2, 113.926087, 22.533730, 13.3, 206.8, 3.3, 2015:12:01:21:50:23, 0,2015:12:01:21:52:33
2, 113.926022, 22.533632, 12.7, 208.1, 3.3, 2015:12:01:21:50:24, 0,2015:12:01:21:52:33
2, 113.925962, 22.533533, 12.5, 208.3, 3.3, 2015:12:01:21:50:25, 0,2015:12:01:21:52:33
2, 113.925902, 22.533435, 12.5, 208.0, 3.2, 2015:12:01:21:50:26, 0,2015:12:01:21:52:33
2, 113.925847, 22.533333, 12.7, 207.9, 3.1, 2015:12:01:21:50:27, 0,2015:12:01:21:52:33
2, 113.925790, 22.533230, 12.7, 207.6, 3.1, 2015:12:01:21:50:28, 0,2015:12:01:21:52:33
2, 113.925735, 22.533128, 12.5, 207.4, 3.1, 2015:12:01:21:50:29, 0,2015:12:01:21:52:33
2, 113.925678, 22.533025, 13.0, 206.8, 3.1, 2015:12:01:21:50:30, 0,2015:12:01:21:52:33
2, 113.925618, 22.532918, 13.3, 207.4, 3.1, 2015:12:01:21:50:31, 0,2015:12:01:21:52:33
2, 113.925563, 22.532812, 13.1, 207.2, 3.1, 2015:12:01:21:50:32, 0,2015:12:01:21:52:33
2, 113.925508, 22.532705, 12.9, 208.0, 3.1, 2015:12:01:21:50:33, 0,2015:12:01:21:52:33
2, 113.925448, 22.532602, 13.0, 208.4, 3.2, 2015:12:01:21:50:34, 0,2015:12:01:21:52:33
2, 113.925387, 22.532497, 13.1, 209.0, 3.2, 2015:12:01:21:50:35, 0,2015:12:01:21:52:33
2, 113.925320, 22.532392, 13.4, 209.6, 3.2, 2015:12:01:21:50:36, 0,2015:12:01:21:52:33
2, 113.925255, 22.532285, 13.5, 208.5, 3.2, 2015:12:01:21:50:37, 0,2015:12:01:21:52:33
2, 113.925187, 22.532173, 14.1, 209.4, 3.3, 2015:12:01:21:50:38, 0,2015:12:01:21:52:33
2, 113.925120, 22.532058, 14.4, 208.6, 3.3, 2015:12:01:21:50:39, 0,2015:12:01:21:52:33
2, 113.925053, 22.531937, 15.0, 207.4, 3.3, 2015:12:01:21:50:40, 0,2015:12:01:21:52:33
2, 113.924983, 22.531810, 15.6, 207.5, 3.3, 2015:12:01:21:50:41, 0,2015:12:01:21:52:33
2, 113.924912, 22.531675, 16.2, 207.8, 3.3, 2015:12:01:21:50:42, 0,2015:12:01:21:52:33
2, 113.924838, 22.531545, 16.2, 208.1, 3.3, 2015:12:01:21:50:43, 0,2015:12:01:21:52:33
2, 113.924767, 22.531415, 16.0, 207.8, 3.3, 2015:12:01:21:50:44, 0,2015:12:01:21:52:33
2, 113.924698, 22.531288, 15.6, 207.4, 3.3, 2015:12:01:21:50:45, 0,2015:12:01:21:52:33
2, 113.924630, 22.531165, 15.0, 207.2, 3.3, 2015:12:01:21:50:46, 0,2015:12:01:21:52:33
2, 113.924567, 22.531050, 13.8, 207.9, 3.3, 2015:12:01:21:50:47, 0,2015:12:01:21:52:33
2, 113.924512, 22.530943, 12.8, 206.3, 3.4, 2015:12:01:21:50:48, 0,2015:12:01:21:52:33
2, 113.924465, 22.530840, 12.2, 204.3, 3.3, 2015:12:01:21:50:49, 0,2015:12:01:21:52:33
2, 113.924420, 22.530738, 11.9, 203.4, 3.4, 2015:12:01:21:50:50, 0,2015:12:01:21:52:33
2, 113.924377, 22.530637, 12.0, 201.9, 3.4, 2015:12:01:21:50:51, 0,2015:12:01:21:52:33
2, 113.924342, 22.530522, 13.0, 198.3, 3.4, 2015:12:01:21:50:52, 0,2015:12:01:21:52:33
2, 113.924303, 22.530408, 13.0, 198.1, 3.4, 2015:12:01:21:50:53, 0,2015:12:01:21:52:33
2, 113.924275, 22.530292, 13.2, 195.4, 3.4, 2015:12:01:21:50:54, 0,2015:12:01:21:52:33
2, 113.924247, 22.530172, 13.6, 193.3, 3.5, 2015:12:01:21:50:55, 0,2015:12:01:21:52:33
2, 113.924230, 22.530050, 13.6, 189.6, 3.5, 2015:12:01:21:50:56, 0,2015:12:01:21:52:33
2, 113.924215, 22.529932, 12.9, 188.6, 3.5, 2015:12:01:21:50:57, 0,2015:12:01:21:52:33
2, 113.924193, 22.529825, 11.5, 192.2, 3.5, 2015:12:01:21:50:58, 0,2015:12:01:21:52:33
2, 113.924168, 22.529743, 9.0, 192.2, 3.4, 2015:12:01:21:50:59, 0,2015:12:01:21:52:33
2, 113.924140, 22.529675, 8.1, 196.7, 3.3, 2015:12:01:21:51:00, 0,2015:12:01:21:52:33
2, 113.924113, 22.529620, 7.1, 204.9, 3.3, 2015:12:01:21:51:01, 0,2015:12:01:21:52:33
2, 113.924073, 22.529582, 6.5, 219.4, 3.3, 2015:12:01:21:51:02, 0,2015:12:01:21:52:33
2, 113.924032, 22.529555, 6.2, 233.9, 3.3, 2015:12:01:21:51:03, 0,2015:12:01:21:52:33
2, 113.923982, 22.529537, 5.8, 242.9, 3.3, 2015:12:01:21:51:04, 0,2015:12:01:21:52:33
2, 113.923927, 22.529523, 5.8, 251.6, 3.4, 2015:12:01:21:51:05, 0,2015:12:01:21:52:33
2, 113.923875, 22.529517, 5.6, 256.8, 3.5, 2015:12:01:21:51:06, 0,2015:12:01:21:52:33
2, 113.923828, 22.529510, 5.2, 258.3, 3.5, 2015:12:01:21:51:07, 0,2015:12:01:21:52:33
2, 113.923780, 22.529502, 5.1, 258.8, 3.6, 2015:12:01:21:51:08, 0,2015:12:01:21:52:33
2, 113.923728, 22.529497, 5.3, 261.4, 3.8, 2015:12:01:21:51:09, 0,2015:12:01:21:52:33
2, 113.923678, 22.529493, 5.3, 263.6, 3.9, 2015:12:01:21:51:10, 0,2015:12:01:21:52:33
2, 113.923632, 22.529497, 5.1, 267.3, 4.1, 2015:12:01:21:51:11, 0,2015:12:01:21:52:33
2, 113.923588, 22.529497, 4.6, 268.2, 4.2, 2015:12:01:21:51:12, 0,2015:12:01:21:52:33
2, 113.923560, 22.529495, 3.6, 267.5, 4.3, 2015:12:01:21:51:13, 0,2015:12:01:21:52:33
2, 113.923537, 22.529485, 2.8, 259.0, 4.4, 2015:12:01:21:51:14, 0,2015:12:01:21:52:33
2, 113.923522, 22.529482, 2.1, 253.5, 4.5, 2015:12:01:21:51:15, 0,2015:12:01:21:52:33
2, 113.923518, 22.529482, 1.3, 253.5, 4.6, 2015:12:01:21:51:16, 0,2015:12:01:21:52:33
2, 113.923513, 22.529485, 0.0, 253.5, 4.6, 2015:12:01:21:51:17, 0,2015:12:01:21:52:33
2, 113.923513, 22.529492, 0.0, 253.5, 4.7, 2015:12:01:21:51:18, 0,2015:12:01:21:52:33
2, 113.923513, 22.529495, 0.0, 253.5, 4.7, 2015:12:01:21:51:19, 0,2015:12:01:21:52:33
2, 113.923513, 22.529495, 0.0, 253.5, 4.7, 2015:12:01:21:51:20, 0,2015:12:01:21:52:33
2, 113.923513, 22.529495, 0.0, 253.5, 4.7, 2015:12:01:21:51:21, 0,2015:12:01:21:52:33
2, 113.923513, 22.529495, 0.0, 253.5, 4.7, 2015:12:01:21:51:22, 0,2015:12:01:21:52:33
2, 113.923513, 22.529495, 0.0, 253.5, 4.7, 2015:12:01:21:51:23, 0,2015:12:01:21:52:33
2, 113.923513, 22.529495, 0.0, 253.5, 4.7, 2015:12:01:21:51:24, 0,2015:12:01:21:52:33
2, 113.923513, 22.529495, 0.0, 253.5, 4.7, 2015:12:01:21:51:25, 0,2015:12:01:21:52:33
2, 113.923513, 22.529495, 0.0, 253.5, 1.2, 2015:12:01:21:51:26, 0,2015:12:01:21:52:33
2, 113.923513, 22.529495, 0.0, 253.5, 1.8, 2015:12:01:21:51:27, 0,2015:12:01:21:52:33
2, 113.923513, 22.529495, 0.0, 253.5, 2.3, 2015:12:01:21:51:28, 0,2015:12:01:21:52:33
2, 113.923513, 22.529495, 0.0, 253.5, 2.6, 2015:12:01:21:51:29, 0,2015:12:01:21:52:33
2, 113.923513, 22.529495, 0.0, 253.5, 2.7, 2015:12:01:21:51:30, 0,2015:12:01:21:52:33
2, 113.923513, 22.529495, 0.0, 253.5, 1.2, 2015:12:01:21:51:31, 0,2015:12:01:21:52:33
2, 113.923513, 22.529495, 0.0, 253.5, 1.1, 2015:12:01:21:51:32, 0,2015:12:01:21:52:33
2, 113.923513, 22.529495, 0.0, 253.5, 1.1, 2015:12:01:21:51:33, 0,2015:12:01:21:52:33
2, 113.923513, 22.529495, 0.0, 253.5, 1.5, 2015:12:01:21:51:34, 0,2015:12:01:21:52:33
2, 113.923513, 22.529495, 0.0, 253.5, 1.8, 2015:12:01:21:51:35, 0,2015:12:01:21:52:33
2, 113.923513, 22.529495, 0.0, 253.5, 2.1, 2015:12:01:21:51:36, 0,2015:12:01:21:52:33
2, 113.923513, 22.529495, 0.0, 253.5, 2.3, 2015:12:01:21:51:37, 0,2015:12:01:21:52:33
2, 113.923513, 22.529495, 0.0, 253.5, 1.2, 2015:12:01:21:51:38, 0,2015:12:01:21:52:33
2, 113.923513, 22.529495, 0.0, 253.5, 1.5, 2015:12:01:21:51:39, 0,2015:12:01:21:52:33
2, 113.923513, 22.529495, 0.0, 253.5, 1.9, 2015:12:01:21:51:40, 0,2015:12:01:21:52:33
2, 113.923513, 22.529495, 0.0, 253.5, 2.1, 2015:12:01:21:51:41, 0,2015:12:01:21:52:33
2, 113.923513, 22.529495, 0.0, 253.5, 2.3, 2015:12:01:21:51:42, 0,2015:12:01:21:52:33
2, 113.923513, 22.529495, 0.0, 253.5, 2.4, 2015:12:01:21:51:43, 0,2015:12:01:21:52:33
2, 113.923513, 22.529495, 0.0, 253.5, 2.5, 2015:12:01:21:51:44, 0,2015:12:01:21:52:33
2, 113.923513, 22.529495, 0.0, 253.5, 1.2, 2015:12:01:21:51:45, 0,2015:12:01:21:52:33
2, 113.923513, 22.529495, 0.0, 253.5, 1.1, 2015:12:01:21:51:46, 0,2015:12:01:21:52:33
2, 113.923513, 22.529495, 0.0, 253.5, 1.5, 2015:12:01:21:51:47, 0,2015:12:01:21:52:33
2, 113.923513, 22.529495, 0.0, 253.5, 1.9, 2015:12:01:21:51:48, 0,2015:12:01:21:52:33
2, 113.923513, 22.529495, 0.0, 253.5, 2.1, 2015:12:01:21:51:49, 0,2015:12:01:21:52:33
2, 113.923513, 22.529495, 0.0, 253.5, 2.2, 2015:12:01:21:51:50, 0,2015:12:01:21:52:33
2, 113.923513, 22.529495, 0.0, 253.5, 1.2, 2015:12:01:21:51:51, 0,2015:12:01:21:52:33
2, 113.923513, 22.529495, 0.0, 253.5, 1.1, 2015:12:01:21:51:52, 0,2015:12:01:21:52:33
2, 113.923513, 22.529495, 0.0, 253.5, 1.1, 2015:12:01:21:51:53, 0,2015:12:01:21:52:33
2, 113.923513, 22.529495, 0.0, 253.5, 1.6, 2015:12:01:21:51:54, 0,2015:12:01:21:52:33
2, 113.923513, 22.529495, 0.0, 46.0, 1.8, 2015:12:01:21:51:55, 0,2015:12:01:21:52:33
2, 113.923513, 22.529495, 0.0, 46.0, 2.0, 2015:12:01:21:51:56, 0,2015:12:01:21:52:33
2, 113.923485, 22.529528, 2.7, 267.2, 2.2, 2015:12:01:21:51:57, 0,2015:12:01:21:52:33
2, 113.923452, 22.529528, 3.5, 268.9, 2.4, 2015:12:01:21:51:58, 0,2015:12:01:21:52:33
2, 113.923413, 22.529530, 3.5, 269.9, 2.5, 2015:12:01:21:51:59, 0,2015:12:01:21:52:33
2, 113.923378, 22.529533, 2.9, 273.9, 2.7, 2015:12:01:21:52:00, 0,2015:12:01:21:52:33
2, 113.923355, 22.529538, 2.1, 280.5, 2.8, 2015:12:01:21:52:01, 0,2015:12:01:21:52:33
2, 113.923337, 22.529543, 1.7, 285.0, 2.9, 2015:12:01:21:52:02, 0,2015:12:01:21:52:33
2, 113.923320, 22.529548, 1.7, 289.8, 3.0, 2015:12:01:21:52:03, 0,2015:12:01:21:52:33
2, 113.923298, 22.529553, 2.4, 279.7, 3.1, 2015:12:01:21:52:04, 0,2015:12:01:21:52:33
2, 113.923267, 22.529560, 3.6, 280.2, 3.1, 2015:12:01:21:52:05, 0,2015:12:01:21:52:33
2, 113.923227, 22.529567, 4.3, 282.2, 3.2, 2015:12:01:21:52:06, 0,2015:12:01:21:52:33
2, 113.923175, 22.529572, 5.5, 278.6, 3.3, 2015:12:01:21:52:07, 0,2015:12:01:21:52:33
2, 113.923108, 22.529587, 6.4, 281.0, 3.4, 2015:12:01:21:52:08, 0,2015:12:01:21:52:33
2, 113.923040, 22.529603, 6.8, 282.4, 3.5, 2015:12:01:21:52:09, 0,2015:12:01:21:52:33
2, 113.922970, 22.529617, 7.1, 281.2, 3.6, 2015:12:01:21:52:10, 0,2015:12:01:21:52:33
2, 113.922905, 22.529637, 7.0, 282.0, 3.6, 2015:12:01:21:52:11, 0,2015:12:01:21:52:33
2, 113.922843, 22.529653, 6.6, 281.6, 3.7, 2015:12:01:21:52:12, 0,2015:12:01:21:52:33
2, 113.922787, 22.529663, 6.0, 281.4, 3.8, 2015:12:01:21:52:13, 0,2015:12:01:21:52:33
2, 113.922733, 22.529678, 5.3, 282.7, 4.0, 2015:12:01:21:52:14, 0,2015:12:01:21:52:33
2, 113.922692, 22.529690, 4.7, 283.5, 4.1, 2015:12:01:21:52:15, 0,2015:12:01:21:52:33
2, 113.922658, 22.529702, 4.1, 284.4, 4.2, 2015:12:01:21:52:16, 0,2015:12:01:21:52:33
2, 113.922640, 22.529715, 3.1, 289.9, 4.3, 2015:12:01:21:52:17, 0,2015:12:01:21:52:33
2, 113.922622, 22.529723, 2.3, 291.1, 4.4, 2015:12:01:21:52:18, 0,2015:12:01:21:52:33
2, 113.922613, 22.529725, 1.6, 287.2, 4.5, 2015:12:01:21:52:19, 0,2015:12:01:21:52:33
2, 113.922607, 22.529728, 1.2, 287.2, 4.6, 2015:12:01:21:52:20, 0,2015:12:01:21:52:33
2, 113.922605, 22.529738, 1.0, 287.2, 4.7, 2015:12:01:21:52:21, 0,2015:12:01:21:52:33
2, 113.922598, 22.529743, 1.0, 287.2, 4.7, 2015:12:01:21:52:22, 0,2015:12:01:21:52:33
2, 113.922590, 22.529745, 1.0, 287.2, 4.7, 2015:12:01:21:52:23, 0,2015:12:01:21:52:33
2, 113.922578, 22.529747, 1.3, 287.2, 4.8, 2015:12:01:21:52:24, 0,2015:12:01:21:52:33
2, 113.922558, 22.529755, 2.2, 281.8, 4.8, 2015:12:01:21:52:25, 0,2015:12:01:21:52:33
2, 113.922532, 22.529753, 3.1, 279.0, 4.7, 2015:12:01:21:52:26, 0,2015:12:01:21:52:33
2, 113.922497, 22.529758, 3.7, 277.3, 4.6, 2015:12:01:21:52:27, 0,2015:12:01:21:52:33
2, 113.922458, 22.529768, 3.4, 281.8, 4.6, 2015:12:01:21:52:28, 0,2015:12:01:21:52:33
2, 113.922427, 22.529778, 2.6, 287.7, 4.6, 2015:12:01:21:52:29, 0,2015:12:01:21:52:33
2, 113.922405, 22.529793, 2.0, 301.7, 4.5, 2015:12:01:21:52:30, 0,2015:12:01:21:52:33
2, 113.922382, 22.529803, 2.1, 299.2, 4.5, 2015:12:01:21:52:31, 0,2015:12:01:21:52:33
2, 113.922363, 22.529815, 1.8, 301.6, 4.5, 2015:12:01:21:52:32, 0,2015:12:01:21:52:33
2, 113.922350, 22.529822, 1.2, 301.6, 4.5, 2015:12:01:21:52:33, 0,2015:12:01:21:52:33
