2,113.910449,22.537819,4.7,347.5,12,2015:11:10:9:50:15,0,201401
2,113.910437,22.537852,4.7,347.5,16,2015:11:10:9:50:16,0,202386
2,113.910427,22.537891,4.3,350.8,16,2015:11:10:9:50:17,0,203394
2,113.910422,22.537925,4.3,354.4,16,2015:11:10:9:50:18,0,204382
2,113.910415,22.537972,5.6,356.6,16,2015:11:10:9:50:19,0,205388
2,113.910407,22.538045,8.1,356,16,2015:11:10:9:50:20,0,206466
2,113.910397,22.538124,8.8,355.4,16,2015:11:10:9:50:21,0,207397
2,113.910388,22.538206,8.6,355.6,16,2015:11:10:9:50:22,0,208428
2,113.910384,22.538282,8.1,356.8,16,2015:11:10:9:50:23,0,209414
2,113.910379,22.538359,8.1,357.5,16,2015:11:10:9:50:24,0,210403
2,113.910376,22.538439,7.8,358.2,24,2015:11:10:9:50:25,0,211394
2,113.910371,22.538521,7.7,356.9,24,2015:11:10:9:50:26,0,212383
2,113.91037,22.538599,7,0.4,24,2015:11:10:9:50:27,0,213389
2,113.91037,22.538668,6.3,1.2,12,2015:11:10:9:50:28,0,214381
2,113.910367,22.538725,5.3,359,16,2015:11:10:9:50:29,0,215408
2,113.910364,22.53879,5.3,357.8,16,2015:11:10:9:50:30,0,216426
2,113.910363,22.53886,6.2,358.7,16,2015:11:10:9:50:31,0,217410
2,113.910365,22.538918,5.5,0.1,16,2015:11:10:9:50:32,0,218393
2,113.910371,22.538968,5.3,6.9,12,2015:11:10:9:50:33,0,219388
2,113.910385,22.539014,4.7,16.6,12,2015:11:10:9:50:34,0,220407
2,113.910389,22.539067,5.5,3.7,12,2015:11:10:9:50:35,0,221387
2,113.910391,22.539125,5.5,2.2,24,2015:11:10:9:50:36,0,222381
2,113.910388,22.5392,5.5,4.3,24,2015:11:10:9:50:37,0,223399
2,113.910389,22.539266,4.8,10.4,24,2015:11:10:9:50:38,0,224426
2,113.91038,22.539333,6.1,356.8,24,2015:11:10:9:50:39,0,225403
2,113.910374,22.539402,6.3,358.4,16,2015:11:10:9:50:40,0,226395
2,113.91037,22.539463,6.3,0,12,2015:11:10:9:50:41,0,227397
2,113.91037,22.539528,7.4,0.2,12,2015:11:10:9:50:42,0,228403
2,113.910366,22.53959,7.1,359.5,16,2015:11:10:9:50:43,0,229419
2,113.91036,22.539649,7.2,359.9,16,2015:11:10:9:50:44,0,230405
2,113.910355,22.539708,7,2.3,16,2015:11:10:9:50:45,0,231392
2,113.910346,22.539775,7,0.9,16,2015:11:10:9:50:46,0,232409
2,113.910339,22.539848,7.9,0.4,16,2015:11:10:9:50:47,0,233384
2,113.910328,22.539923,8.3,0.1,16,2015:11:10:9:50:48,0,234403
2,113.910313,22.540003,8.2,357.9,16,2015:11:10:9:50:49,0,235401
2,113.910295,22.540085,8.2,357.9,16,2015:11:10:9:50:50,0,236397
2,113.910271,22.540179,9,353.8,24,2015:11:10:9:50:51,0,237404
2,113.910254,22.540259,7.6,354.8,24,2015:11:10:9:50:52,0,238388
2,113.910239,22.540343,7.6,354.2,16,2015:11:10:9:50:53,0,239409
2,113.910229,22.540433,8.8,355.7,16,2015:11:10:9:50:54,0,240397
2,113.910222,22.540522,8.9,356.4,16,2015:11:10:9:50:55,0,241414
2,113.910216,22.540612,9.1,356.7,16,2015:11:10:9:50:56,0,242398
2,113.910211,22.540706,8.9,357.1,16,2015:11:10:9:50:57,0,243410
2,113.910224,22.540792,8.5,8.1,16,2015:11:10:9:50:58,0,244404
2,113.910232,22.540864,6.9,7.2,16,2015:11:10:9:50:59,0,245416
2,113.910234,22.540945,6.9,4.9,16,2015:11:10:9:51:0,0,246405
2,113.910232,22.541038,8.9,3.7,16,2015:11:10:9:51:1,0,247407
2,113.910229,22.541125,8.7,2.9,24,2015:11:10:9:51:2,0,248391
2,113.910225,22.541218,8.7,3.2,24,2015:11:10:9:51:3,0,249406
2,113.91022,22.541305,9.2,2.1,16,2015:11:10:9:51:4,0,250397
2,113.910216,22.541384,9.1,1.6,24,2015:11:10:9:51:5,0,251413
2,113.910209,22.541449,8.4,0.2,24,2015:11:10:9:51:6,0,252390
2,113.910203,22.541479,7.3,1.9,16,2015:11:10:9:51:7,0,253400
2,113.910198,22.541507,7.3,1.3,32,2015:11:10:9:51:8,0,254420
2,113.910194,22.541575,5.6,357.7,24,2015:11:10:9:51:10,0,256424
2,113.910194,22.541575,0,357.7,48,2015:11:10:9:51:11,0,257402
2,113.910194,22.541575,0,357.7,48,2015:11:10:9:51:12,0,258389
2,113.910159,22.541648,5,359.8,48,2015:11:10:9:51:13,0,259425
2,113.910159,22.541648,0,359.8,24,2015:11:10:9:51:14,0,260406
2,113.910159,22.541648,0,359.8,48,2015:11:10:9:51:15,0,261375
2,113.910157,22.541689,4.6,359.3,48,2015:11:10:9:51:16,0,262429
2,113.910157,22.541689,0,359.3,48,2015:11:10:9:51:17,0,263405
2,113.910157,22.541689,0,359.3,24,2015:11:10:9:51:18,0,264408
2,113.910154,22.541719,3.5,357.9,24,2015:11:10:9:51:19,0,265413
2,113.910154,22.541719,0,357.9,24,2015:11:10:9:51:20,0,266391
2,113.910154,22.541719,0,357.9,48,2015:11:10:9:51:21,0,267396
2,113.910128,22.541731,3.6,347,24,2015:11:10:9:51:22,0,268416
2,113.910106,22.541755,3.8,343,24,2015:11:10:9:51:23,0,269384
2,113.910085,22.541779,3.9,340.9,24,2015:11:10:9:51:24,0,270471
2,113.910067,22.541798,3.8,341.1,24,2015:11:10:9:51:25,0,271392
2,113.910048,22.541809,3.8,341,32,2015:11:10:9:51:26,0,272387
2,113.910033,22.541823,3.9,345.2,24,2015:11:10:9:51:27,0,273426
2,113.910022,22.541838,3.9,350.6,24,2015:11:10:9:51:28,0,274421
2,113.910014,22.541853,4,354.6,24,2015:11:10:9:51:29,0,275426
2,113.910007,22.541878,4.2,356.7,24,2015:11:10:9:51:30,0,276403
2,113.909998,22.541919,5.3,356.3,16,2015:11:10:9:51:31,0,277411
2,113.909982,22.541984,7.3,354.8,32,2015:11:10:9:51:32,0,278419
2,113.909957,22.542053,8.3,350.2,24,2015:11:10:9:51:33,0,279416
2,113.909918,22.542132,8.5,345.5,32,2015:11:10:9:51:34,0,280422
2,113.909879,22.542219,8.8,343.4,24,2015:11:10:9:51:35,0,281389
2,113.909835,22.542306,8.7,342.5,32,2015:11:10:9:51:36,0,282389
2,113.909794,22.542411,10.2,343.1,24,2015:11:10:9:51:37,0,283411
2,113.909771,22.542528,11.6,351.5,24,2015:11:10:9:51:38,0,284445
2,113.909753,22.542636,10.7,351.7,24,2015:11:10:9:51:39,0,285443
2,113.909744,22.542738,10,354.4,24,2015:11:10:9:51:40,0,286409
2,113.909736,22.542843,9.2,349.7,24,2015:11:10:9:51:41,0,287419
2,113.909732,22.542947,8.6,347.2,24,2015:11:10:9:51:42,0,288404
2,113.90973,22.543044,8.5,348.3,24,2015:11:10:9:51:43,0,289416
2,113.909727,22.543132,8,347.4,24,2015:11:10:9:51:44,0,290410
2,113.909725,22.543224,7.2,348.1,24,2015:11:10:9:51:45,0,291439
2,113.909739,22.54331,6.9,358.1,24,2015:11:10:9:51:46,0,292413
2,113.909768,22.543394,6.7,6.2,24,2015:11:10:9:51:47,0,293413
2,113.909799,22.543488,6.7,359.2,24,2015:11:10:9:51:48,0,294400
2,113.909829,22.543591,9,3.2,24,2015:11:10:9:51:49,0,295403
2,113.90985,22.54369,9.1,3.7,24,2015:11:10:9:51:50,0,296442
2,113.909866,22.543783,9,3.5,24,2015:11:10:9:51:51,0,297405
2,113.909888,22.543878,9,4,24,2015:11:10:9:51:52,0,298406
2,113.909897,22.543978,10.1,0.8,16,2015:11:10:9:51:53,0,299408
2,113.909919,22.544062,7.7,2.9,16,2015:11:10:9:51:54,0,300406
2,113.909939,22.54414,7.7,2.7,16,2015:11:10:9:51:55,0,301394
2,113.909971,22.544204,7.1,17,16,2015:11:10:9:51:56,0,302448
2,113.91,22.544269,7.2,20.8,12,2015:11:10:9:51:57,0,303408
2,113.910045,22.544319,7,40.2,12,2015:11:10:9:51:58,0,304408
2,113.910087,22.54436,7,43,16,2015:11:10:9:51:59,0,305413
2,113.910144,22.544394,7.7,57.7,16,2015:11:10:9:52:0,0,306411
2,113.9102,22.544425,7.7,57.7,24,2015:11:10:9:52:1,0,307403
2,113.910282,22.54446,10.1,60.7,24,2015:11:10:9:52:2,0,308398
2,113.910375,22.544488,9.9,65.1,16,2015:11:10:9:52:3,0,309406
2,113.910475,22.544503,10.1,70.8,16,2015:11:10:9:52:4,0,310410
2,113.910578,22.544503,10.2,89.4,16,2015:11:10:9:52:5,0,311404
2,113.910686,22.544504,10.7,90.1,16,2015:11:10:9:52:6,0,312407
2,113.910798,22.544499,10.7,89.4,16,2015:11:10:9:52:7,0,313408
2,113.910913,22.544452,12,114.3,16,2015:11:10:9:52:8,0,314412
2,113.911036,22.544435,11.7,96.2,16,2015:11:10:9:52:9,0,315400
2,113.911163,22.544422,12.1,96.2,16,2015:11:10:9:52:10,0,316413
2,113.911283,22.544407,11.7,96.1,16,2015:11:10:9:52:11,0,317414
2,113.911379,22.544394,8.8,96.5,16,2015:11:10:9:52:12,0,318409
2,113.911493,22.544377,10.9,97.7,16,2015:11:10:9:52:13,0,319396
2,113.911601,22.544362,10.4,98.3,16,2015:11:10:9:52:14,0,320405
2,113.911708,22.544342,10.4,97.3,16,2015:11:10:9:52:15,0,321398
2,113.911833,22.544315,11.3,100,16,2015:11:10:9:52:16,0,322399
2,113.911951,22.544295,11.5,101.6,16,2015:11:10:9:52:17,0,323411
2,113.912076,22.544275,12.5,102.1,16,2015:11:10:9:52:18,0,324400
2,113.912187,22.544257,11.6,100.6,16,2015:11:10:9:52:19,0,325423
2,113.912291,22.544233,11,104.6,16,2015:11:10:9:52:20,0,326410
2,113.912398,22.544202,11.8,106.8,16,2015:11:10:9:52:21,0,327393
2,113.912503,22.544172,11.3,105.9,16,2015:11:10:9:52:22,0,328404
2,113.912601,22.544142,10.9,106.7,16,2015:11:10:9:52:23,0,329409
2,113.912691,22.544116,10.1,105.9,16,2015:11:10:9:52:24,0,330415
2,113.912779,22.544092,9.8,106.9,16,2015:11:10:9:52:25,0,331416
2,113.912868,22.544064,10.1,109,16,2015:11:10:9:52:26,0,332389
2,113.912958,22.544036,10,109.5,16,2015:11:10:9:52:27,0,333386
2,113.913047,22.544001,10,109.3,16,2015:11:10:9:52:28,0,334398
2,113.913131,22.54397,9.6,109.2,16,2015:11:10:9:52:29,0,335388
2,113.913212,22.543941,9.3,107.8,16,2015:11:10:9:52:30,0,336432
2,113.913308,22.543905,10.8,110.1,12,2015:11:10:9:52:31,0,337391
2,113.913389,22.54387,9.7,112.7,12,2015:11:10:9:52:32,0,338393
2,113.913474,22.543834,9.8,113.6,16,2015:11:10:9:52:33,0,339422
2,113.913554,22.543803,9.1,112,12,2015:11:10:9:52:34,0,340383
2,113.913646,22.54377,10,110.7,12,2015:11:10:9:52:35,0,341393
2,113.913736,22.543737,10,111.7,12,2015:11:10:9:52:36,0,342411
2,113.913829,22.543715,9.9,105.1,16,2015:11:10:9:52:37,0,343401
2,113.913934,22.543683,11.6,107.4,16,2015:11:10:9:52:38,0,344389
2,113.91403,22.543652,10.6,107,16,2015:11:10:9:52:39,0,345392
2,113.914102,22.543627,8,106.7,16,2015:11:10:9:52:40,0,346399
2,113.914168,22.543606,7.5,106.2,16,2015:11:10:9:52:41,0,347386
2,113.914247,22.543579,8.5,108,16,2015:11:10:9:52:42,0,348397
2,113.914316,22.543549,8.3,113.4,16,2015:11:10:9:52:43,0,349383
2,113.914355,22.543543,4.7,100.6,16,2015:11:10:9:52:44,0,350380
2,113.914355,22.543543,0,100.6,16,2015:11:10:9:52:45,0,351379
2,113.914355,22.543543,0,100.6,16,2015:11:10:9:52:46,0,352394
2,113.914355,22.543543,0,100.6,16,2015:11:10:9:52:47,0,353414
2,113.914366,22.543556,1.6,44.3,24,2015:11:10:9:52:48,0,354410
2,113.914366,22.543556,0,44.3,16,2015:11:10:9:52:49,0,355370
2,113.914366,22.543556,0,44.3,24,2015:11:10:9:52:50,0,356368
2,113.914366,22.543556,0,44.3,24,2015:11:10:9:52:51,0,357372
2,113.914366,22.543556,0,44.3,24,2015:11:10:9:52:52,0,358393
2,113.914366,22.543556,0,44.3,16,2015:11:10:9:52:53,0,359397
2,113.914366,22.543556,0,44.3,16,2015:11:10:9:52:54,0,360387
2,113.914366,22.543556,0,44.3,16,2015:11:10:9:52:55,0,361394
2,113.914366,22.543556,0,44.3,16,2015:11:10:9:52:56,0,362388
2,113.914366,22.543556,0,44.3,12,2015:11:10:9:52:57,0,363393
2,113.914429,22.543552,2.3,106.3,16,2015:11:10:9:52:58,0,364396
2,113.914451,22.543549,2.6,100.6,16,2015:11:10:9:52:59,0,365388
2,113.914465,22.543545,1.9,89,24,2015:11:10:9:53:0,0,366418
2,113.914465,22.543545,0,89,24,2015:11:10:9:53:1,0,367393
2,113.914486,22.543536,2.6,88.4,24,2015:11:10:9:53:2,0,368409
2,113.914497,22.543531,2,84.4,24,2015:11:10:9:53:3,0,369384
2,113.914497,22.543531,0,84.4,16,2015:11:10:9:53:4,0,370405
2,113.914497,22.543531,0,84.4,16,2015:11:10:9:53:5,0,371378
2,113.914497,22.543531,0,84.4,16,2015:11:10:9:53:6,0,372377
2,113.914497,22.543531,0,84.4,16,2015:11:10:9:53:7,0,373394
2,113.914497,22.543531,0,84.4,16,2015:11:10:9:53:8,0,374400
2,113.914497,22.543531,0,84.4,16,2015:11:10:9:53:9,0,375395
2,113.914497,22.543531,0,84.4,12,2015:11:10:9:53:10,0,376393
2,113.914497,22.543531,0,84.4,12,2015:11:10:9:53:11,0,377367
2,113.914497,22.543531,0,84.4,16,2015:11:10:9:53:12,0,378393
2,113.914497,22.543531,0,84.4,12,2015:11:10:9:53:13,0,379373
2,113.914497,22.543531,0,84.4,24,2015:11:10:9:53:14,0,380395
2,113.914497,22.543531,0,84.4,12,2015:11:10:9:53:15,0,381393
2,113.914497,22.543531,0,84.4,16,2015:11:10:9:53:16,0,382369
2,113.914497,22.543531,0,84.4,12,2015:11:10:9:53:17,0,383370
2,113.914497,22.543531,0,84.4,16,2015:11:10:9:53:18,0,384373
2,113.914497,22.543531,0,84.4,16,2015:11:10:9:53:19,0,385391
2,113.914497,22.543531,0,84.4,16,2015:11:10:9:53:20,0,386365
2,113.914497,22.543531,0,84.4,16,2015:11:10:9:53:21,0,387405
2,113.914497,22.543531,0,84.4,12,2015:11:10:9:53:22,0,388407
2,113.914497,22.543531,0,84.4,12,2015:11:10:9:53:23,0,389398
2,113.914497,22.543531,0,84.4,16,2015:11:10:9:53:24,0,390405
2,113.914497,22.543531,0,84.4,16,2015:11:10:9:53:25,0,391390
2,113.914497,22.543531,0,84.4,12,2015:11:10:9:53:26,0,392419
2,113.914497,22.543531,0,84.4,12,2015:11:10:9:53:27,0,393378
2,113.914497,22.543531,0,84.4,16,2015:11:10:9:53:28,0,394391
2,113.914497,22.543531,0,84.4,16,2015:11:10:9:53:29,0,395378
2,113.914497,22.543531,0,84.4,16,2015:11:10:9:53:30,0,396395
2,113.914497,22.543531,0,84.4,16,2015:11:10:9:53:31,0,397394
2,113.914497,22.543531,0,84.4,16,2015:11:10:9:53:32,0,398418
2,113.914497,22.543531,0,84.4,16,2015:11:10:9:53:33,0,399398
2,113.914497,22.543531,0,84.4,16,2015:11:10:9:53:34,0,400406
2,113.914497,22.543531,0,84.4,16,2015:11:10:9:53:35,0,401362
2,113.914497,22.543531,0,84.4,12,2015:11:10:9:53:36,0,402371
2,113.914497,22.543531,0,84.4,12,2015:11:10:9:53:37,0,403383
2,113.914497,22.543531,0,84.4,12,2015:11:10:9:53:38,0,404390
2,113.914497,22.543531,0,84.4,12,2015:11:10:9:53:39,0,405378
2,113.914497,22.543531,0,84.4,12,2015:11:10:9:53:40,0,406427
2,113.914497,22.543531,0,84.4,16,2015:11:10:9:53:41,0,407396
2,113.914497,22.543531,0,84.4,12,2015:11:10:9:53:42,0,408378
2,113.914497,22.543531,0,84.4,16,2015:11:10:9:53:43,0,409372
2,113.914497,22.543531,0,84.4,12,2015:11:10:9:53:44,0,410399
2,113.914497,22.543531,0,84.4,16,2015:11:10:9:53:45,0,411389
2,113.914497,22.543531,0,84.4,16,2015:11:10:9:53:46,0,412376
2,113.914497,22.543531,0,84.4,16,2015:11:10:9:53:47,0,413392
2,113.914605,22.543493,2.1,106.3,16,2015:11:10:9:53:48,0,414401
2,113.914654,22.543472,5.1,113.5,16,2015:11:10:9:53:49,0,415385
2,113.914722,22.543457,6.6,102.4,24,2015:11:10:9:53:50,0,416396
2,113.914798,22.543439,7.4,104.7,24,2015:11:10:9:53:51,0,417380
2,113.914888,22.543417,8.8,105.9,24,2015:11:10:9:53:52,0,418385
2,113.914983,22.543388,9.5,108.2,24,2015:11:10:9:53:53,0,419385
2,113.915076,22.543366,9.2,106.7,16,2015:11:10:9:53:54,0,420385
2,113.915168,22.543352,8.9,104.1,16,2015:11:10:9:53:55,0,421390
2,113.915258,22.54334,8.4,103.6,16,2015:11:10:9:53:56,0,422418
2,113.915354,22.54333,9,100.7,16,2015:11:10:9:53:57,0,423380
2,113.915461,22.543316,9,102.3,16,2015:11:10:9:53:58,0,424409
2,113.915563,22.543307,8,97.8,16,2015:11:10:9:53:59,0,425391
2,113.91566,22.5433,7.6,97.7,16,2015:11:10:9:54:0,0,426386
2,113.915743,22.543296,7.2,95.8,16,2015:11:10:9:54:1,0,427414
2,113.915824,22.543292,7.1,95.8,16,2015:11:10:9:54:2,0,428403
2,113.915899,22.543288,7.1,96.7,16,2015:11:10:9:54:3,0,429405
2,113.915974,22.543274,8.9,98.7,16,2015:11:10:9:54:4,0,430389
2,113.916059,22.543259,9.7,99.4,16,2015:11:10:9:54:5,0,431388
2,113.916147,22.543246,9.6,97,12,2015:11:10:9:54:6,0,432408
2,113.916236,22.54324,9.6,93.8,12,2015:11:10:9:54:7,0,433388
2,113.916317,22.543231,8.7,94.5,12,2015:11:10:9:54:8,0,434426
2,113.916398,22.543225,8.4,94.3,12,2015:11:10:9:54:9,0,435390
2,113.916473,22.543221,7.6,92.6,12,2015:11:10:9:54:10,0,436396
2,113.916525,22.54322,5.2,89.7,12,2015:11:10:9:54:11,0,437385
2,113.916564,22.54322,3.7,86.8,12,2015:11:10:9:54:12,0,438384
2,113.916603,22.543221,3.9,88.1,16,2015:11:10:9:54:13,0,439399
2,113.916639,22.543221,3.7,89.1,16,2015:11:10:9:54:14,0,440386
2,113.916666,22.543219,3,90.1,16,2015:11:10:9:54:15,0,441416
2,113.916692,22.543219,2.6,89.8,16,2015:11:10:9:54:16,0,442390
2,113.91672,22.543218,3,89.5,16,2015:11:10:9:54:17,0,443390
2,113.916757,22.543216,3.9,91.5,12,2015:11:10:9:54:18,0,444394
2,113.916799,22.543213,4.4,90.8,12,2015:11:10:9:54:19,0,445394
2,113.916851,22.543211,5.7,89.5,12,2015:11:10:9:54:20,0,446398
2,113.91691,22.543205,6.7,90.7,16,2015:11:10:9:54:21,0,447415
2,113.916973,22.5432,7,90.3,16,2015:11:10:9:54:22,0,448407
2,113.917039,22.543195,7,90.8,16,2015:11:10:9:54:23,0,449416
2,113.917101,22.543191,6.6,89.9,16,2015:11:10:9:54:24,0,450435
2,113.917181,22.543186,8,91.7,16,2015:11:10:9:54:25,0,451400
2,113.917264,22.54318,8.2,92.4,12,2015:11:10:9:54:26,0,452391
2,113.917348,22.543175,8.5,91.9,16,2015:11:10:9:54:27,0,453383
2,113.917431,22.543172,8.5,92.3,16,2015:11:10:9:54:28,0,454381
2,113.917509,22.543169,8,92.3,16,2015:11:10:9:54:29,0,455420
2,113.917585,22.543166,8,91.6,16,2015:11:10:9:54:30,0,456405
2,113.917657,22.543165,7.1,90.3,16,2015:11:10:9:54:31,0,457413
2,113.917731,22.543163,7.2,91.1,16,2015:11:10:9:54:32,0,458380
2,113.917803,22.543162,7.2,90.5,16,2015:11:10:9:54:33,0,459402
2,113.917874,22.543155,7.2,95.4,16,2015:11:10:9:54:34,0,460398
2,113.917946,22.54315,7.1,92.8,12,2015:11:10:9:54:35,0,461388
2,113.918016,22.543144,6.9,93.6,12,2015:11:10:9:54:36,0,462416
2,113.918083,22.543139,6.9,93,16,2015:11:10:9:54:37,0,463391
2,113.918139,22.543134,6.4,92.8,16,2015:11:10:9:54:38,0,464390
2,113.918188,22.543132,5.2,92.2,16,2015:11:10:9:54:39,0,465461
2,113.918229,22.543131,4.2,91.8,16,2015:11:10:9:54:40,0,466389
2,113.918268,22.543129,3.8,91.6,16,2015:11:10:9:54:41,0,467381
2,113.918308,22.543127,3.8,92,16,2015:11:10:9:54:42,0,468379
2,113.918351,22.543126,4.2,90.5,16,2015:11:10:9:54:43,0,469424
2,113.918391,22.543125,4,90.3,16,2015:11:10:9:54:44,0,470411
2,113.918392,22.543125,0,90.3,16,2015:11:10:9:54:45,0,471389
2,113.918392,22.543125,0,90.3,16,2015:11:10:9:54:46,0,472397
2,113.918426,22.543123,3.4,92.5,16,2015:11:10:9:54:47,0,473406
2,113.918427,22.543123,0,92.5,16,2015:11:10:9:54:48,0,474383
2,113.918435,22.543122,0.8,91.9,12,2015:11:10:9:54:49,0,475408
2,113.918435,22.543122,0,91.9,16,2015:11:10:9:54:50,0,476389
2,113.918464,22.543121,0,91.9,16,2015:11:10:9:54:51,0,477413
2,113.918481,22.54312,1.8,92.2,16,2015:11:10:9:54:53,0,478862
2,113.918481,22.54312,0,92.2,16,2015:11:10:9:54:53,0,479397
2,113.918481,22.54312,0,92.2,16,2015:11:10:9:54:54,0,480557
2,113.918481,22.54312,0,92.2,16,2015:11:10:9:54:55,0,481384
2,113.918481,22.54312,0,92.2,32,2015:11:10:9:54:56,0,482381
2,113.918517,22.543122,1.4,78.4,32,2015:11:10:9:54:57,0,483411
2,113.918517,22.543122,0,78.4,32,2015:11:10:9:54:58,0,484360
2,113.918517,22.543122,0,78.4,24,2015:11:10:9:54:59,0,485390
2,113.918517,22.543122,0,78.4,24,2015:11:10:9:55:0,0,486372
2,113.918517,22.543122,0,78.4,32,2015:11:10:9:55:1,0,487389
2,113.918517,22.543122,0,78.4,16,2015:11:10:9:55:2,0,488368
2,113.918517,22.543122,0,78.4,16,2015:11:10:9:55:3,0,489384
2,113.918517,22.543122,0,78.4,16,2015:11:10:9:55:4,0,490387
2,113.918517,22.543122,0,78.4,24,2015:11:10:9:55:5,0,491392
2,113.918517,22.543122,0,78.4,24,2015:11:10:9:55:6,0,492378
2,113.918517,22.543122,0,78.4,24,2015:11:10:9:55:7,0,493382
2,113.918517,22.543122,0,78.4,12,2015:11:10:9:55:8,0,494391
2,113.918517,22.543122,0,78.4,32,2015:11:10:9:55:9,0,495372
2,113.918517,22.543122,0,78.4,24,2015:11:10:9:55:10,0,496372
2,113.918517,22.543122,0,78.4,24,2015:11:10:9:55:11,0,497372
2,113.918517,22.543122,0,78.4,24,2015:11:10:9:55:12,0,498505
2,113.918517,22.543122,0,78.4,24,2015:11:10:9:55:13,0,499394
2,113.918517,22.543122,0,78.4,24,2015:11:10:9:55:14,0,500376
2,113.918517,22.543122,0,78.4,32,2015:11:10:9:55:15,0,501394
2,113.918517,22.543122,0,78.4,32,2015:11:10:9:55:16,0,502378
2,113.918517,22.543122,0,78.4,24,2015:11:10:9:55:17,0,503392
2,113.918517,22.543122,0,78.4,32,2015:11:10:9:55:18,0,504389
2,113.918517,22.543122,0,78.4,16,2015:11:10:9:55:19,0,505385
2,113.918517,22.543122,0,78.4,24,2015:11:10:9:55:20,0,506389
2,113.918517,22.543122,0,78.4,32,2015:11:10:9:55:21,0,507404
2,113.918517,22.543122,0,78.4,16,2015:11:10:9:55:22,0,508370
2,113.918517,22.543122,0,78.4,12,2015:11:10:9:55:23,0,509385
2,113.918517,22.543122,0,78.4,12,2015:11:10:9:55:24,0,510397
2,113.918517,22.543122,0,78.4,16,2015:11:10:9:55:25,0,511391
2,113.918517,22.543122,0,78.4,24,2015:11:10:9:55:26,0,512374
2,113.918517,22.543122,0,78.4,24,2015:11:10:9:55:27,0,513410
2,113.918517,22.543122,0,78.4,24,2015:11:10:9:55:28,0,514388
2,113.918517,22.543122,0,78.4,24,2015:11:10:9:55:29,0,515389
2,113.918517,22.543122,0,78.4,24,2015:11:10:9:55:30,0,516384
2,113.918517,22.543122,0,78.4,32,2015:11:10:9:55:31,0,517394
2,113.918517,22.543122,0,78.4,16,2015:11:10:9:55:32,0,518380
2,113.918517,22.543122,0,78.4,16,2015:11:10:9:55:33,0,519379
2,113.918517,22.543122,0,78.4,12,2015:11:10:9:55:34,0,520409
2,113.918517,22.543122,0,78.4,24,2015:11:10:9:55:35,0,521436
2,113.918517,22.543122,0,78.4,24,2015:11:10:9:55:36,0,522384
2,113.918517,22.543122,0,78.4,24,2015:11:10:9:55:37,0,523386
2,113.918517,22.543122,0,78.4,24,2015:11:10:9:55:38,0,524380
2,113.918517,22.543122,0,78.4,16,2015:11:10:9:55:39,0,525395
2,113.918517,22.543122,0,78.4,32,2015:11:10:9:55:40,0,526389
2,113.918517,22.543122,0,78.4,16,2015:11:10:9:55:41,0,527380
2,113.918517,22.543122,0,78.4,16,2015:11:10:9:55:42,0,528387
2,113.918517,22.543122,0,78.4,16,2015:11:10:9:55:43,0,529419
2,113.918517,22.543122,0,78.4,16,2015:11:10:9:55:44,0,530387
2,113.918517,22.543122,0,78.4,16,2015:11:10:9:55:45,0,531386
2,113.918517,22.543122,0,78.4,16,2015:11:10:9:55:46,0,532386
2,113.918517,22.543122,0,78.4,16,2015:11:10:9:55:47,0,533549
2,113.918517,22.543122,0,78.4,16,2015:11:10:9:55:48,0,534401
2,113.918517,22.543122,0,78.4,12,2015:11:10:9:55:49,0,535389
2,113.918517,22.543122,0,78.4,12,2015:11:10:9:55:50,0,536393
2,113.918517,22.543122,0,78.4,12,2015:11:10:9:55:51,0,537380
2,113.918517,22.543122,0,78.4,12,2015:11:10:9:55:52,0,538388
2,113.918517,22.543122,0,78.4,24,2015:11:10:9:55:53,0,539403
2,113.918517,22.543122,0,78.4,24,2015:11:10:9:55:54,0,540374
2,113.918517,22.543122,0,78.4,16,2015:11:10:9:55:55,0,541383
2,113.918517,22.543122,0,78.4,48,2015:11:10:9:55:56,0,542464
2,113.918517,22.543122,0,78.4,48,2015:11:10:9:55:57,0,543369
2,113.918517,22.543122,0,78.4,16,2015:11:10:9:55:58,0,544380
2,113.918517,22.543122,0,78.4,32,2015:11:10:9:55:59,0,545416
2,113.918517,22.543122,0,78.4,32,2015:11:10:9:56:0,0,546393
2,113.918517,22.543122,0,78.4,32,2015:11:10:9:56:1,0,547419
2,113.918517,22.543122,0,78.4,32,2015:11:10:9:56:2,0,548377
2,113.918517,22.543122,0,78.4,24,2015:11:10:9:56:3,0,549394
2,113.918517,22.543122,0,78.4,24,2015:11:10:9:56:4,0,550400
2,113.918517,22.543122,0,78.4,24,2015:11:10:9:56:5,0,551390
2,113.918517,22.543122,0,78.4,32,2015:11:10:9:56:6,0,552391
2,113.918517,22.543122,0,78.4,32,2015:11:10:9:56:7,0,553376
2,113.918517,22.543122,0,78.4,32,2015:11:10:9:56:8,0,554398
2,113.918517,22.543122,0,78.4,32,2015:11:10:9:56:9,0,555392
2,113.918517,22.543122,0,78.4,24,2015:11:10:9:56:10,0,556395
2,113.918517,22.543122,0,78.4,24,2015:11:10:9:56:11,0,557397
2,113.918517,22.543122,0,78.4,24,2015:11:10:9:56:12,0,558401
2,113.918517,22.543122,0,78.4,24,2015:11:10:9:56:13,0,559390
2,113.918517,22.543122,0,78.4,24,2015:11:10:9:56:14,0,560391
2,113.918517,22.543122,0,78.4,16,2015:11:10:9:56:15,0,561396
2,113.918517,22.543122,0,78.4,16,2015:11:10:9:56:16,0,562397
2,113.918517,22.543122,0,78.4,16,2015:11:10:9:56:17,0,563396
2,113.918517,22.543122,0,78.4,24,2015:11:10:9:56:18,0,564394
2,113.918517,22.543122,0,78.4,16,2015:11:10:9:56:19,0,565398
2,113.918517,22.543122,0,78.4,24,2015:11:10:9:56:20,0,566391
2,113.918517,22.543122,0,78.4,16,2015:11:10:9:56:21,0,567402
2,113.918517,22.543122,0,78.4,24,2015:11:10:9:56:22,0,568393
2,113.918517,22.543122,0,78.4,24,2015:11:10:9:56:24,0,569614
2,113.918517,22.543122,0,78.4,24,2015:11:10:9:56:24,0,570389
2,113.918517,22.543122,0,78.4,24,2015:11:10:9:56:25,0,571391
2,113.918517,22.543122,0,78.4,24,2015:11:10:9:56:26,0,572391
2,113.918517,22.543122,0,78.4,24,2015:11:10:9:56:27,0,573393
2,113.918517,22.543122,0,78.4,16,2015:11:10:9:56:28,0,574392
2,113.918517,22.543122,0,78.4,24,2015:11:10:9:56:29,0,575394
2,113.918517,22.543122,0,78.4,24,2015:11:10:9:56:30,0,576378
2,113.918517,22.543122,0,78.4,24,2015:11:10:9:56:31,0,577394
2,113.918517,22.543122,0,78.4,16,2015:11:10:9:56:32,0,578392
2,113.918517,22.543122,0,78.4,16,2015:11:10:9:56:33,0,579393
2,113.918517,22.543122,0,78.4,16,2015:11:10:9:56:34,0,580397
2,113.918517,22.543122,0,78.4,32,2015:11:10:9:56:35,0,581395
2,113.918517,22.543122,0,78.4,16,2015:11:10:9:56:36,0,582394
2,113.918517,22.543122,0,78.4,16,2015:11:10:9:56:37,0,583394
2,113.918517,22.543122,0,78.4,16,2015:11:10:9:56:38,0,584393
2,113.918517,22.543122,0,78.4,48,2015:11:10:9:56:39,0,585394
2,113.918517,22.543122,0,78.4,16,2015:11:10:9:56:40,0,586419
2,113.918517,22.543122,0,78.4,24,2015:11:10:9:56:41,0,587389
2,113.918517,22.543122,0,78.4,24,2015:11:10:9:56:42,0,588394
2,113.918517,22.543122,0,78.4,24,2015:11:10:9:56:43,0,589396
2,113.918517,22.543122,0,78.4,12,2015:11:10:9:56:44,0,590394
2,113.918517,22.543122,0,78.4,24,2015:11:10:9:56:45,0,591393
2,113.918517,22.543122,0,78.4,24,2015:11:10:9:56:46,0,592377
2,113.918517,22.543122,0,78.4,24,2015:11:10:9:56:47,0,593385
2,113.918517,22.543122,0,78.4,24,2015:11:10:9:56:48,0,594396
2,113.918517,22.543122,0,78.4,16,2015:11:10:9:56:49,0,595390
2,113.918517,22.543122,0,78.4,24,2015:11:10:9:56:50,0,596391
2,113.918517,22.543122,0,78.4,24,2015:11:10:9:56:51,0,597399
2,113.918517,22.543122,0,78.4,24,2015:11:10:9:56:52,0,598391
2,113.918517,22.543122,0,78.4,24,2015:11:10:9:56:53,0,599397
2,113.918517,22.543122,0,78.4,24,2015:11:10:9:56:54,0,600401
2,113.918517,22.543122,0,78.4,24,2015:11:10:9:56:55,0,601394
2,113.918517,22.543122,0,78.4,24,2015:11:10:9:56:56,0,602393
2,113.918517,22.543122,0,78.4,24,2015:11:10:9:56:57,0,603409
2,113.918517,22.543122,0,78.4,24,2015:11:10:9:56:58,0,604397
2,113.918517,22.543122,0,78.4,24,2015:11:10:9:56:59,0,605395
2,113.918517,22.543122,0,78.4,12,2015:11:10:9:57:0,0,606394
2,113.918517,22.543122,0,78.4,12,2015:11:10:9:57:1,0,607403
2,113.918517,22.543122,0,78.4,12,2015:11:10:9:57:2,0,608394
2,113.918517,22.543122,0,78.4,16,2015:11:10:9:57:3,0,609396
2,113.918517,22.543122,0,78.4,16,2015:11:10:9:57:4,0,610393
2,113.918517,22.543122,0,78.4,16,2015:11:10:9:57:5,0,611393
2,113.918517,22.543122,0,78.4,12,2015:11:10:9:57:6,0,612396
2,113.918517,22.543122,0,78.4,12,2015:11:10:9:57:7,0,613394
2,113.918517,22.543122,0,78.4,12,2015:11:10:9:57:8,0,614396
2,113.918517,22.543122,0,78.4,12,2015:11:10:9:57:9,0,615395
2,113.918517,22.543122,0,78.4,24,2015:11:10:9:57:10,0,616393
2,113.918517,22.543122,0,78.4,16,2015:11:10:9:57:11,0,617392
2,113.918517,22.543122,0,78.4,16,2015:11:10:9:57:12,0,618395
2,113.918517,22.543122,0,78.4,16,2015:11:10:9:57:13,0,619395
2,113.918517,22.543122,0,78.4,24,2015:11:10:9:57:14,0,620401
2,113.918517,22.543122,0,78.4,24,2015:11:10:9:57:15,0,621359
2,113.918517,22.543122,0,78.4,24,2015:11:10:9:57:16,0,622388
2,113.918517,22.543122,0,78.4,32,2015:11:10:9:57:17,0,623456
2,113.918517,22.543122,0,78.4,24,2015:11:10:9:57:18,0,624375
2,113.918517,22.543122,0,78.4,16,2015:11:10:9:57:19,0,625383
2,113.918517,22.543122,0,78.4,16,2015:11:10:9:57:20,0,626414
2,113.918517,22.543122,0,78.4,16,2015:11:10:9:57:21,0,627374
2,113.918517,22.543122,0,78.4,16,2015:11:10:9:57:22,0,628374
2,113.918517,22.543122,0,78.4,12,2015:11:10:9:57:23,0,629365
2,113.918517,22.543122,0,78.4,16,2015:11:10:9:57:24,0,630372
2,113.918517,22.543122,0,78.4,16,2015:11:10:9:57:25,0,631372
2,113.918517,22.543122,0,78.4,16,2015:11:10:9:57:26,0,632380
2,113.918517,22.543122,0,78.4,16,2015:11:10:9:57:27,0,633383
2,113.918517,22.543122,0,78.4,12,2015:11:10:9:57:28,0,634385
2,113.918517,22.543122,0,78.4,24,2015:11:10:9:57:29,0,635388
2,113.918517,22.543122,0,78.4,32,2015:11:10:9:57:30,0,636368
2,113.918517,22.543122,0,78.4,48,2015:11:10:9:57:31,0,637393
2,113.918517,22.543122,0,78.4,48,2015:11:10:9:57:32,0,638372
2,113.918517,22.543122,0,78.4,32,2015:11:10:9:57:33,0,639395
2,113.918517,22.543122,0,78.4,12,2015:11:10:9:57:34,0,640377
2,113.918517,22.543122,0,78.4,12,2015:11:10:9:57:35,0,641377
2,113.918517,22.543122,0,78.4,12,2015:11:10:9:57:36,0,642411
2,113.918517,22.543122,0,78.4,16,2015:11:10:9:57:37,0,643409
2,113.918517,22.543122,0,78.4,16,2015:11:10:9:57:38,0,644384
2,113.918517,22.543122,0,78.4,24,2015:11:10:9:57:39,0,645409
2,113.918517,22.543122,0,78.4,48,2015:11:10:9:57:40,0,646375
2,113.918517,22.543122,0,78.4,24,2015:11:10:9:57:41,0,647405
2,113.918517,22.543122,0,78.4,16,2015:11:10:9:57:42,0,648395
2,113.918581,22.543113,3.6,133.6,16,2015:11:10:9:57:43,0,649385
2,113.918669,22.543095,3.6,133.6,16,2015:11:10:9:57:44,0,650388
2,113.918755,22.543083,5.1,116.8,16,2015:11:10:9:57:45,0,651405
2,113.918833,22.543069,5.1,110.3,32,2015:11:10:9:57:46,0,652411
2,113.91891,22.543068,5.3,104.4,24,2015:11:10:9:57:47,0,653418
2,113.918982,22.543069,5.3,97.7,24,2015:11:10:9:57:48,0,654391
2,113.91905,22.543075,5.3,91.6,16,2015:11:10:9:57:49,0,655418
2,113.919123,22.543078,4.7,85.4,16,2015:11:10:9:57:50,0,656388
2,113.919123,22.543078,0,85.4,16,2015:11:10:9:57:51,0,657399
2,113.919123,22.543078,0,85.4,24,2015:11:10:9:57:52,0,658404
2,113.91924,22.543092,3.9,81.5,24,2015:11:10:9:57:53,0,659418
2,113.919289,22.543104,4,77.1,24,2015:11:10:9:57:54,0,660419
2,113.919361,22.543118,4.5,75.1,24,2015:11:10:9:57:55,0,661420
2,113.919417,22.543129,4.2,74.3,24,2015:11:10:9:57:56,0,662384
2,113.919473,22.543135,4.2,75.2,24,2015:11:10:9:57:57,0,663393
2,113.919557,22.543133,6.8,79.9,24,2015:11:10:9:57:58,0,664416
2,113.91965,22.543123,8.3,86.6,24,2015:11:10:9:57:59,0,665403
2,113.919753,22.543119,9,89,24,2015:11:10:9:58:0,0,666413
2,113.91986,22.54312,9.5,89.4,32,2015:11:10:9:58:1,0,667386
2,113.919967,22.54312,9.1,90.8,32,2015:11:10:9:58:2,0,668388
2,113.920073,22.543113,8.9,93.3,24,2015:11:10:9:58:3,0,669408
2,113.92019,22.543109,8.9,92,24,2015:11:10:9:58:4,0,670394
2,113.920297,22.543112,9.5,89.4,24,2015:11:10:9:58:5,0,671390
2,113.920393,22.543114,9.5,88.2,24,2015:11:10:9:58:6,0,672390
2,113.920485,22.543118,9.5,86.7,24,2015:11:10:9:58:7,0,673410
2,113.920578,22.543122,9.5,85.9,24,2015:11:10:9:58:8,0,674408
2,113.920676,22.543128,9.7,85.6,24,2015:11:10:9:58:9,0,675406
2,113.920777,22.543131,9.8,85.4,32,2015:11:10:9:58:10,0,676420
2,113.920881,22.54313,9.9,86,16,2015:11:10:9:58:11,0,677405
2,113.92099,22.543129,10.3,86.4,16,2015:11:10:9:58:12,0,678415
2,113.921102,22.543127,10.5,87.2,16,2015:11:10:9:58:13,0,679413
2,113.921215,22.543124,10.7,87.7,24,2015:11:10:9:58:14,0,680408
2,113.92133,22.543118,10.8,88.5,24,2015:11:10:9:58:15,0,681390
2,113.921447,22.543113,10.8,89,24,2015:11:10:9:58:16,0,682425
2,113.92156,22.543107,10.7,89.2,24,2015:11:10:9:58:17,0,683383
2,113.921672,22.543102,10.4,89.3,24,2015:11:10:9:58:18,0,684417
2,113.921777,22.543095,9.9,87.6,24,2015:11:10:9:58:19,0,685388
2,113.921864,22.543074,7.9,91.7,24,2015:11:10:9:58:20,0,686414
2,113.921935,22.543053,6.2,89.4,24,2015:11:10:9:58:21,0,687396
2,113.921941,22.54305,0,72.6,24,2015:11:10:9:58:22,0,688412
2,113.921966,22.543047,3,84.9,32,2015:11:10:9:58:23,0,689409
2,113.921966,22.543047,0,84.9,32,2015:11:10:9:58:24,0,690378
2,113.921966,22.543047,0,84.9,32,2015:11:10:9:58:25,0,691396
2,113.921966,22.543047,0,84.9,32,2015:11:10:9:58:26,0,692393
2,113.921966,22.543047,0,84.9,48,2015:11:10:9:58:27,0,693404
2,113.921966,22.543047,0,84.9,32,2015:11:10:9:58:28,0,694385
2,113.921966,22.543047,0,84.9,32,2015:11:10:9:58:29,0,695394
2,113.921966,22.543047,0,84.9,24,2015:11:10:9:58:30,0,696389
2,113.921966,22.543047,0,84.9,24,2015:11:10:9:58:31,0,697365
2,113.921966,22.543047,0,84.9,24,2015:11:10:9:58:32,0,698394
2,113.921966,22.543047,0,84.9,24,2015:11:10:9:58:33,0,699391
2,113.921966,22.543047,0,84.9,24,2015:11:10:9:58:34,0,700392
2,113.921966,22.543047,0,84.9,24,2015:11:10:9:58:35,0,701414
2,113.92198,22.542914,3,160.9,24,2015:11:10:9:58:36,0,702406
2,113.922,22.542884,3.7,150.6,24,2015:11:10:9:58:37,0,703409
2,113.922029,22.542852,4.5,141.8,24,2015:11:10:9:58:38,0,704394
2,113.922082,22.54284,5,98.8,24,2015:11:10:9:58:39,0,705407
2,113.922159,22.542835,7.4,90.8,16,2015:11:10:9:58:40,0,706400
2,113.922219,22.542831,5.5,91.2,16,2015:11:10:9:58:41,0,707393
2,113.922244,22.542827,1.8,88.5,16,2015:11:10:9:58:42,0,708415
2,113.922292,22.542837,3.8,70.5,16,2015:11:10:9:58:43,0,709398
2,113.922358,22.542847,3.8,70.5,12,2015:11:10:9:58:44,0,710417
2,113.922431,22.542843,5.8,85.1,12,2015:11:10:9:58:45,0,711383
2,113.922537,22.542847,8.1,86.5,16,2015:11:10:9:58:46,0,712405
2,113.922646,22.542848,9.4,89.5,16,2015:11:10:9:58:47,0,713406
2,113.922749,22.54285,7.9,90.3,16,2015:11:10:9:58:48,0,714390
2,113.922871,22.542852,7.9,89.5,16,2015:11:10:9:58:49,0,715390
2,113.922959,22.542831,7.8,103.9,24,2015:11:10:9:58:50,0,716391
2,113.923048,22.542825,8.5,91.2,16,2015:11:10:9:58:51,0,717387
2,113.9231,22.54282,4.5,91.7,16,2015:11:10:9:58:52,0,718405
2,113.923173,22.542825,4.5,91.2,16,2015:11:10:9:58:53,0,719391
2,113.923279,22.542827,8.1,90.2,16,2015:11:10:9:58:54,0,720413
2,113.923395,22.54283,9,88.7,16,2015:11:10:9:58:55,0,721419
2,113.923487,22.542857,8.1,66.2,16,2015:11:10:9:58:56,0,722410
2,113.923577,22.542848,7.9,93.9,16,2015:11:10:9:58:57,0,723390
2,113.923652,22.54284,7,93.5,16,2015:11:10:9:58:58,0,724391
2,113.923741,22.542833,8.3,93.9,16,2015:11:10:9:58:59,0,725386
2,113.923804,22.54284,4.9,80,16,2015:11:10:9:59:0,0,726394
2,113.923898,22.542848,7.9,81.8,16,2015:11:10:9:59:1,0,727386
2,113.923998,22.542851,9,85.2,16,2015:11:10:9:59:2,0,728403
2,113.924097,22.542851,9.3,87.5,12,2015:11:10:9:59:3,0,729403
2,113.924201,22.542845,10,90.1,12,2015:11:10:9:59:4,0,730404
2,113.924309,22.542837,10.9,89.6,12,2015:11:10:9:59:5,0,731384
2,113.924419,22.542832,11,90.5,16,2015:11:10:9:59:6,0,732393
2,113.924515,22.542822,9.1,93.1,12,2015:11:10:9:59:7,0,733408
2,113.924623,22.542811,10.9,93.8,12,2015:11:10:9:59:8,0,734395
2,113.924724,22.542796,10.2,93.3,12,2015:11:10:9:59:9,0,735383
2,113.924817,22.54278,9.2,93.5,12,2015:11:10:9:59:10,0,736398
2,113.924888,22.54277,6.3,88.9,8,2015:11:10:9:59:11,0,737386
2,113.924934,22.54276,4.3,89.6,16,2015:11:10:9:59:12,0,738392
2,113.924963,22.542753,2.5,90.1,16,2015:11:10:9:59:13,0,739409
2,113.92497,22.542753,0.7,87.5,12,2015:11:10:9:59:14,0,740387
2,113.92497,22.542753,0,87.5,12,2015:11:10:9:59:15,0,741377
2,113.924976,22.542754,0.6,83.4,12,2015:11:10:9:59:16,0,742421
2,113.924981,22.542754,0,80.8,12,2015:11:10:9:59:17,0,743431
2,113.92501,22.542759,3.1,80.4,12,2015:11:10:9:59:18,0,744409
2,113.925032,22.542762,2.4,79.9,12,2015:11:10:9:59:19,0,745406
2,113.925071,22.542765,4,82,12,2015:11:10:9:59:20,0,746391
2,113.925123,22.542769,5.4,83.3,12,2015:11:10:9:59:21,0,747386
2,113.925182,22.542773,6,82.2,16,2015:11:10:9:59:22,0,748413
2,113.925245,22.542768,6.2,90.5,12,2015:11:10:9:59:23,0,749409
2,113.925302,22.542772,6.2,82.2,16,2015:11:10:9:59:24,0,750420
2,113.925379,22.542775,6.8,86.2,16,2015:11:10:9:59:25,0,751394
2,113.925464,22.542776,8.1,88.2,16,2015:11:10:9:59:26,0,752402
2,113.925547,22.542777,8.4,88.3,16,2015:11:10:9:59:27,0,753383
2,113.925632,22.54278,8.6,87,16,2015:11:10:9:59:28,0,754389
2,113.925725,22.54277,9.4,93.4,16,2015:11:10:9:59:29,0,755416
2,113.925819,22.542772,9.3,85.1,16,2015:11:10:9:59:30,0,756383
2,113.925922,22.542771,9.7,87.6,16,2015:11:10:9:59:31,0,757384
2,113.926032,22.542763,10.4,91.5,12,2015:11:10:9:59:32,0,758375
2,113.926137,22.542755,10.4,91.5,12,2015:11:10:9:59:33,0,759391
2,113.926239,22.54275,10.6,88.2,16,2015:11:10:9:59:34,0,760387
2,113.926356,22.542755,11.9,84.5,16,2015:11:10:9:59:35,0,761404
2,113.926471,22.542749,11.5,89.5,16,2015:11:10:9:59:36,0,762399
2,113.926589,22.542743,11.8,89.2,16,2015:11:10:9:59:37,0,763403
2,113.926697,22.542731,10.7,92.4,16,2015:11:10:9:59:38,0,764417
2,113.926813,22.542732,10.7,86.4,16,2015:11:10:9:59:39,0,765413
2,113.926938,22.542732,12.7,86.5,24,2015:11:10:9:59:40,0,766406
2,113.927068,22.542737,12.4,86.6,24,2015:11:10:9:59:41,0,767405
2,113.927199,22.542729,13.4,93,16,2015:11:10:9:59:42,0,768408
2,113.927331,22.542717,13.6,94.3,16,2015:11:10:9:59:43,0,769409
2,113.927458,22.542707,12.7,93.3,16,2015:11:10:9:59:44,0,770403
2,113.927584,22.542699,12.6,92.7,16,2015:11:10:9:59:45,0,771468
2,113.927716,22.542692,13.5,92.9,12,2015:11:10:9:59:46,0,772434
2,113.927847,22.542685,13.2,92.5,16,2015:11:10:9:59:47,0,773409
2,113.92799,22.542681,14.3,91.8,16,2015:11:10:9:59:48,0,774408
2,113.928142,22.542662,14.8,97.3,16,2015:11:10:9:59:49,0,775405
2,113.928305,22.542645,15.3,96.4,16,2015:11:10:9:59:50,0,776382
2,113.928465,22.542637,15,93.3,16,2015:11:10:9:59:51,0,777410
2,113.928624,22.542628,15.1,92.9,12,2015:11:10:9:59:52,0,778387
2,113.928779,22.542618,14.9,93,12,2015:11:10:9:59:53,0,779388
2,113.928935,22.54261,15.5,93.4,12,2015:11:10:9:59:54,0,780395
2,113.9291,22.54261,15.9,93.2,12,2015:11:10:9:59:55,0,781398
2,113.929261,22.542602,16.3,92.5,12,2015:11:10:9:59:56,0,782381
2,113.929427,22.542595,16.4,92.4,12,2015:11:10:9:59:57,0,783403
2,113.929589,22.542587,16.5,92.1,16,2015:11:10:9:59:58,0,784409
2,113.929758,22.542579,17.1,92.1,16,2015:11:10:9:59:59,0,785407
2,113.929929,22.542569,17.1,91.9,16,2015:11:10:10:0:0,0,786400
2,113.93009,22.542555,16.5,94.6,16,2015:11:10:10:0:1,0,787408
2,113.930249,22.54254,16.6,93.8,16,2015:11:10:10:0:2,0,788391
2,113.930407,22.542528,16.1,94.4,16,2015:11:10:10:0:3,0,789415
2,113.93056,22.542529,15.6,90.1,16,2015:11:10:10:0:4,0,790406
2,113.930714,22.542518,15.7,93,16,2015:11:10:10:0:5,0,791402
2,113.930859,22.542499,14.8,97.4,12,2015:11:10:10:0:6,0,792405
2,113.931002,22.54248,14.9,97.9,12,2015:11:10:10:0:7,0,793405
2,113.931141,22.542467,14.6,95.1,12,2015:11:10:10:0:8,0,794394
2,113.931289,22.542461,15.2,92.4,12,2015:11:10:10:0:9,0,795411
2,113.931442,22.542448,15.5,94.5,16,2015:11:10:10:0:10,0,796404
2,113.931584,22.542433,15,94.9,16,2015:11:10:10:0:11,0,797444
2,113.931741,22.542412,16.1,96.5,16,2015:11:10:10:0:12,0,798405
2,113.931896,22.542396,16,95,16,2015:11:10:10:0:13,0,799410
2,113.932052,22.542384,16,93.5,16,2015:11:10:10:0:14,0,800404
2,113.932202,22.542374,15.3,92.8,16,2015:11:10:10:0:15,0,801407
2,113.932346,22.54237,14.7,91.3,16,2015:11:10:10:0:16,0,802394
2,113.932491,22.542367,14,90.4,16,2015:11:10:10:0:17,0,803399
2,113.932629,22.542364,13.1,89.7,12,2015:11:10:10:0:18,0,804394
2,113.932752,22.542361,11.6,90.8,12,2015:11:10:10:0:19,0,805405
2,113.932866,22.542354,10.6,91.5,12,2015:11:10:10:0:20,0,806413
2,113.932966,22.542348,9,92,12,2015:11:10:10:0:21,0,807404
2,113.933052,22.542344,8,88.5,12,2015:11:10:10:0:22,0,808405
2,113.933125,22.542337,6.6,90.6,12,2015:11:10:10:0:23,0,809410
2,113.933181,22.542337,4.7,84.7,12,2015:11:10:10:0:24,0,810408
2,113.933217,22.542338,2.5,79.9,12,2015:11:10:10:0:25,0,811393
2,113.933234,22.542344,1.8,66.7,16,2015:11:10:10:0:26,0,812410
2,113.933234,22.542344,0,66.7,16,2015:11:10:10:0:27,0,813394
2,113.933234,22.542344,0,66.7,16,2015:11:10:10:0:28,0,814392
2,113.933234,22.542344,0,66.7,16,2015:11:10:10:0:29,0,815394
2,113.933234,22.542344,0,66.7,16,2015:11:10:10:0:30,0,816432
2,113.933234,22.542344,0,66.7,16,2015:11:10:10:0:31,0,817378
2,113.933234,22.542344,0,66.7,16,2015:11:10:10:0:32,0,818397
2,113.933234,22.542344,0,66.7,16,2015:11:10:10:0:33,0,819395
2,113.933234,22.542344,0,66.7,8,2015:11:10:10:0:34,0,820390
2,113.933234,22.542344,0,66.7,8,2015:11:10:10:0:35,0,821391
2,113.933234,22.542344,0,66.7,8,2015:11:10:10:0:36,0,822392
2,113.933234,22.542344,0,66.7,8,2015:11:10:10:0:37,0,823389
2,113.933234,22.542344,0,66.7,16,2015:11:10:10:0:38,0,824408
2,113.933234,22.542344,0,66.7,16,2015:11:10:10:0:39,0,825378
2,113.933234,22.542344,0,66.7,16,2015:11:10:10:0:40,0,826375
2,113.933234,22.542344,0,66.7,8,2015:11:10:10:0:41,0,827370
2,113.933234,22.542344,0,66.7,16,2015:11:10:10:0:42,0,828358
2,113.933234,22.542344,0,66.7,16,2015:11:10:10:0:43,0,829380
2,113.933234,22.542344,0,66.7,16,2015:11:10:10:0:44,0,830387
2,113.933234,22.542344,0,66.7,16,2015:11:10:10:0:45,0,831375
2,113.933234,22.542344,0,66.7,12,2015:11:10:10:0:46,0,832357
2,113.933234,22.542344,0,66.7,16,2015:11:10:10:0:47,0,833362
2,113.933234,22.542344,0,66.7,16,2015:11:10:10:0:48,0,834413
2,113.933234,22.542344,0,66.7,12,2015:11:10:10:0:49,0,835407
2,113.933234,22.542344,0,66.7,24,2015:11:10:10:0:50,0,836389
2,113.933369,22.542282,0,66.7,8,2015:11:10:10:0:51,0,837387
2,113.933369,22.542282,0,66.7,16,2015:11:10:10:0:52,0,838380
2,113.933369,22.542282,0,66.7,16,2015:11:10:10:0:53,0,839365
2,113.933369,22.542282,0,66.7,16,2015:11:10:10:0:54,0,840360
2,113.933369,22.542282,0,66.7,16,2015:11:10:10:0:55,0,841377
2,113.933369,22.542282,0,66.7,12,2015:11:10:10:0:56,0,842369
2,113.933469,22.542242,1.8,87.6,16,2015:11:10:10:0:57,0,843369
2,113.933469,22.542242,0,87.6,12,2015:11:10:10:0:58,0,844366
2,113.933469,22.542242,0,87.6,16,2015:11:10:10:0:59,0,845363
2,113.933469,22.542242,0,87.6,16,2015:11:10:10:1:0,0,846355
2,113.933534,22.542226,1.5,92.7,16,2015:11:10:10:1:2,0,847763
2,113.933534,22.542226,0,92.7,12,2015:11:10:10:1:2,0,848393
2,113.933534,22.542226,0,92.7,12,2015:11:10:10:1:3,0,849375
2,113.933567,22.542222,1.1,92.9,12,2015:11:10:10:1:4,0,850418
2,113.933567,22.542222,0,92.9,16,2015:11:10:10:1:5,0,851373
2,113.933567,22.542222,0,92.9,16,2015:11:10:10:1:6,0,852380
2,113.933567,22.542222,0,92.9,16,2015:11:10:10:1:7,0,853372
2,113.933667,22.542206,1.2,100.2,16,2015:11:10:10:1:8,0,854394
2,113.933667,22.542206,0,100.2,16,2015:11:10:10:1:9,0,855372
2,113.933667,22.542206,0,100.2,16,2015:11:10:10:1:10,0,856371
2,113.933689,22.542207,1.6,88.6,16,2015:11:10:10:1:11,0,857376
2,113.933689,22.542207,0,88.6,16,2015:11:10:10:1:12,0,858405
2,113.933726,22.54221,1.9,91.9,16,2015:11:10:10:1:13,0,859396
2,113.933726,22.54221,0,91.6,16,2015:11:10:10:1:14,0,860384
2,113.933773,22.542217,1.2,72.3,16,2015:11:10:10:1:15,0,861382
2,113.933773,22.542217,0,82.1,16,2015:11:10:10:1:16,0,862376
2,113.933808,22.542227,1.4,80.3,12,2015:11:10:10:1:17,0,863376
2,113.933828,22.542235,1.7,71.9,12,2015:11:10:10:1:18,0,864419
2,113.933845,22.542241,1.4,64,12,2015:11:10:10:1:19,0,865411
2,113.933858,22.542244,1.3,71.5,12,2015:11:10:10:1:20,0,866426
2,113.933866,22.542236,1.2,124.2,12,2015:11:10:10:1:21,0,867406
2,113.933879,22.54223,2.2,117.3,12,2015:11:10:10:1:22,0,868394
2,113.933879,22.54223,0,117.3,8,2015:11:10:10:1:23,0,869371
2,113.933879,22.54223,0,117.3,12,2015:11:10:10:1:24,0,870362
2,113.933879,22.54223,0,117.3,8,2015:11:10:10:1:25,0,871391
2,113.933886,22.542226,0.9,123.1,12,2015:11:10:10:1:26,0,872384
2,113.933886,22.542226,0,123.1,8,2015:11:10:10:1:27,0,873399
2,113.933886,22.542226,0,123.1,12,2015:11:10:10:1:28,0,874399
2,113.933914,22.542232,1.5,67.8,12,2015:11:10:10:1:29,0,875417
2,113.933914,22.542232,0,67.8,8,2015:11:10:10:1:30,0,876376
2,113.933914,22.542232,0,67.8,12,2015:11:10:10:1:31,0,877380
2,113.933914,22.542232,0,67.8,12,2015:11:10:10:1:32,0,878373
2,113.933914,22.542232,0,67.8,12,2015:11:10:10:1:33,0,879385
2,113.933977,22.542253,1.1,70.4,12,2015:11:10:10:1:34,0,880414
2,113.933977,22.542253,0,70.4,16,2015:11:10:10:1:35,0,881387
2,113.933977,22.542253,0,70.4,6,2015:11:10:10:1:36,0,882370
2,113.933977,22.542253,0,70.4,12,2015:11:10:10:1:37,0,883393
2,113.934038,22.542278,1,71.7,8,2015:11:10:10:1:38,0,884370
2,113.934061,22.542288,2.1,58.1,12,2015:11:10:10:1:39,0,885385
2,113.934078,22.542291,1.1,72.8,8,2015:11:10:10:1:40,0,886385
2,113.934078,22.542291,0,72.8,8,2015:11:10:10:1:41,0,887365
2,113.934078,22.542291,0,72.8,8,2015:11:10:10:1:42,0,888365
2,113.934078,22.542291,0,72.8,12,2015:11:10:10:1:43,0,889374
2,113.934078,22.542291,0,72.8,12,2015:11:10:10:1:44,0,890389
2,113.934078,22.542291,0,72.8,8,2015:11:10:10:1:45,0,891363
2,113.934078,22.542291,0,72.8,8,2015:11:10:10:1:46,0,892423
2,113.934078,22.542291,0,72.8,8,2015:11:10:10:1:47,0,893396
2,113.934078,22.542291,0,72.8,8,2015:11:10:10:1:48,0,894396
2,113.934078,22.542291,0,72.8,8,2015:11:10:10:1:49,0,895377
2,113.934078,22.542291,0,72.8,8,2015:11:10:10:1:50,0,896378
2,113.934078,22.542291,0,72.8,6,2015:11:10:10:1:51,0,897357
2,113.934078,22.542291,0,72.8,6,2015:11:10:10:1:52,0,898368
2,113.934078,22.542291,0,72.8,6,2015:11:10:10:1:53,0,899375
2,113.934078,22.542291,0,72.8,6,2015:11:10:10:1:54,0,900391
2,113.934078,22.542291,0,72.8,8,2015:11:10:10:1:55,0,901378
2,113.934144,22.542443,0,72.8,4,2015:11:10:10:1:56,0,902385
2,113.934145,22.542454,1.3,349,6,2015:11:10:10:1:57,0,903401
2,113.934146,22.542469,1.4,348.5,6,2015:11:10:10:1:58,0,904361
2,113.934146,22.542469,0,348.5,6,2015:11:10:10:1:59,0,905368
2,113.934146,22.542469,0,348.5,8,2015:11:10:10:2:0,0,906366
2,113.934143,22.542506,1.2,349,4,2015:11:10:10:2:1,0,907379
2,113.93414,22.542514,1,348.5,8,2015:11:10:10:2:2,0,908400
2,113.93414,22.542514,0,348.5,8,2015:11:10:10:2:3,0,909377
2,113.934139,22.542539,1.5,8,6,2015:11:10:10:2:4,0,910387
2,113.93414,22.54255,1.3,9,6,2015:11:10:10:2:5,0,911366
2,113.934142,22.542556,1.3,10.3,6,2015:11:10:10:2:6,0,912363
2,113.934147,22.542574,1.5,13.9,6,2015:11:10:10:2:7,0,913363
2,113.93415,22.542585,1.1,16.6,6,2015:11:10:10:2:8,0,914379
2,113.934155,22.542606,1,15.8,16,2015:11:10:10:2:9,0,915385
2,113.934156,22.542624,1.5,10.2,6,2015:11:10:10:2:10,0,916392
2,113.934158,22.542645,1.8,11.7,6,2015:11:10:10:2:11,0,917363
2,113.93416,22.542661,1.6,17.9,8,2015:11:10:10:2:12,0,918374
2,113.934163,22.542682,1.5,18.5,8,2015:11:10:10:2:13,0,919400
2,113.934163,22.542682,0,18.5,8,2015:11:10:10:2:14,0,920385
2,113.934163,22.542682,0,18.5,6,2015:11:10:10:2:15,0,921372
2,113.934163,22.542682,0,18.5,6,2015:11:10:10:2:16,0,922361
2,113.934165,22.542722,1.3,8,6,2015:11:10:10:2:17,0,923374
2,113.934165,22.542738,1.3,8.8,6,2015:11:10:10:2:18,0,924380
2,113.934166,22.54276,1.5,5.9,6,2015:11:10:10:2:19,0,925438
2,113.934166,22.542778,1.3,2.6,6,2015:11:10:10:2:20,0,926394
2,113.934165,22.542797,1.3,1.7,6,2015:11:10:10:2:21,0,927403
2,113.934164,22.542814,1.4,2.4,6,2015:11:10:10:2:22,0,928415
2,113.934164,22.542814,0,2.4,6,2015:11:10:10:2:23,0,929437
2,113.934157,22.542838,1.7,347.5,6,2015:11:10:10:2:24,0,930401
2,113.93415,22.542859,2.1,347,6,2015:11:10:10:2:25,0,931388
2,113.93415,22.542873,1.4,3.7,6,2015:11:10:10:2:26,0,932389
2,113.934148,22.54289,1.6,0.9,6,2015:11:10:10:2:27,0,933405
2,113.934148,22.54289,0,0.9,6,2015:11:10:10:2:28,0,934394
2,113.934148,22.54289,0,0.9,8,2015:11:10:10:2:29,0,935391
2,113.934148,22.54289,0,0.9,8,2015:11:10:10:2:30,0,936406
2,113.934148,22.54289,0,0.9,8,2015:11:10:10:2:31,0,937370
2,113.934148,22.54289,0,0.9,8,2015:11:10:10:2:32,0,938389
2,113.934148,22.54289,0,0.9,8,2015:11:10:10:2:33,0,939392
2,113.934148,22.54289,0,0.9,8,2015:11:10:10:2:34,0,940403
2,113.934148,22.54289,0,0.9,8,2015:11:10:10:2:35,0,941373
2,113.934148,22.54289,0,0.9,8,2015:11:10:10:2:36,0,942373
2,113.934148,22.54289,0,0.9,16,2015:11:10:10:2:37,0,943357
2,113.934148,22.54289,0,0.9,16,2015:11:10:10:2:38,0,944358
2,113.934148,22.54289,0,0.9,16,2015:11:10:10:2:39,0,945367
2,113.934148,22.54289,0,0.9,16,2015:11:10:10:2:40,0,946424
2,113.934148,22.54289,0,0.9,12,2015:11:10:10:2:41,0,947359
2,113.934148,22.54289,0,0.9,12,2015:11:10:10:2:42,0,948367
2,113.934148,22.54289,0,0.9,24,2015:11:10:10:2:43,0,949368
2,113.934148,22.54289,0,0.9,24,2015:11:10:10:2:44,0,950387
2,113.934148,22.54289,0,0.9,8,2015:11:10:10:2:45,0,951371
2,113.934148,22.54289,0,0.9,12,2015:11:10:10:2:46,0,952380
2,113.934148,22.54289,0,0.9,24,2015:11:10:10:2:47,0,953400
2,113.934006,22.542888,1.3,264.7,12,2015:11:10:10:2:48,0,954400
2,113.933966,22.542889,1.5,270,12,2015:11:10:10:2:49,0,955402
2,113.933928,22.542892,1.7,271.1,12,2015:11:10:10:2:50,0,956401
2,113.933903,22.542897,1.4,270,12,2015:11:10:10:2:51,0,957409
2,113.933879,22.542902,1.2,274.4,12,2015:11:10:10:2:52,0,958398
2,113.933859,22.542908,1.1,280.6,16,2015:11:10:10:2:53,0,959404
2,113.93384,22.54291,1.5,267.3,16,2015:11:10:10:2:54,0,960404
2,113.933824,22.54291,1.6,250.8,16,2015:11:10:10:2:55,0,961397
2,113.933824,22.54291,0,250.8,8,2015:11:10:10:2:56,0,962392
2,113.933802,22.542918,1.4,282.5,8,2015:11:10:10:2:57,0,963395
2,113.933783,22.542924,1.3,278.8,8,2015:11:10:10:2:58,0,964409
2,113.933767,22.542926,1.5,266.7,8,2015:11:10:10:2:59,0,965419
2,113.933749,22.542929,1.6,269.9,8,2015:11:10:10:3:0,0,966385
2,113.933728,22.542933,1.6,279.6,12,2015:11:10:10:3:1,0,967399
2,113.933703,22.542935,1.4,275.1,16,2015:11:10:10:3:2,0,968438
2,113.933682,22.542933,1.5,257.6,8,2015:11:10:10:3:3,0,969394
2,113.933664,22.542932,1.3,260.2,16,2015:11:10:10:3:4,0,970398
2,113.933641,22.542931,1.4,267.6,12,2015:11:10:10:3:5,0,971389
2,113.933613,22.542928,1.9,260.7,12,2015:11:10:10:3:6,0,972389
2,113.933591,22.542926,1.6,265.7,12,2015:11:10:10:3:7,0,973394
2,113.933591,22.542926,0,265.7,8,2015:11:10:10:3:8,0,974393
2,113.933591,22.542926,0,265.7,12,2015:11:10:10:3:9,0,975391
2,113.933525,22.54292,1.8,268.7,8,2015:11:10:10:3:10,0,976389
2,113.933509,22.542917,1.3,268.2,8,2015:11:10:10:3:11,0,977401
2,113.933497,22.542916,1.4,267.2,8,2015:11:10:10:3:12,0,978396
2,113.93348,22.542913,1.9,264.4,12,2015:11:10:10:3:13,0,979401
2,113.933462,22.542908,2.1,258.4,12,2015:11:10:10:3:14,0,980398
2,113.933462,22.542908,0,258.4,12,2015:11:10:10:3:15,0,981391
2,113.933462,22.542908,0,258.4,12,2015:11:10:10:3:16,0,982393
2,113.933431,22.542905,1,269.9,12,2015:11:10:10:3:17,0,983422
2,113.933407,22.542904,1.7,271.5,8,2015:11:10:10:3:18,0,984400
2,113.933398,22.542906,1.3,276.6,8,2015:11:10:10:3:19,0,985415
2,113.933383,22.542911,1.1,299.1,8,2015:11:10:10:3:20,0,986423
2,113.933371,22.542915,1.1,294.3,12,2015:11:10:10:3:21,0,987411
2,113.933371,22.542915,0,294.3,8,2015:11:10:10:3:22,0,988385
2,113.933345,22.542918,1.6,277.5,8,2015:11:10:10:3:23,0,989419
2,113.933322,22.542915,1.4,256.7,16,2015:11:10:10:3:24,0,990383
2,113.9333,22.542912,1.5,256.4,16,2015:11:10:10:3:25,0,991375
2,113.933283,22.542906,1.4,250.3,8,2015:11:10:10:3:26,0,992378
2,113.933268,22.542902,1.4,252.4,8,2015:11:10:10:3:27,0,993374
2,113.933268,22.542902,0,252.4,12,2015:11:10:10:3:28,0,994372
2,113.933243,22.542899,1.7,268.9,16,2015:11:10:10:3:29,0,995376
2,113.933221,22.542895,1.9,262,16,2015:11:10:10:3:30,0,996364
2,113.933202,22.542893,1.9,265.1,16,2015:11:10:10:3:31,0,997372
2,113.933184,22.542893,2,267.2,16,2015:11:10:10:3:32,0,998363
2,113.933175,22.542895,2,265.8,24,2015:11:10:10:3:33,0,999369
2,113.933175,22.542895,0,265.8,12,2015:11:10:10:3:34,0,1000357
2,113.933175,22.542895,0,265.8,12,2015:11:10:10:3:35,0,1001357
2,113.933152,22.542892,2,256,16,2015:11:10:10:3:36,0,1002524
2,113.933133,22.542891,1.9,259.7,24,2015:11:10:10:3:37,0,1003365
2,113.933133,22.542891,0,259.7,8,2015:11:10:10:3:38,0,1004355
2,113.933108,22.542891,1.3,269,12,2015:11:10:10:3:39,0,1005370
2,113.933108,22.542891,0,269,24,2015:11:10:10:3:40,0,1006360
2,113.933068,22.542892,2.2,270.4,24,2015:11:10:10:3:41,0,1007377
2,113.933045,22.542891,2.4,263.6,24,2015:11:10:10:3:42,0,1008367
2,113.933029,22.542895,1.8,277.5,16,2015:11:10:10:3:43,0,1009368
2,113.933029,22.542895,0,277.5,16,2015:11:10:10:3:44,0,1010358
2,113.933029,22.542895,0,277.5,16,2015:11:10:10:3:45,0,1011355
2,113.932995,22.542906,2,281.3,12,2015:11:10:10:3:46,0,1012369
2,113.932995,22.542906,0,281.3,16,2015:11:10:10:3:47,0,1013371
2,113.932995,22.542906,0,281.3,16,2015:11:10:10:3:48,0,1014362
2,113.932995,22.542906,0,281.3,8,2015:11:10:10:3:49,0,1015357
2,113.932936,22.542914,1.8,269.1,12,2015:11:10:10:3:50,0,1016388
2,113.932914,22.542912,1.6,269.7,12,2015:11:10:10:3:51,0,1017363
2,113.932893,22.542915,1.7,280.7,16,2015:11:10:10:3:52,0,1018368
2,113.932872,22.542913,1.7,273.2,16,2015:11:10:10:3:53,0,1019365
2,113.932853,22.542912,1.4,270.5,24,2015:11:10:10:3:54,0,1020364
2,113.932836,22.542911,1.5,264.4,16,2015:11:10:10:3:55,0,1021368
2,113.932822,22.542909,1.3,263.1,12,2015:11:10:10:3:56,0,1022367
2,113.932808,22.54291,1.2,272.7,32,2015:11:10:10:3:57,0,1023378
2,113.932808,22.54291,0,269,12,2015:11:10:10:3:58,0,1024359
2,113.93277,22.542911,2.2,267.3,24,2015:11:10:10:3:59,0,1025365
2,113.932756,22.542913,2.2,268,24,2015:11:10:10:4:0,0,1026400
2,113.932743,22.542916,1.4,272,12,2015:11:10:10:4:1,0,1027368
2,113.932733,22.54292,1.2,276.4,16,2015:11:10:10:4:2,0,1028366
2,113.932733,22.54292,0,276.4,16,2015:11:10:10:4:3,0,1029356
2,113.932733,22.54292,0,276.4,16,2015:11:10:10:4:4,0,1030360
2,113.932733,22.54292,0,276.4,16,2015:11:10:10:4:5,0,1031355
2,113.932733,22.54292,0,276.4,12,2015:11:10:10:4:6,0,1032360
2,113.932733,22.54292,0,276.4,16,2015:11:10:10:4:7,0,1033377
2,113.932733,22.54292,0,276.4,16,2015:11:10:10:4:8,0,1034358
2,113.932733,22.54292,0,276.4,16,2015:11:10:10:4:9,0,1035378
2,113.932733,22.54292,0,276.4,16,2015:11:10:10:4:10,0,1036383
2,113.932733,22.54292,0,276.4,16,2015:11:10:10:4:11,0,1037372
2,113.932733,22.54292,0,276.4,16,2015:11:10:10:4:12,0,1038370
2,113.932733,22.54292,0,276.4,24,2015:11:10:10:4:13,0,1039374
2,113.93262,22.542918,0,276.4,8,2015:11:10:10:4:14,0,1040387
2,113.932602,22.542914,1.3,259.9,8,2015:11:10:10:4:15,0,1041399
2,113.932584,22.54291,1.3,259.2,12,2015:11:10:10:4:16,0,1042376
2,113.932568,22.542907,1.2,260.1,12,2015:11:10:10:4:17,0,1043400
2,113.932539,22.542903,2,262.1,16,2015:11:10:10:4:18,0,1044420
2,113.932539,22.542903,0,262.1,16,2015:11:10:10:4:19,0,1045361
2,113.932539,22.542903,0,262.1,32,2015:11:10:10:4:20,0,1046376
2,113.932539,22.542903,0,262.1,24,2015:11:10:10:4:21,0,1047398
2,113.932491,22.542909,1.1,270.2,16,2015:11:10:10:4:22,0,1048428
2,113.932472,22.54291,1.2,273.8,32,2015:11:10:10:4:23,0,1049373
2,113.93245,22.542913,1.4,277.2,32,2015:11:10:10:4:24,0,1050389
2,113.93245,22.542913,0,277.2,16,2015:11:10:10:4:25,0,1051385
2,113.93245,22.542913,0,277.2,24,2015:11:10:10:4:26,0,1052385
2,113.932364,22.542924,1.6,276.1,24,2015:11:10:10:4:27,0,1053399
2,113.932346,22.542925,1.5,275.9,16,2015:11:10:10:4:28,0,1054383
2,113.932346,22.542925,0,275.9,16,2015:11:10:10:4:29,0,1055397
2,113.932346,22.542925,0,275.9,16,2015:11:10:10:4:30,0,1056393
2,113.932346,22.542925,0,275.9,16,2015:11:10:10:4:31,0,1057402
2,113.932346,22.542925,0,275.9,8,2015:11:10:10:4:32,0,1058400
2,113.932346,22.542925,0,275.9,16,2015:11:10:10:4:33,0,1059384
2,113.932346,22.542925,0,275.9,16,2015:11:10:10:4:34,0,1060370
2,113.932272,22.542922,1.1,262.8,24,2015:11:10:10:4:35,0,1061381
2,113.932272,22.542922,0,262.8,24,2015:11:10:10:4:36,0,1062408
2,113.932272,22.542922,0,262.8,12,2015:11:10:10:4:37,0,1063371
2,113.932272,22.542922,0,262.8,24,2015:11:10:10:4:38,0,1064366
2,113.932272,22.542922,0,262.8,24,2015:11:10:10:4:39,0,1065369
2,113.932272,22.542922,0,262.8,16,2015:11:10:10:4:40,0,1066368
2,113.932272,22.542922,0,262.8,16,2015:11:10:10:4:41,0,1067371
2,113.932272,22.542922,0,262.8,16,2015:11:10:10:4:42,0,1068365
2,113.932272,22.542922,0,262.8,24,2015:11:10:10:4:43,0,1069372
2,113.932145,22.542903,0,262.8,16,2015:11:10:10:4:44,0,1070361
2,113.932128,22.542906,1.6,287.6,16,2015:11:10:10:4:45,0,1071361
2,113.932128,22.542906,0,287.6,16,2015:11:10:10:4:46,0,1072360
2,113.932128,22.542906,0,287.6,16,2015:11:10:10:4:47,0,1073362
2,113.932128,22.542906,0,287.6,8,2015:11:10:10:4:48,0,1074358
2,113.932128,22.542906,0,287.6,8,2015:11:10:10:4:49,0,1075374
2,113.932128,22.542906,0,287.6,16,2015:11:10:10:4:50,0,1076369
2,113.932128,22.542906,0,287.6,8,2015:11:10:10:4:51,0,1077369
2,113.932128,22.542906,0,287.6,16,2015:11:10:10:4:52,0,1078362
2,113.932128,22.542906,0,287.6,16,2015:11:10:10:4:53,0,1079366
2,113.932128,22.542906,0,287.6,16,2015:11:10:10:4:54,0,1080388
2,113.932128,22.542906,0,287.6,16,2015:11:10:10:4:55,0,1081354
