2, 22.524678333333, 113.936081666667, 0.0, 0.0, 0.0, 2016:01:13:22:31:42, 0,2016:01:13:22:40:36
2, 22.524680277778, 113.936315000000, 0.0, 0.0, 0.0, 2016:01:13:22:31:47, 0,2016:01:13:22:40:36
2, 22.524185833333, 113.936804722222, 7.0, 23.0, 0.0, 2016:01:13:22:31:50, 0,2016:01:13:22:40:36
2, 22.524177500000, 113.937248888889, 9.0, 57.0, 0.0, 2016:01:13:22:31:54, 0,2016:01:13:22:40:36
2, 22.524177222222, 113.937268611111, 8.0, 91.0, 0.0, 2016:01:13:22:31:56, 0,2016:01:13:22:40:36
2, 22.524177222222, 113.937270555556, 11.0, 91.0, 0.0, 2016:01:13:22:31:58, 0,2016:01:13:22:40:36
2, 22.524176944444, 113.937292222222, 12.0, 91.0, 0.0, 2016:01:13:22:31:59, 0,2016:01:13:22:40:36
2, 22.524176666667, 113.937305277778, 12.0, 91.0, 0.0, 2016:01:13:22:32:00, 0,2016:01:13:22:40:36
1, 22.524176111111, 113.937333611111, 1, 0, 0, , 0,2016:01:13:22:40:36
2, 22.524176111111, 113.937333611111, 12.0, 91.0, 0.0, 2016:01:13:22:32:01, 0,2016:01:13:22:40:36
1, 22.524175833333, 113.937348888889, 1, 0, 0, , 0,2016:01:13:22:40:36
2, 22.524175833333, 113.937348888889, 8.0, 91.0, 0.0, 2016:01:13:22:32:03, 0,2016:01:13:22:40:36
1, 22.524175555556, 113.937375555556, 1, 0, 0, , 0,2016:01:13:22:40:36
2, 22.524175555556, 113.937375555556, 6.0, 91.0, 0.0, 2016:01:13:22:32:04, 0,2016:01:13:22:40:36
1, 22.524175000000, 113.937420000000, 1, 0, 0, , 0,2016:01:13:22:40:36
2, 22.524175000000, 113.937420000000, 2.0, 91.0, 0.0, 2016:01:13:22:32:05, 0,2016:01:13:22:40:36
1, 22.524174444444, 113.937451111111, 1, 0, 0, , 0,2016:01:13:22:40:36
2, 22.524174444444, 113.937451111111, 1.0, 91.0, 0.0, 2016:01:13:22:32:07, 0,2016:01:13:22:40:36
1, 22.524174166667, 113.937464444444, 1, 0, 0, , 0,2016:01:13:22:40:36
2, 22.524174166667, 113.937464444444, 1.0, 91.0, 0.0, 2016:01:13:22:32:08, 0,2016:01:13:22:40:36
1, 22.524173888889, 113.937474444444, 1, 0, 0, , 0,2016:01:13:22:40:36
2, 22.524173888889, 113.937474444444, 1.0, 91.0, 0.0, 2016:01:13:22:32:09, 0,2016:01:13:22:40:36
1, 22.524173611111, 113.937486388889, 1, 0, 0, , 0,2016:01:13:22:40:36
2, 22.524173611111, 113.937486388889, 0.0, 91.0, 0.0, 2016:01:13:22:32:10, 0,2016:01:13:22:40:36
1, 22.524173055556, 113.937521388889, 1, 0, 0, , 0,2016:01:13:22:40:36
2, 22.524173055556, 113.937521388889, 0.0, 91.0, 0.0, 2016:01:13:22:32:12, 0,2016:01:13:22:40:36
1, 22.524173055556, 113.937528055556, 1, 0, 0, , 0,2016:01:13:22:40:36
2, 22.524173055556, 113.937528055556, 0.0, 91.0, 0.0, 2016:01:13:22:32:15, 0,2016:01:13:22:40:36
1, 22.524173055556, 113.937536111111, 1, 0, 0, , 0,2016:01:13:22:40:36
2, 22.524173055556, 113.937536111111, 0.0, 91.0, 0.0, 2016:01:13:22:32:17, 0,2016:01:13:22:40:36
1, 22.524172777778, 113.937550833333, 1, 0, 0, , 0,2016:01:13:22:40:36
2, 22.524172777778, 113.937550833333, 0.0, 91.0, 0.0, 2016:01:13:22:32:22, 0,2016:01:13:22:40:36
1, 22.524172777778, 113.937550833333, 1, 0, 0, , 0,2016:01:13:22:40:36
2, 22.524172777778, 113.937550833333, 0.0, 91.0, 0.0, 2016:01:13:22:32:25, 0,2016:01:13:22:40:36
1, 22.524172777778, 113.937550833333, 1, 0, 0, , 0,2016:01:13:22:40:36
2, 22.524172777778, 113.937550833333, 0.0, 91.0, 0.0, 2016:01:13:22:32:26, 0,2016:01:13:22:40:36
1, 22.524172777778, 113.937550833333, 1, 0, 0, , 0,2016:01:13:22:40:36
2, 22.524172777778, 113.937550833333, 0.0, 91.0, 0.0, 2016:01:13:22:32:28, 0,2016:01:13:22:40:36
1, 22.524172777778, 113.937550833333, 1, 0, 0, , 0,2016:01:13:22:40:36
2, 22.524172777778, 113.937550833333, 0.0, 91.0, 0.0, 2016:01:13:22:32:29, 0,2016:01:13:22:40:36
1, 22.524169722222, 113.937752777778, 1, 0, 0, , 0,2016:01:13:22:40:36
2, 22.524169722222, 113.937752777778, 5.0, 91.0, 0.0, 2016:01:13:22:32:36, 0,2016:01:13:22:40:36
1, 22.524168888889, 113.937802777778, 1, 0, 0, , 0,2016:01:13:22:40:36
2, 22.524168888889, 113.937802777778, 8.0, 91.0, 0.0, 2016:01:13:22:32:37, 0,2016:01:13:22:40:36
1, 22.524167777778, 113.937885000000, 1, 0, 0, , 0,2016:01:13:22:40:36
2, 22.524167777778, 113.937885000000, 14.0, 91.0, 0.0, 2016:01:13:22:32:38, 0,2016:01:13:22:40:36
1, 22.524165833333, 113.937968055556, 2, 0, 0, , 0,2016:01:13:22:40:36
2, 22.524165833333, 113.937968055556, 17.0, 93.0, 0.0, 2016:01:13:22:32:39, 0,2016:01:13:22:40:36
1, 22.524163333333, 113.938026666667, 2, 0, 0, , 0,2016:01:13:22:40:36
2, 22.524163333333, 113.938026666667, 18.0, 93.0, 0.0, 2016:01:13:22:32:40, 0,2016:01:13:22:40:36
1, 22.524162222222, 113.938087500000, 3, 1, 0, , 0,2016:01:13:22:40:36
2, 22.524162222222, 113.938087500000, 17.0, 91.0, 0.0, 2016:01:13:22:32:41, 0,2016:01:13:22:40:36
1, 22.524161388889, 113.938149166667, 3, 1, 0, , 0,2016:01:13:22:40:36
2, 22.524161388889, 113.938149166667, 16.0, 91.0, 0.0, 2016:01:13:22:32:42, 0,2016:01:13:22:40:36
1, 22.524160833333, 113.938195833333, 3, 1, 0, , 0,2016:01:13:22:40:36
2, 22.524160833333, 113.938195833333, 15.0, 91.0, 0.0, 2016:01:13:22:32:43, 0,2016:01:13:22:40:36
1, 22.524160277778, 113.938247500000, 3, 1, 0, , 0,2016:01:13:22:40:36
2, 22.524160277778, 113.938247500000, 12.0, 91.0, 0.0, 2016:01:13:22:32:44, 0,2016:01:13:22:40:36
1, 22.524160000000, 113.938277500000, 3, 1, 0, , 0,2016:01:13:22:40:36
2, 22.524160000000, 113.938277500000, 8.0, 91.0, 0.0, 2016:01:13:22:32:45, 0,2016:01:13:22:40:36
1, 22.524159722222, 113.938308055556, 3, 1, 0, , 0,2016:01:13:22:40:36
2, 22.524159722222, 113.938308055556, 6.0, 91.0, 0.0, 2016:01:13:22:32:46, 0,2016:01:13:22:40:36
1, 22.524159444444, 113.938331388889, 3, 1, 0, , 0,2016:01:13:22:40:36
2, 22.524159444444, 113.938331388889, 6.0, 91.0, 0.0, 2016:01:13:22:32:47, 0,2016:01:13:22:40:36
1, 22.524159444444, 113.938331666667, 3, 1, 0, , 0,2016:01:13:22:40:36
2, 22.524159444444, 113.938331666667, 6.0, 91.0, 0.0, 2016:01:13:22:32:48, 0,2016:01:13:22:40:36
1, 22.524088611111, 113.938770277778, 0, 0, 1, , 0,2016:01:13:22:40:36
2, 22.524088611111, 113.938770277778, 18.0, 196.0, 0.0, 2016:01:13:22:32:49, 0,2016:01:13:22:40:36
1, 22.524002500000, 113.938744166667, 0, 0, 1, , 0,2016:01:13:22:40:36
2, 22.524002500000, 113.938744166667, 24.0, 196.0, 0.0, 2016:01:13:22:32:50, 0,2016:01:13:22:40:36
1, 22.523899722222, 113.938712777778, 0, 0, 1, , 0,2016:01:13:22:40:36
2, 22.523899722222, 113.938712777778, 28.0, 196.0, 0.0, 2016:01:13:22:32:51, 0,2016:01:13:22:40:36
1, 22.523799722222, 113.938682500000, 0, 0, 1, , 0,2016:01:13:22:40:36
2, 22.523799722222, 113.938682500000, 31.0, 196.0, 0.0, 2016:01:13:22:32:52, 0,2016:01:13:22:40:36
1, 22.523686666667, 113.938648055556, 0, 0, 1, , 0,2016:01:13:22:40:36
2, 22.523686666667, 113.938648055556, 31.0, 196.0, 0.0, 2016:01:13:22:32:53, 0,2016:01:13:22:40:36
1, 22.523537222222, 113.938602500000, 0, 0, 1, , 0,2016:01:13:22:40:36
2, 22.523537222222, 113.938602500000, 36.0, 196.0, 0.0, 2016:01:13:22:32:55, 0,2016:01:13:22:40:36
1, 22.523199166667, 113.938495000000, 1, 1, 1, , 0,2016:01:13:22:40:36
2, 22.523199166667, 113.938495000000, 34.0, 196.0, 0.0, 2016:01:13:22:32:56, 0,2016:01:13:22:40:36
1, 22.523113055556, 113.938467500000, 1, 1, 1, , 0,2016:01:13:22:40:36
2, 22.523113055556, 113.938467500000, 35.0, 196.0, 0.0, 2016:01:13:22:32:57, 0,2016:01:13:22:40:36
1, 22.523023055556, 113.938438888889, 1, 1, 1, , 0,2016:01:13:22:40:36
2, 22.523023055556, 113.938438888889, 36.0, 196.0, 0.0, 2016:01:13:22:32:58, 0,2016:01:13:22:40:36
1, 22.522871388889, 113.938390555556, 1, 1, 1, , 0,2016:01:13:22:40:36
2, 22.522871388889, 113.938390555556, 35.0, 196.0, 0.0, 2016:01:13:22:32:59, 0,2016:01:13:22:40:36
1, 22.522751944444, 113.938352777778, 2, 2, 1, , 0,2016:01:13:22:40:36
2, 22.522751944444, 113.938352777778, 36.0, 196.0, 0.0, 2016:01:13:22:33:00, 0,2016:01:13:22:40:36
1, 22.522642777778, 113.938318888889, 2, 2, 1, , 0,2016:01:13:22:40:36
2, 22.522642777778, 113.938318888889, 37.0, 196.0, 0.0, 2016:01:13:22:33:01, 0,2016:01:13:22:40:36
1, 22.522548888889, 113.938289722222, 2, 2, 1, , 0,2016:01:13:22:40:36
2, 22.522548888889, 113.938289722222, 37.0, 196.0, 0.0, 2016:01:13:22:33:02, 0,2016:01:13:22:40:36
1, 22.522458333333, 113.938261666667, 2, 2, 1, , 0,2016:01:13:22:40:36
2, 22.522458333333, 113.938261666667, 37.0, 196.0, 0.0, 2016:01:13:22:33:03, 0,2016:01:13:22:40:36
1, 22.522372222222, 113.938235000000, 2, 2, 1, , 0,2016:01:13:22:40:36
2, 22.522372222222, 113.938235000000, 36.0, 196.0, 0.0, 2016:01:13:22:33:04, 0,2016:01:13:22:40:36
1, 22.522273055556, 113.938204444444, 2, 2, 1, , 0,2016:01:13:22:40:36
2, 22.522273055556, 113.938204444444, 33.0, 196.0, 0.0, 2016:01:13:22:33:05, 0,2016:01:13:22:40:36
1, 22.522181944444, 113.938176111111, 2, 2, 1, , 0,2016:01:13:22:40:36
2, 22.522181944444, 113.938176111111, 31.0, 196.0, 0.0, 2016:01:13:22:33:06, 0,2016:01:13:22:40:36
1, 22.522102500000, 113.938151666667, 2, 2, 1, , 0,2016:01:13:22:40:36
2, 22.522102500000, 113.938151666667, 28.0, 196.0, 0.0, 2016:01:13:22:33:07, 0,2016:01:13:22:40:36
1, 22.522036666667, 113.938131388889, 2, 2, 1, , 0,2016:01:13:22:40:36
2, 22.522036666667, 113.938131388889, 25.0, 196.0, 0.0, 2016:01:13:22:33:08, 0,2016:01:13:22:40:36
1, 22.521975277778, 113.938112222222, 2, 2, 1, , 0,2016:01:13:22:40:36
2, 22.521975277778, 113.938112222222, 22.0, 196.0, 0.0, 2016:01:13:22:33:09, 0,2016:01:13:22:40:36
1, 22.521926944444, 113.938097222222, 2, 2, 1, , 0,2016:01:13:22:40:36
2, 22.521926944444, 113.938097222222, 19.0, 196.0, 0.0, 2016:01:13:22:33:10, 0,2016:01:13:22:40:36
1, 22.521905555556, 113.938090555556, 2, 2, 1, , 0,2016:01:13:22:40:36
2, 22.521905555556, 113.938090555556, 17.0, 196.0, 0.0, 2016:01:13:22:33:11, 0,2016:01:13:22:40:36
1, 22.521903611111, 113.938088611111, 3, 2, 1, , 0,2016:01:13:22:40:36
2, 22.521903611111, 113.938088611111, 17.0, 223.0, 0.0, 2016:01:13:22:33:12, 0,2016:01:13:22:40:36
1, 22.521900833333, 113.938085833333, 3, 2, 1, , 0,2016:01:13:22:40:36
2, 22.521900833333, 113.938085833333, 18.0, 223.0, 0.0, 2016:01:13:22:33:13, 0,2016:01:13:22:40:36
1, 22.521900833333, 113.938085277778, 0, 0, 2, , 0,2016:01:13:22:40:36
2, 22.521900833333, 113.938085277778, 20.0, 271.0, 0.0, 2016:01:13:22:33:14, 0,2016:01:13:22:40:36
1, 22.521901944444, 113.938021944444, 0, 0, 2, , 0,2016:01:13:22:40:36
2, 22.521901944444, 113.938021944444, 22.0, 271.0, 0.0, 2016:01:13:22:33:15, 0,2016:01:13:22:40:36
1, 22.521902777778, 113.937967222222, 0, 0, 2, , 0,2016:01:13:22:40:36
2, 22.521902777778, 113.937967222222, 22.0, 271.0, 0.0, 2016:01:13:22:33:16, 0,2016:01:13:22:40:36
1, 22.521904166667, 113.937892222222, 0, 0, 2, , 0,2016:01:13:22:40:36
2, 22.521904166667, 113.937892222222, 25.0, 271.0, 0.0, 2016:01:13:22:33:17, 0,2016:01:13:22:40:36
1, 22.521905555556, 113.937807222222, 0, 0, 2, , 0,2016:01:13:22:40:36
2, 22.521905555556, 113.937807222222, 29.0, 271.0, 0.0, 2016:01:13:22:33:18, 0,2016:01:13:22:40:36
1, 22.521906666667, 113.937733333333, 0, 0, 2, , 0,2016:01:13:22:40:36
2, 22.521906666667, 113.937733333333, 29.0, 271.0, 0.0, 2016:01:13:22:33:19, 0,2016:01:13:22:40:36
1, 22.521908055556, 113.937656666667, 0, 0, 2, , 0,2016:01:13:22:40:36
2, 22.521908055556, 113.937656666667, 30.0, 271.0, 0.0, 2016:01:13:22:33:20, 0,2016:01:13:22:40:36
1, 22.521909166667, 113.937583055556, 0, 0, 2, , 0,2016:01:13:22:40:36
2, 22.521909166667, 113.937583055556, 30.0, 271.0, 0.0, 2016:01:13:22:33:21, 0,2016:01:13:22:40:36
1, 22.521910277778, 113.937512777778, 0, 0, 2, , 0,2016:01:13:22:40:36
2, 22.521910277778, 113.937512777778, 29.0, 271.0, 0.0, 2016:01:13:22:33:22, 0,2016:01:13:22:40:36
1, 22.521911944444, 113.937419444444, 0, 0, 2, , 0,2016:01:13:22:40:36
2, 22.521911944444, 113.937419444444, 31.0, 271.0, 0.0, 2016:01:13:22:33:23, 0,2016:01:13:22:40:36
1, 22.521913611111, 113.937315833333, 0, 0, 2, , 0,2016:01:13:22:40:36
2, 22.521913611111, 113.937315833333, 33.0, 271.0, 0.0, 2016:01:13:22:33:24, 0,2016:01:13:22:40:36
1, 22.521915555556, 113.937202500000, 0, 0, 2, , 0,2016:01:13:22:40:36
2, 22.521915555556, 113.937202500000, 36.0, 271.0, 0.0, 2016:01:13:22:33:25, 0,2016:01:13:22:40:36
1, 22.521917777778, 113.937077500000, 0, 0, 2, , 0,2016:01:13:22:40:36
2, 22.521917777778, 113.937077500000, 38.0, 271.0, 0.0, 2016:01:13:22:33:26, 0,2016:01:13:22:40:36
1, 22.521919722222, 113.936957222222, 0, 0, 2, , 0,2016:01:13:22:40:36
2, 22.521919722222, 113.936957222222, 40.0, 271.0, 0.0, 2016:01:13:22:33:27, 0,2016:01:13:22:40:36
1, 22.521921666667, 113.936842222222, 0, 0, 2, , 0,2016:01:13:22:40:36
2, 22.521921666667, 113.936842222222, 40.0, 271.0, 0.0, 2016:01:13:22:33:28, 0,2016:01:13:22:40:36
1, 22.521923888889, 113.936713611111, 0, 0, 2, , 0,2016:01:13:22:40:36
2, 22.521923888889, 113.936713611111, 41.0, 271.0, 0.0, 2016:01:13:22:33:29, 0,2016:01:13:22:40:36
1, 22.521925555556, 113.936613888889, 0, 0, 2, , 0,2016:01:13:22:40:36
2, 22.521925555556, 113.936613888889, 40.0, 271.0, 0.0, 2016:01:13:22:33:30, 0,2016:01:13:22:40:36
1, 22.521928611111, 113.936491111111, 1, 0, 2, , 0,2016:01:13:22:40:36
2, 22.521928611111, 113.936491111111, 40.0, 272.0, 0.0, 2016:01:13:22:33:31, 0,2016:01:13:22:40:36
1, 22.521934166667, 113.936340555556, 1, 0, 2, , 0,2016:01:13:22:40:36
2, 22.521934166667, 113.936340555556, 40.0, 272.0, 0.0, 2016:01:13:22:33:32, 0,2016:01:13:22:40:36
1, 22.521941111111, 113.936158888889, 1, 0, 2, , 0,2016:01:13:22:40:36
2, 22.521941111111, 113.936158888889, 43.0, 272.0, 0.0, 2016:01:13:22:33:33, 0,2016:01:13:22:40:36
1, 22.521946388889, 113.936019444444, 1, 0, 2, , 0,2016:01:13:22:40:36
2, 22.521946388889, 113.936019444444, 43.0, 272.0, 0.0, 2016:01:13:22:33:34, 0,2016:01:13:22:40:36
1, 22.521950555556, 113.935908611111, 1, 0, 2, , 0,2016:01:13:22:40:36
2, 22.521950555556, 113.935908611111, 37.0, 272.0, 0.0, 2016:01:13:22:33:35, 0,2016:01:13:22:40:36
1, 22.521953888889, 113.935822222222, 1, 0, 2, , 0,2016:01:13:22:40:36
2, 22.521953888889, 113.935822222222, 33.0, 272.0, 0.0, 2016:01:13:22:33:36, 0,2016:01:13:22:40:36
1, 22.521956944444, 113.935742500000, 1, 0, 2, , 0,2016:01:13:22:40:36
2, 22.521956944444, 113.935742500000, 30.0, 272.0, 0.0, 2016:01:13:22:33:37, 0,2016:01:13:22:40:36
1, 22.521963611111, 113.935561944444, 1, 0, 2, , 0,2016:01:13:22:40:36
2, 22.521963611111, 113.935561944444, 28.0, 272.0, 0.0, 2016:01:13:22:33:38, 0,2016:01:13:22:40:36
1, 22.521970277778, 113.935384722222, 1, 0, 2, , 0,2016:01:13:22:40:36
2, 22.521970277778, 113.935384722222, 26.0, 272.0, 0.0, 2016:01:13:22:33:39, 0,2016:01:13:22:40:36
1, 22.521974166667, 113.935282222222, 2, 0, 2, , 0,2016:01:13:22:40:36
2, 22.521974166667, 113.935282222222, 22.0, 270.0, 0.0, 2016:01:13:22:33:40, 0,2016:01:13:22:40:36
1, 22.521974166667, 113.935184166667, 2, 0, 2, , 0,2016:01:13:22:40:36
2, 22.521974166667, 113.935184166667, 18.0, 270.0, 0.0, 2016:01:13:22:33:41, 0,2016:01:13:22:40:36
1, 22.521974166667, 113.935110833333, 2, 0, 2, , 0,2016:01:13:22:40:36
2, 22.521974166667, 113.935110833333, 14.0, 270.0, 0.0, 2016:01:13:22:33:42, 0,2016:01:13:22:40:36
1, 22.521974166667, 113.935078333333, 2, 0, 2, , 0,2016:01:13:22:40:36
2, 22.521974166667, 113.935078333333, 12.0, 270.0, 0.0, 2016:01:13:22:33:43, 0,2016:01:13:22:40:36
1, 22.521975833333, 113.935029444444, 3, 1, 2, , 0,2016:01:13:22:40:36
2, 22.521975833333, 113.935029444444, 11.0, 272.0, 0.0, 2016:01:13:22:33:44, 0,2016:01:13:22:40:36
1, 22.521976388889, 113.935013055556, 3, 1, 2, , 0,2016:01:13:22:40:36
2, 22.521976388889, 113.935013055556, 8.0, 272.0, 0.0, 2016:01:13:22:33:45, 0,2016:01:13:22:40:36
1, 22.521977500000, 113.934986944444, 3, 1, 2, , 0,2016:01:13:22:40:36
2, 22.521977500000, 113.934986944444, 8.0, 272.0, 0.0, 2016:01:13:22:33:46, 0,2016:01:13:22:40:36
1, 22.521978888889, 113.934946666667, 3, 1, 2, , 0,2016:01:13:22:40:36
2, 22.521978888889, 113.934946666667, 7.0, 272.0, 0.0, 2016:01:13:22:33:47, 0,2016:01:13:22:40:36
1, 22.521979166667, 113.934936666667, 3, 1, 2, , 0,2016:01:13:22:40:36
2, 22.521979166667, 113.934936666667, 6.0, 272.0, 0.0, 2016:01:13:22:33:48, 0,2016:01:13:22:40:36
1, 22.521979166667, 113.934936666667, 3, 1, 2, , 0,2016:01:13:22:40:36
2, 22.521979166667, 113.934936666667, 5.0, 272.0, 0.0, 2016:01:13:22:33:49, 0,2016:01:13:22:40:36
1, 22.521979166667, 113.934936666667, 3, 1, 2, , 0,2016:01:13:22:40:36
2, 22.521979166667, 113.934936666667, 5.0, 272.0, 0.0, 2016:01:13:22:33:51, 0,2016:01:13:22:40:36
1, 22.521979166667, 113.934936666667, 3, 1, 2, , 0,2016:01:13:22:40:36
2, 22.521979166667, 113.934936666667, 6.0, 272.0, 0.0, 2016:01:13:22:33:52, 0,2016:01:13:22:40:36
1, 22.521979166667, 113.934936666667, 3, 1, 2, , 0,2016:01:13:22:40:36
2, 22.521979166667, 113.934936666667, 7.0, 272.0, 0.0, 2016:01:13:22:33:53, 0,2016:01:13:22:40:36
1, 22.521979722222, 113.934920555556, 3, 1, 2, , 0,2016:01:13:22:40:36
2, 22.521979722222, 113.934920555556, 10.0, 272.0, 0.0, 2016:01:13:22:33:54, 0,2016:01:13:22:40:36
1, 22.521980277778, 113.934907500000, 3, 1, 2, , 0,2016:01:13:22:40:36
2, 22.521980277778, 113.934907500000, 8.0, 272.0, 0.0, 2016:01:13:22:33:55, 0,2016:01:13:22:40:36
1, 22.521980277778, 113.934907500000, 3, 1, 2, , 0,2016:01:13:22:40:36
2, 22.521980277778, 113.934907500000, 6.0, 272.0, 0.0, 2016:01:13:22:33:56, 0,2016:01:13:22:40:36
1, 22.521980277778, 113.934905833333, 3, 1, 2, , 0,2016:01:13:22:40:36
2, 22.521980277778, 113.934905833333, 7.0, 272.0, 0.0, 2016:01:13:22:33:57, 0,2016:01:13:22:40:36
1, 22.521981111111, 113.934880555556, 3, 1, 2, , 0,2016:01:13:22:40:36
2, 22.521981111111, 113.934880555556, 9.0, 272.0, 0.0, 2016:01:13:22:33:58, 0,2016:01:13:22:40:36
1, 22.521982500000, 113.934841944444, 3, 1, 2, , 0,2016:01:13:22:40:36
2, 22.521982500000, 113.934841944444, 13.0, 272.0, 0.0, 2016:01:13:22:33:59, 0,2016:01:13:22:40:36
1, 22.521984166667, 113.934799722222, 3, 1, 2, , 0,2016:01:13:22:40:36
2, 22.521984166667, 113.934799722222, 17.0, 272.0, 0.0, 2016:01:13:22:34:00, 0,2016:01:13:22:40:36
1, 22.521986944444, 113.934731111111, 4, 1, 2, , 0,2016:01:13:22:40:36
2, 22.521986944444, 113.934731111111, 18.0, 275.0, 0.0, 2016:01:13:22:34:01, 0,2016:01:13:22:40:36
1, 22.521991388889, 113.934671111111, 4, 1, 2, , 0,2016:01:13:22:40:36
2, 22.521991388889, 113.934671111111, 20.0, 275.0, 0.0, 2016:01:13:22:34:02, 0,2016:01:13:22:40:36
1, 22.521997500000, 113.934592222222, 4, 1, 2, , 0,2016:01:13:22:40:36
2, 22.521997500000, 113.934592222222, 23.0, 275.0, 0.0, 2016:01:13:22:34:03, 0,2016:01:13:22:40:36
1, 22.522003333333, 113.934516388889, 4, 1, 2, , 0,2016:01:13:22:40:36
2, 22.522003333333, 113.934516388889, 25.0, 275.0, 0.0, 2016:01:13:22:34:04, 0,2016:01:13:22:40:36
1, 22.522009722222, 113.934438611111, 5, 2, 2, , 0,2016:01:13:22:40:36
2, 22.522009722222, 113.934438611111, 26.0, 275.0, 0.0, 2016:01:13:22:34:05, 0,2016:01:13:22:40:36
1, 22.522016388889, 113.934357777778, 5, 2, 2, , 0,2016:01:13:22:40:36
2, 22.522016388889, 113.934357777778, 27.0, 275.0, 0.0, 2016:01:13:22:34:06, 0,2016:01:13:22:40:36
1, 22.522024166667, 113.934261666667, 5, 2, 2, , 0,2016:01:13:22:40:36
2, 22.522024166667, 113.934261666667, 30.0, 275.0, 0.0, 2016:01:13:22:34:07, 0,2016:01:13:22:40:36
1, 22.522032777778, 113.934157500000, 5, 2, 2, , 0,2016:01:13:22:40:36
2, 22.522032777778, 113.934157500000, 32.0, 275.0, 0.0, 2016:01:13:22:34:08, 0,2016:01:13:22:40:36
1, 22.522040833333, 113.934059444444, 5, 2, 2, , 0,2016:01:13:22:40:36
2, 22.522040833333, 113.934059444444, 34.0, 275.0, 0.0, 2016:01:13:22:34:09, 0,2016:01:13:22:40:36
1, 22.522047500000, 113.933976111111, 5, 2, 2, , 0,2016:01:13:22:40:36
2, 22.522047500000, 113.933976111111, 33.0, 275.0, 0.0, 2016:01:13:22:34:10, 0,2016:01:13:22:40:36
1, 22.522060277778, 113.933881388889, 6, 2, 2, , 0,2016:01:13:22:40:36
2, 22.522060277778, 113.933881388889, 32.0, 278.0, 0.0, 2016:01:13:22:34:11, 0,2016:01:13:22:40:36
1, 22.522071388889, 113.933800000000, 6, 2, 2, , 0,2016:01:13:22:40:36
2, 22.522071388889, 113.933800000000, 32.0, 278.0, 0.0, 2016:01:13:22:34:12, 0,2016:01:13:22:40:36
1, 22.522083333333, 113.933712222222, 6, 2, 2, , 0,2016:01:13:22:40:36
2, 22.522083333333, 113.933712222222, 33.0, 278.0, 0.0, 2016:01:13:22:34:13, 0,2016:01:13:22:40:36
1, 22.522095833333, 113.933620000000, 6, 2, 2, , 0,2016:01:13:22:40:36
2, 22.522095833333, 113.933620000000, 33.0, 278.0, 0.0, 2016:01:13:22:34:14, 0,2016:01:13:22:40:36
1, 22.522107222222, 113.933535555556, 6, 2, 2, , 0,2016:01:13:22:40:36
2, 22.522107222222, 113.933535555556, 31.0, 278.0, 0.0, 2016:01:13:22:34:15, 0,2016:01:13:22:40:36
1, 22.522116944444, 113.933464722222, 6, 2, 2, , 0,2016:01:13:22:40:36
2, 22.522116944444, 113.933464722222, 28.0, 278.0, 0.0, 2016:01:13:22:34:16, 0,2016:01:13:22:40:36
1, 22.522126666667, 113.933393333333, 6, 2, 2, , 0,2016:01:13:22:40:36
2, 22.522126666667, 113.933393333333, 23.0, 278.0, 0.0, 2016:01:13:22:34:17, 0,2016:01:13:22:40:36
1, 22.522134722222, 113.933334166667, 6, 2, 2, , 0,2016:01:13:22:40:36
2, 22.522134722222, 113.933334166667, 19.0, 278.0, 0.0, 2016:01:13:22:34:18, 0,2016:01:13:22:40:36
1, 22.522138333333, 113.933307222222, 6, 2, 2, , 0,2016:01:13:22:40:36
2, 22.522138333333, 113.933307222222, 13.0, 278.0, 0.0, 2016:01:13:22:34:19, 0,2016:01:13:22:40:36
1, 22.522140833333, 113.933289166667, 6, 2, 2, , 0,2016:01:13:22:40:36
2, 22.522140833333, 113.933289166667, 11.0, 278.0, 0.0, 2016:01:13:22:34:20, 0,2016:01:13:22:40:36
1, 22.522146111111, 113.933250277778, 6, 2, 2, , 0,2016:01:13:22:40:36
2, 22.522146111111, 113.933250277778, 13.0, 278.0, 0.0, 2016:01:13:22:34:21, 0,2016:01:13:22:40:36
1, 22.522151111111, 113.933211944444, 6, 2, 2, , 0,2016:01:13:22:40:36
2, 22.522151111111, 113.933211944444, 14.0, 278.0, 0.0, 2016:01:13:22:34:22, 0,2016:01:13:22:40:36
1, 22.522158333333, 113.933158333333, 6, 2, 2, , 0,2016:01:13:22:40:36
2, 22.522158333333, 113.933158333333, 18.0, 278.0, 0.0, 2016:01:13:22:34:23, 0,2016:01:13:22:40:36
1, 22.522166944444, 113.933095555556, 6, 2, 2, , 0,2016:01:13:22:40:36
2, 22.522166944444, 113.933095555556, 22.0, 278.0, 0.0, 2016:01:13:22:34:24, 0,2016:01:13:22:40:36
1, 22.522178611111, 113.933017777778, 7, 3, 2, , 0,2016:01:13:22:40:36
2, 22.522178611111, 113.933017777778, 26.0, 281.0, 0.0, 2016:01:13:22:34:25, 0,2016:01:13:22:40:36
1, 22.522194166667, 113.932932777778, 7, 3, 2, , 0,2016:01:13:22:40:36
2, 22.522194166667, 113.932932777778, 29.0, 281.0, 0.0, 2016:01:13:22:34:26, 0,2016:01:13:22:40:36
1, 22.522209444444, 113.932849166667, 7, 3, 2, , 0,2016:01:13:22:40:36
2, 22.522209444444, 113.932849166667, 29.0, 281.0, 0.0, 2016:01:13:22:34:27, 0,2016:01:13:22:40:36
1, 22.522223055556, 113.932774166667, 7, 3, 2, , 0,2016:01:13:22:40:36
2, 22.522223055556, 113.932774166667, 26.0, 281.0, 0.0, 2016:01:13:22:34:28, 0,2016:01:13:22:40:36
1, 22.522235555556, 113.932704444444, 7, 3, 2, , 0,2016:01:13:22:40:36
2, 22.522235555556, 113.932704444444, 25.0, 281.0, 0.0, 2016:01:13:22:34:29, 0,2016:01:13:22:40:36
1, 22.522248333333, 113.932634444444, 7, 3, 2, , 0,2016:01:13:22:40:36
2, 22.522248333333, 113.932634444444, 24.0, 281.0, 0.0, 2016:01:13:22:34:30, 0,2016:01:13:22:40:36
1, 22.522259444444, 113.932572777778, 7, 3, 2, , 0,2016:01:13:22:40:36
2, 22.522259444444, 113.932572777778, 24.0, 281.0, 0.0, 2016:01:13:22:34:31, 0,2016:01:13:22:40:36
1, 22.522273055556, 113.932503055556, 8, 4, 2, , 0,2016:01:13:22:40:36
2, 22.522273055556, 113.932503055556, 26.0, 284.0, 0.0, 2016:01:13:22:34:32, 0,2016:01:13:22:40:36
1, 22.522290000000, 113.932431111111, 8, 4, 2, , 0,2016:01:13:22:40:36
2, 22.522290000000, 113.932431111111, 29.0, 284.0, 0.0, 2016:01:13:22:34:33, 0,2016:01:13:22:40:36
1, 22.522309722222, 113.932346944444, 8, 4, 2, , 0,2016:01:13:22:40:36
2, 22.522309722222, 113.932346944444, 33.0, 284.0, 0.0, 2016:01:13:22:34:34, 0,2016:01:13:22:40:36
1, 22.522333055556, 113.932247500000, 8, 4, 2, , 0,2016:01:13:22:40:36
2, 22.522333055556, 113.932247500000, 35.0, 284.0, 0.0, 2016:01:13:22:34:35, 0,2016:01:13:22:40:36
1, 22.522356388889, 113.932148055556, 8, 4, 2, , 0,2016:01:13:22:40:36
2, 22.522356388889, 113.932148055556, 36.0, 284.0, 0.0, 2016:01:13:22:34:36, 0,2016:01:13:22:40:36
1, 22.522378055556, 113.932056388889, 8, 4, 2, , 0,2016:01:13:22:40:36
2, 22.522378055556, 113.932056388889, 34.0, 284.0, 0.0, 2016:01:13:22:34:37, 0,2016:01:13:22:40:36
1, 22.522398888889, 113.931967777778, 8, 4, 2, , 0,2016:01:13:22:40:36
2, 22.522398888889, 113.931967777778, 33.0, 284.0, 0.0, 2016:01:13:22:34:38, 0,2016:01:13:22:40:36
1, 22.522418055556, 113.931886111111, 8, 4, 2, , 0,2016:01:13:22:40:36
2, 22.522418055556, 113.931886111111, 33.0, 284.0, 0.0, 2016:01:13:22:34:39, 0,2016:01:13:22:40:36
1, 22.522438333333, 113.931799166667, 8, 4, 2, , 0,2016:01:13:22:40:36
2, 22.522438333333, 113.931799166667, 34.0, 284.0, 0.0, 2016:01:13:22:34:40, 0,2016:01:13:22:40:36
1, 22.522460000000, 113.931706388889, 8, 4, 2, , 0,2016:01:13:22:40:36
2, 22.522460000000, 113.931706388889, 34.0, 284.0, 0.0, 2016:01:13:22:34:41, 0,2016:01:13:22:40:36
1, 22.522481666667, 113.931614444444, 8, 4, 2, , 0,2016:01:13:22:40:36
2, 22.522481666667, 113.931614444444, 34.0, 284.0, 0.0, 2016:01:13:22:34:42, 0,2016:01:13:22:40:36
1, 22.522502500000, 113.931525277778, 8, 4, 2, , 0,2016:01:13:22:40:36
2, 22.522502500000, 113.931525277778, 36.0, 284.0, 0.0, 2016:01:13:22:34:43, 0,2016:01:13:22:40:36
1, 22.522524444444, 113.931432222222, 8, 4, 2, , 0,2016:01:13:22:40:36
2, 22.522524444444, 113.931432222222, 37.0, 284.0, 0.0, 2016:01:13:22:34:44, 0,2016:01:13:22:40:36
1, 22.522546666667, 113.931338055556, 8, 4, 2, , 0,2016:01:13:22:40:36
2, 22.522546666667, 113.931338055556, 36.0, 284.0, 0.0, 2016:01:13:22:34:45, 0,2016:01:13:22:40:36
1, 22.522568055556, 113.931246666667, 8, 4, 2, , 0,2016:01:13:22:40:36
2, 22.522568055556, 113.931246666667, 36.0, 284.0, 0.0, 2016:01:13:22:34:46, 0,2016:01:13:22:40:36
1, 22.522574444444, 113.931142500000, 9, 5, 2, , 0,2016:01:13:22:40:36
2, 22.522574444444, 113.931142500000, 36.0, 274.0, 0.0, 2016:01:13:22:34:47, 0,2016:01:13:22:40:36
1, 22.522580833333, 113.931040000000, 9, 5, 2, , 0,2016:01:13:22:40:36
2, 22.522580833333, 113.931040000000, 37.0, 274.0, 0.0, 2016:01:13:22:34:48, 0,2016:01:13:22:40:36
1, 22.522588055556, 113.930925833333, 9, 5, 2, , 0,2016:01:13:22:40:36
2, 22.522588055556, 113.930925833333, 39.0, 274.0, 0.0, 2016:01:13:22:34:49, 0,2016:01:13:22:40:36
1, 22.522595277778, 113.930810000000, 9, 5, 2, , 0,2016:01:13:22:40:36
2, 22.522595277778, 113.930810000000, 40.0, 274.0, 0.0, 2016:01:13:22:34:50, 0,2016:01:13:22:40:36
1, 22.522602222222, 113.930696388889, 9, 5, 2, , 0,2016:01:13:22:40:36
2, 22.522602222222, 113.930696388889, 42.0, 274.0, 0.0, 2016:01:13:22:34:51, 0,2016:01:13:22:40:36
1, 22.522610000000, 113.930572500000, 9, 5, 2, , 0,2016:01:13:22:40:36
2, 22.522610000000, 113.930572500000, 44.0, 274.0, 0.0, 2016:01:13:22:34:52, 0,2016:01:13:22:40:36
1, 22.522621944444, 113.930440555556, 10, 5, 2, , 0,2016:01:13:22:40:36
2, 22.522621944444, 113.930440555556, 47.0, 279.0, 0.0, 2016:01:13:22:34:53, 0,2016:01:13:22:40:36
1, 22.522641666667, 113.930306388889, 10, 5, 2, , 0,2016:01:13:22:40:36
2, 22.522641666667, 113.930306388889, 49.0, 279.0, 0.0, 2016:01:13:22:34:54, 0,2016:01:13:22:40:36
1, 22.522667777778, 113.930163888889, 11, 5, 2, , 0,2016:01:13:22:40:36
2, 22.522667777778, 113.930163888889, 49.0, 283.0, 0.0, 2016:01:13:22:34:55, 0,2016:01:13:22:40:36
1, 22.522695555556, 113.930030000000, 11, 5, 2, , 0,2016:01:13:22:40:36
2, 22.522695555556, 113.930030000000, 50.0, 283.0, 0.0, 2016:01:13:22:34:56, 0,2016:01:13:22:40:36
1, 22.522723333333, 113.929895277778, 11, 5, 2, , 0,2016:01:13:22:40:36
2, 22.522723333333, 113.929895277778, 50.0, 283.0, 0.0, 2016:01:13:22:34:57, 0,2016:01:13:22:40:36
1, 22.522751388889, 113.929758888889, 11, 5, 2, , 0,2016:01:13:22:40:36
2, 22.522751388889, 113.929758888889, 51.0, 283.0, 0.0, 2016:01:13:22:34:58, 0,2016:01:13:22:40:36
1, 22.522779444444, 113.929623611111, 11, 5, 2, , 0,2016:01:13:22:40:36
2, 22.522779444444, 113.929623611111, 51.0, 283.0, 0.0, 2016:01:13:22:34:59, 0,2016:01:13:22:40:36
1, 22.522801111111, 113.929488333333, 12, 6, 2, , 0,2016:01:13:22:40:36
2, 22.522801111111, 113.929488333333, 51.0, 279.0, 0.0, 2016:01:13:22:35:00, 0,2016:01:13:22:40:36
1, 22.522824722222, 113.929351944444, 13, 6, 2, , 0,2016:01:13:22:40:36
2, 22.522824722222, 113.929351944444, 51.0, 284.0, 0.0, 2016:01:13:22:35:01, 0,2016:01:13:22:40:36
1, 22.522859444444, 113.929199166667, 13, 6, 2, , 0,2016:01:13:22:40:36
2, 22.522859444444, 113.929199166667, 53.0, 284.0, 0.0, 2016:01:13:22:35:02, 0,2016:01:13:22:40:36
1, 22.522892222222, 113.929055555556, 13, 6, 2, , 0,2016:01:13:22:40:36
2, 22.522892222222, 113.929055555556, 53.0, 284.0, 0.0, 2016:01:13:22:35:03, 0,2016:01:13:22:40:36
1, 22.522922222222, 113.928924166667, 13, 6, 2, , 0,2016:01:13:22:40:36
2, 22.522922222222, 113.928924166667, 57.0, 284.0, 0.0, 2016:01:13:22:35:04, 0,2016:01:13:22:40:36
1, 22.522955000000, 113.928780833333, 13, 6, 2, , 0,2016:01:13:22:40:36
2, 22.522955000000, 113.928780833333, 55.0, 284.0, 0.0, 2016:01:13:22:35:05, 0,2016:01:13:22:40:36
1, 22.522988333333, 113.928635000000, 13, 6, 2, , 0,2016:01:13:22:40:36
2, 22.522988333333, 113.928635000000, 55.0, 284.0, 0.0, 2016:01:13:22:35:06, 0,2016:01:13:22:40:36
1, 22.523021111111, 113.928491111111, 13, 6, 2, , 0,2016:01:13:22:40:36
2, 22.523021111111, 113.928491111111, 55.0, 284.0, 0.0, 2016:01:13:22:35:07, 0,2016:01:13:22:40:36
1, 22.523055000000, 113.928342500000, 14, 6, 2, , 0,2016:01:13:22:40:36
2, 22.523055000000, 113.928342500000, 55.0, 285.0, 0.0, 2016:01:13:22:35:08, 0,2016:01:13:22:40:36
1, 22.523092222222, 113.928193611111, 14, 6, 2, , 0,2016:01:13:22:40:36
2, 22.523092222222, 113.928193611111, 55.0, 285.0, 0.0, 2016:01:13:22:35:09, 0,2016:01:13:22:40:36
1, 22.523128333333, 113.928048611111, 14, 6, 2, , 0,2016:01:13:22:40:36
2, 22.523128333333, 113.928048611111, 55.0, 285.0, 0.0, 2016:01:13:22:35:10, 0,2016:01:13:22:40:36
1, 22.523163888889, 113.927906388889, 14, 6, 2, , 0,2016:01:13:22:40:36
2, 22.523163888889, 113.927906388889, 55.0, 285.0, 0.0, 2016:01:13:22:35:11, 0,2016:01:13:22:40:36
1, 22.523197222222, 113.927773333333, 14, 6, 2, , 0,2016:01:13:22:40:36
2, 22.523197222222, 113.927773333333, 55.0, 285.0, 0.0, 2016:01:13:22:35:12, 0,2016:01:13:22:40:36
1, 22.523233055556, 113.927640555556, 15, 6, 2, , 0,2016:01:13:22:40:36
2, 22.523233055556, 113.927640555556, 51.0, 290.0, 0.0, 2016:01:13:22:35:13, 0,2016:01:13:22:40:36
1, 22.523273333333, 113.927519166667, 15, 6, 2, , 0,2016:01:13:22:40:36
2, 22.523273333333, 113.927519166667, 53.0, 290.0, 0.0, 2016:01:13:22:35:14, 0,2016:01:13:22:40:36
1, 22.523311666667, 113.927389444444, 16, 7, 2, , 0,2016:01:13:22:40:36
2, 22.523311666667, 113.927389444444, 52.0, 285.0, 0.0, 2016:01:13:22:35:15, 0,2016:01:13:22:40:36
1, 22.523344444444, 113.927260000000, 16, 7, 2, , 0,2016:01:13:22:40:36
2, 22.523344444444, 113.927260000000, 52.0, 285.0, 0.0, 2016:01:13:22:35:16, 0,2016:01:13:22:40:36
1, 22.523379166667, 113.927123055556, 16, 7, 2, , 0,2016:01:13:22:40:36
2, 22.523379166667, 113.927123055556, 49.0, 285.0, 0.0, 2016:01:13:22:35:17, 0,2016:01:13:22:40:36
1, 22.523411111111, 113.926996944444, 16, 7, 2, , 0,2016:01:13:22:40:36
2, 22.523411111111, 113.926996944444, 47.0, 285.0, 0.0, 2016:01:13:22:35:18, 0,2016:01:13:22:40:36
1, 22.523439444444, 113.926885833333, 16, 7, 2, , 0,2016:01:13:22:40:36
2, 22.523439444444, 113.926885833333, 45.0, 285.0, 0.0, 2016:01:13:22:35:19, 0,2016:01:13:22:40:36
1, 22.523424444444, 113.926727500000, 1, 0, 3, , 0,2016:01:13:22:40:36
2, 22.523424444444, 113.926727500000, 43.0, 270.0, 0.0, 2016:01:13:22:35:20, 0,2016:01:13:22:40:36
1, 22.523430555556, 113.926638888889, 2, 0, 3, , 0,2016:01:13:22:40:36
2, 22.523430555556, 113.926638888889, 39.0, 284.0, 0.0, 2016:01:13:22:35:21, 0,2016:01:13:22:40:36
1, 22.523452222222, 113.926541111111, 2, 0, 3, , 0,2016:01:13:22:40:36
2, 22.523452222222, 113.926541111111, 34.0, 284.0, 0.0, 2016:01:13:22:35:22, 0,2016:01:13:22:40:36
1, 22.523467777778, 113.926471666667, 2, 0, 3, , 0,2016:01:13:22:40:36
2, 22.523467777778, 113.926471666667, 29.0, 284.0, 0.0, 2016:01:13:22:35:23, 0,2016:01:13:22:40:36
1, 22.523470000000, 113.926387777778, 3, 0, 3, , 0,2016:01:13:22:40:36
2, 22.523470000000, 113.926387777778, 27.0, 272.0, 0.0, 2016:01:13:22:35:24, 0,2016:01:13:22:40:36
1, 22.523472500000, 113.926308333333, 4, 1, 3, , 0,2016:01:13:22:40:36
2, 22.523472500000, 113.926308333333, 26.0, 285.0, 0.0, 2016:01:13:22:35:25, 0,2016:01:13:22:40:36
1, 22.523486944444, 113.926248611111, 4, 1, 3, , 0,2016:01:13:22:40:36
2, 22.523486944444, 113.926248611111, 25.0, 285.0, 0.0, 2016:01:13:22:35:26, 0,2016:01:13:22:40:36
1, 22.523502222222, 113.926185277778, 4, 1, 3, , 0,2016:01:13:22:40:36
2, 22.523502222222, 113.926185277778, 25.0, 285.0, 0.0, 2016:01:13:22:35:27, 0,2016:01:13:22:40:36
1, 22.523517777778, 113.926121388889, 4, 1, 3, , 0,2016:01:13:22:40:37
2, 22.523517777778, 113.926121388889, 24.0, 285.0, 0.0, 2016:01:13:22:35:28, 0,2016:01:13:22:40:37
1, 22.523537222222, 113.926040833333, 4, 1, 3, , 0,2016:01:13:22:40:37
2, 22.523537222222, 113.926040833333, 22.0, 285.0, 0.0, 2016:01:13:22:35:29, 0,2016:01:13:22:40:37
1, 22.523552222222, 113.925979444444, 4, 1, 3, , 0,2016:01:13:22:40:37
2, 22.523552222222, 113.925979444444, 22.0, 285.0, 0.0, 2016:01:13:22:35:30, 0,2016:01:13:22:40:37
1, 22.523562777778, 113.925935833333, 4, 1, 3, , 0,2016:01:13:22:40:37
2, 22.523562777778, 113.925935833333, 19.0, 285.0, 0.0, 2016:01:13:22:35:31, 0,2016:01:13:22:40:37
1, 22.523573888889, 113.925890277778, 4, 1, 3, , 0,2016:01:13:22:40:37
2, 22.523573888889, 113.925890277778, 17.0, 285.0, 0.0, 2016:01:13:22:35:32, 0,2016:01:13:22:40:37
1, 22.523583333333, 113.925851111111, 4, 1, 3, , 0,2016:01:13:22:40:37
2, 22.523583333333, 113.925851111111, 15.0, 285.0, 0.0, 2016:01:13:22:35:33, 0,2016:01:13:22:40:37
1, 22.523592500000, 113.925813333333, 4, 1, 3, , 0,2016:01:13:22:40:37
2, 22.523592500000, 113.925813333333, 14.0, 285.0, 0.0, 2016:01:13:22:35:34, 0,2016:01:13:22:40:37
1, 22.523599166667, 113.925785833333, 4, 1, 3, , 0,2016:01:13:22:40:37
2, 22.523599166667, 113.925785833333, 12.0, 285.0, 0.0, 2016:01:13:22:35:35, 0,2016:01:13:22:40:37
1, 22.523604166667, 113.925765555556, 4, 1, 3, , 0,2016:01:13:22:40:37
2, 22.523604166667, 113.925765555556, 9.0, 285.0, 0.0, 2016:01:13:22:35:36, 0,2016:01:13:22:40:37
1, 22.523609722222, 113.925742500000, 4, 1, 3, , 0,2016:01:13:22:40:37
2, 22.523609722222, 113.925742500000, 9.0, 285.0, 0.0, 2016:01:13:22:35:37, 0,2016:01:13:22:40:37
1, 22.523615833333, 113.925717222222, 4, 1, 3, , 0,2016:01:13:22:40:37
2, 22.523615833333, 113.925717222222, 10.0, 285.0, 0.0, 2016:01:13:22:35:38, 0,2016:01:13:22:40:37
1, 22.523622500000, 113.925690277778, 4, 1, 3, , 0,2016:01:13:22:40:37
2, 22.523622500000, 113.925690277778, 12.0, 285.0, 0.0, 2016:01:13:22:35:39, 0,2016:01:13:22:40:37
1, 22.523628888889, 113.925663888889, 4, 1, 3, , 0,2016:01:13:22:40:37
2, 22.523628888889, 113.925663888889, 12.0, 285.0, 0.0, 2016:01:13:22:35:40, 0,2016:01:13:22:40:37
1, 22.523635833333, 113.925635277778, 4, 1, 3, , 0,2016:01:13:22:40:37
2, 22.523635833333, 113.925635277778, 12.0, 285.0, 0.0, 2016:01:13:22:35:41, 0,2016:01:13:22:40:37
1, 22.523642500000, 113.925607777778, 4, 1, 3, , 0,2016:01:13:22:40:37
2, 22.523642500000, 113.925607777778, 13.0, 285.0, 0.0, 2016:01:13:22:35:42, 0,2016:01:13:22:40:37
1, 22.523649444444, 113.925579444444, 4, 1, 3, , 0,2016:01:13:22:40:37
2, 22.523649444444, 113.925579444444, 14.0, 285.0, 0.0, 2016:01:13:22:35:43, 0,2016:01:13:22:40:37
1, 22.523656388889, 113.925550833333, 4, 1, 3, , 0,2016:01:13:22:40:37
2, 22.523656388889, 113.925550833333, 17.0, 285.0, 0.0, 2016:01:13:22:35:44, 0,2016:01:13:22:40:37
1, 22.523664722222, 113.925516388889, 4, 1, 3, , 0,2016:01:13:22:40:37
2, 22.523664722222, 113.925516388889, 18.0, 285.0, 0.0, 2016:01:13:22:35:45, 0,2016:01:13:22:40:37
1, 22.523675833333, 113.925470555556, 4, 1, 3, , 0,2016:01:13:22:40:37
2, 22.523675833333, 113.925470555556, 19.0, 285.0, 0.0, 2016:01:13:22:35:46, 0,2016:01:13:22:40:37
1, 22.523687500000, 113.925423055556, 4, 1, 3, , 0,2016:01:13:22:40:37
2, 22.523687500000, 113.925423055556, 20.0, 285.0, 0.0, 2016:01:13:22:35:47, 0,2016:01:13:22:40:37
1, 22.523700277778, 113.925370277778, 4, 1, 3, , 0,2016:01:13:22:40:37
2, 22.523700277778, 113.925370277778, 23.0, 285.0, 0.0, 2016:01:13:22:35:48, 0,2016:01:13:22:40:37
1, 22.523715277778, 113.925308611111, 4, 1, 3, , 0,2016:01:13:22:40:37
2, 22.523715277778, 113.925308611111, 25.0, 285.0, 0.0, 2016:01:13:22:35:49, 0,2016:01:13:22:40:37
1, 22.523731666667, 113.925241111111, 4, 1, 3, , 0,2016:01:13:22:40:37
2, 22.523731666667, 113.925241111111, 26.0, 285.0, 0.0, 2016:01:13:22:35:50, 0,2016:01:13:22:40:37
1, 22.523749166667, 113.925168333333, 4, 1, 3, , 0,2016:01:13:22:40:37
2, 22.523749166667, 113.925168333333, 28.0, 285.0, 0.0, 2016:01:13:22:35:51, 0,2016:01:13:22:40:37
1, 22.523767500000, 113.925092500000, 4, 1, 3, , 0,2016:01:13:22:40:37
2, 22.523767500000, 113.925092500000, 29.0, 285.0, 0.0, 2016:01:13:22:35:52, 0,2016:01:13:22:40:37
1, 22.523786111111, 113.925015277778, 4, 1, 3, , 0,2016:01:13:22:40:37
2, 22.523786111111, 113.925015277778, 31.0, 285.0, 0.0, 2016:01:13:22:35:53, 0,2016:01:13:22:40:37
1, 22.523804722222, 113.924938611111, 4, 1, 3, , 0,2016:01:13:22:40:37
2, 22.523804722222, 113.924938611111, 32.0, 285.0, 0.0, 2016:01:13:22:35:54, 0,2016:01:13:22:40:37
1, 22.523822500000, 113.924865000000, 4, 1, 3, , 0,2016:01:13:22:40:37
2, 22.523822500000, 113.924865000000, 32.0, 285.0, 0.0, 2016:01:13:22:35:55, 0,2016:01:13:22:40:37
1, 22.523857222222, 113.924786666667, 5, 1, 3, , 0,2016:01:13:22:40:37
2, 22.523857222222, 113.924786666667, 32.0, 296.0, 0.0, 2016:01:13:22:35:56, 0,2016:01:13:22:40:37
1, 22.523891388889, 113.924710555556, 5, 1, 3, , 0,2016:01:13:22:40:37
2, 22.523891388889, 113.924710555556, 32.0, 296.0, 0.0, 2016:01:13:22:35:57, 0,2016:01:13:22:40:37
1, 22.523926111111, 113.924631944444, 6, 2, 3, , 0,2016:01:13:22:40:37
2, 22.523926111111, 113.924631944444, 33.0, 291.0, 0.0, 2016:01:13:22:35:58, 0,2016:01:13:22:40:37
1, 22.523955833333, 113.924547500000, 6, 2, 3, , 0,2016:01:13:22:40:37
2, 22.523955833333, 113.924547500000, 33.0, 291.0, 0.0, 2016:01:13:22:35:59, 0,2016:01:13:22:40:37
1, 22.523982222222, 113.924463333333, 7, 2, 3, , 0,2016:01:13:22:40:37
2, 22.523982222222, 113.924463333333, 33.0, 285.0, 0.0, 2016:01:13:22:36:00, 0,2016:01:13:22:40:37
1, 22.524002500000, 113.924379444444, 7, 2, 3, , 0,2016:01:13:22:40:37
2, 22.524002500000, 113.924379444444, 33.0, 285.0, 0.0, 2016:01:13:22:36:01, 0,2016:01:13:22:40:37
1, 22.524023611111, 113.924291666667, 7, 2, 3, , 0,2016:01:13:22:40:37
2, 22.524023611111, 113.924291666667, 33.0, 285.0, 0.0, 2016:01:13:22:36:02, 0,2016:01:13:22:40:37
1, 22.524088333333, 113.924196944444, 1, 0, 4, , 0,2016:01:13:22:40:37
2, 22.524088333333, 113.924196944444, 32.0, 286.0, 0.0, 2016:01:13:22:36:03, 0,2016:01:13:22:40:37
1, 22.524104166667, 113.924138611111, 1, 0, 4, , 0,2016:01:13:22:40:37
2, 22.524104166667, 113.924138611111, 31.0, 286.0, 0.0, 2016:01:13:22:36:04, 0,2016:01:13:22:40:37
1, 22.524126111111, 113.924056944444, 1, 0, 4, , 0,2016:01:13:22:40:37
2, 22.524126111111, 113.924056944444, 30.0, 286.0, 0.0, 2016:01:13:22:36:05, 0,2016:01:13:22:40:37
1, 22.524144722222, 113.923987500000, 1, 0, 4, , 0,2016:01:13:22:40:37
2, 22.524144722222, 113.923987500000, 26.0, 286.0, 0.0, 2016:01:13:22:36:06, 0,2016:01:13:22:40:37
1, 22.524163333333, 113.923919166667, 1, 0, 4, , 0,2016:01:13:22:40:37
2, 22.524163333333, 113.923919166667, 24.0, 286.0, 0.0, 2016:01:13:22:36:07, 0,2016:01:13:22:40:37
1, 22.524175000000, 113.923875833333, 2, 0, 4, , 0,2016:01:13:22:40:37
2, 22.524175000000, 113.923875833333, 17.0, 302.0, 0.0, 2016:01:13:22:36:08, 0,2016:01:13:22:40:37
1, 22.524189166667, 113.923850833333, 2, 0, 4, , 0,2016:01:13:22:40:37
2, 22.524189166667, 113.923850833333, 15.0, 302.0, 0.0, 2016:01:13:22:36:09, 0,2016:01:13:22:40:37
1, 22.524207777778, 113.923818888889, 2, 0, 4, , 0,2016:01:13:22:40:37
2, 22.524207777778, 113.923818888889, 11.0, 302.0, 0.0, 2016:01:13:22:36:10, 0,2016:01:13:22:40:37
1, 22.524209722222, 113.923815277778, 2, 0, 4, , 0,2016:01:13:22:40:37
2, 22.524209722222, 113.923815277778, 9.0, 300.0, 0.0, 2016:01:13:22:36:11, 0,2016:01:13:22:40:37
1, 22.524225000000, 113.923804444444, 3, 0, 4, , 0,2016:01:13:22:40:37
2, 22.524225000000, 113.923804444444, 8.0, 327.0, 0.0, 2016:01:13:22:36:12, 0,2016:01:13:22:40:37
1, 22.524239722222, 113.923793888889, 3, 0, 4, , 0,2016:01:13:22:40:37
2, 22.524239722222, 113.923793888889, 9.0, 326.0, 0.0, 2016:01:13:22:36:13, 0,2016:01:13:22:40:37
1, 22.524240000000, 113.923793611111, 3, 0, 4, , 0,2016:01:13:22:40:37
2, 22.524240000000, 113.923793611111, 9.0, 317.0, 0.0, 2016:01:13:22:36:14, 0,2016:01:13:22:40:37
1, 22.524254166667, 113.923786388889, 4, 0, 4, , 0,2016:01:13:22:40:37
2, 22.524254166667, 113.923786388889, 7.0, 335.0, 0.0, 2016:01:13:22:36:15, 0,2016:01:13:22:40:37
1, 22.524268611111, 113.923779166667, 4, 0, 4, , 0,2016:01:13:22:40:37
2, 22.524268611111, 113.923779166667, 7.0, 335.0, 0.0, 2016:01:13:22:36:16, 0,2016:01:13:22:40:37
1, 22.524285277778, 113.923770833333, 4, 0, 4, , 0,2016:01:13:22:40:37
2, 22.524285277778, 113.923770833333, 7.0, 335.0, 0.0, 2016:01:13:22:36:17, 0,2016:01:13:22:40:37
1, 22.524300000000, 113.923763611111, 4, 0, 4, , 0,2016:01:13:22:40:37
2, 22.524300000000, 113.923763611111, 7.0, 336.0, 0.0, 2016:01:13:22:36:18, 0,2016:01:13:22:40:37
1, 22.524318055556, 113.923754722222, 4, 0, 4, , 0,2016:01:13:22:40:37
2, 22.524318055556, 113.923754722222, 9.0, 336.0, 0.0, 2016:01:13:22:36:19, 0,2016:01:13:22:40:37
1, 22.524336111111, 113.923750833333, 5, 0, 4, , 0,2016:01:13:22:40:37
2, 22.524336111111, 113.923750833333, 10.0, 349.0, 0.0, 2016:01:13:22:36:20, 0,2016:01:13:22:40:37
1, 22.524364722222, 113.923744444444, 5, 0, 4, , 0,2016:01:13:22:40:37
2, 22.524364722222, 113.923744444444, 11.0, 349.0, 0.0, 2016:01:13:22:36:21, 0,2016:01:13:22:40:37
1, 22.524397222222, 113.923737222222, 5, 0, 4, , 0,2016:01:13:22:40:37
2, 22.524397222222, 113.923737222222, 14.0, 349.0, 0.0, 2016:01:13:22:36:22, 0,2016:01:13:22:40:37
1, 22.524435000000, 113.923728888889, 5, 0, 4, , 0,2016:01:13:22:40:37
2, 22.524435000000, 113.923728888889, 18.0, 349.0, 0.0, 2016:01:13:22:36:23, 0,2016:01:13:22:40:37
1, 22.524481388889, 113.923718888889, 5, 0, 4, , 0,2016:01:13:22:40:37
2, 22.524481388889, 113.923718888889, 21.0, 349.0, 0.0, 2016:01:13:22:36:24, 0,2016:01:13:22:40:37
1, 22.524539444444, 113.923708055556, 6, 1, 4, , 0,2016:01:13:22:40:37
2, 22.524539444444, 113.923708055556, 27.0, 11.0, 0.0, 2016:01:13:22:36:25, 0,2016:01:13:22:40:37
1, 22.524605555556, 113.923721666667, 6, 1, 4, , 0,2016:01:13:22:40:37
2, 22.524605555556, 113.923721666667, 28.0, 11.0, 0.0, 2016:01:13:22:36:26, 0,2016:01:13:22:40:37
1, 22.524679444444, 113.923736666667, 6, 1, 4, , 0,2016:01:13:22:40:37
2, 22.524679444444, 113.923736666667, 29.0, 11.0, 0.0, 2016:01:13:22:36:27, 0,2016:01:13:22:40:37
1, 22.524754722222, 113.923751944444, 6, 1, 4, , 0,2016:01:13:22:40:37
2, 22.524754722222, 113.923751944444, 31.0, 11.0, 0.0, 2016:01:13:22:36:28, 0,2016:01:13:22:40:37
1, 22.524833055556, 113.923767777778, 6, 1, 4, , 0,2016:01:13:22:40:37
2, 22.524833055556, 113.923767777778, 33.0, 11.0, 0.0, 2016:01:13:22:36:29, 0,2016:01:13:22:40:37
1, 22.524911944444, 113.923783888889, 6, 1, 4, , 0,2016:01:13:22:40:37
2, 22.524911944444, 113.923783888889, 32.0, 11.0, 0.0, 2016:01:13:22:36:30, 0,2016:01:13:22:40:37
1, 22.524991666667, 113.923800000000, 6, 1, 4, , 0,2016:01:13:22:40:37
2, 22.524991666667, 113.923800000000, 32.0, 11.0, 0.0, 2016:01:13:22:36:31, 0,2016:01:13:22:40:37
1, 22.525072222222, 113.923821111111, 7, 1, 4, , 0,2016:01:13:22:40:37
2, 22.525072222222, 113.923821111111, 32.0, 14.0, 0.0, 2016:01:13:22:36:32, 0,2016:01:13:22:40:37
1, 22.525146944444, 113.923841388889, 7, 1, 4, , 0,2016:01:13:22:40:37
2, 22.525146944444, 113.923841388889, 32.0, 14.0, 0.0, 2016:01:13:22:36:33, 0,2016:01:13:22:40:37
1, 22.525217777778, 113.923860000000, 8, 2, 4, , 0,2016:01:13:22:40:37
2, 22.525217777778, 113.923860000000, 31.0, 11.0, 0.0, 2016:01:13:22:36:34, 0,2016:01:13:22:40:37
1, 22.525296944444, 113.923877222222, 8, 2, 4, , 0,2016:01:13:22:40:37
2, 22.525296944444, 113.923877222222, 31.0, 11.0, 0.0, 2016:01:13:22:36:35, 0,2016:01:13:22:40:37
1, 22.525376388889, 113.923894444444, 8, 2, 4, , 0,2016:01:13:22:40:37
2, 22.525376388889, 113.923894444444, 30.0, 11.0, 0.0, 2016:01:13:22:36:36, 0,2016:01:13:22:40:37
1, 22.525453611111, 113.923911388889, 8, 2, 4, , 0,2016:01:13:22:40:37
2, 22.525453611111, 113.923911388889, 30.0, 11.0, 0.0, 2016:01:13:22:36:37, 0,2016:01:13:22:40:37
1, 22.525530000000, 113.923928055556, 8, 2, 4, , 0,2016:01:13:22:40:37
2, 22.525530000000, 113.923928055556, 31.0, 11.0, 0.0, 2016:01:13:22:36:38, 0,2016:01:13:22:40:37
1, 22.525608888889, 113.923942777778, 10, 3, 4, , 0,2016:01:13:22:40:37
2, 22.525608888889, 113.923942777778, 32.0, 13.0, 0.0, 2016:01:13:22:36:39, 0,2016:01:13:22:40:37
1, 22.525688055556, 113.923962222222, 10, 3, 4, , 0,2016:01:13:22:40:37
2, 22.525688055556, 113.923962222222, 34.0, 13.0, 0.0, 2016:01:13:22:36:40, 0,2016:01:13:22:40:37
1, 22.525776388889, 113.923983888889, 10, 3, 4, , 0,2016:01:13:22:40:37
2, 22.525776388889, 113.923983888889, 34.0, 13.0, 0.0, 2016:01:13:22:36:41, 0,2016:01:13:22:40:37
1, 22.525856388889, 113.924003333333, 10, 3, 4, , 0,2016:01:13:22:40:37
2, 22.525856388889, 113.924003333333, 33.0, 13.0, 0.0, 2016:01:13:22:36:42, 0,2016:01:13:22:40:37
1, 22.525933333333, 113.924022222222, 10, 3, 4, , 0,2016:01:13:22:40:37
2, 22.525933333333, 113.924022222222, 31.0, 13.0, 0.0, 2016:01:13:22:36:43, 0,2016:01:13:22:40:37
1, 22.526003611111, 113.924039444444, 10, 3, 4, , 0,2016:01:13:22:40:37
2, 22.526003611111, 113.924039444444, 31.0, 13.0, 0.0, 2016:01:13:22:36:44, 0,2016:01:13:22:40:37
1, 22.526069722222, 113.924055555556, 10, 3, 4, , 0,2016:01:13:22:40:37
2, 22.526069722222, 113.924055555556, 29.0, 13.0, 0.0, 2016:01:13:22:36:45, 0,2016:01:13:22:40:37
1, 22.526133055556, 113.924070833333, 10, 3, 4, , 0,2016:01:13:22:40:37
2, 22.526133055556, 113.924070833333, 27.0, 13.0, 0.0, 2016:01:13:22:36:46, 0,2016:01:13:22:40:37
1, 22.526193888889, 113.924084166667, 11, 4, 4, , 0,2016:01:13:22:40:37
2, 22.526193888889, 113.924084166667, 25.0, 10.0, 0.0, 2016:01:13:22:36:47, 0,2016:01:13:22:40:37
1, 22.526253611111, 113.924095555556, 12, 5, 4, , 0,2016:01:13:22:40:37
2, 22.526253611111, 113.924095555556, 24.0, 11.0, 0.0, 2016:01:13:22:36:48, 0,2016:01:13:22:40:37
1, 22.526309722222, 113.924107500000, 12, 5, 4, , 0,2016:01:13:22:40:37
2, 22.526309722222, 113.924107500000, 23.0, 11.0, 0.0, 2016:01:13:22:36:49, 0,2016:01:13:22:40:37
1, 22.526365000000, 113.924119166667, 12, 5, 4, , 0,2016:01:13:22:40:37
2, 22.526365000000, 113.924119166667, 22.0, 11.0, 0.0, 2016:01:13:22:36:50, 0,2016:01:13:22:40:37
1, 22.526416388889, 113.924130000000, 12, 5, 4, , 0,2016:01:13:22:40:37
2, 22.526416388889, 113.924130000000, 21.0, 11.0, 0.0, 2016:01:13:22:36:51, 0,2016:01:13:22:40:37
1, 22.526467777778, 113.924140833333, 12, 5, 4, , 0,2016:01:13:22:40:37
2, 22.526467777778, 113.924140833333, 21.0, 11.0, 0.0, 2016:01:13:22:36:52, 0,2016:01:13:22:40:37
1, 22.526511388889, 113.924150000000, 12, 5, 4, , 0,2016:01:13:22:40:37
2, 22.526511388889, 113.924150000000, 19.0, 11.0, 0.0, 2016:01:13:22:36:53, 0,2016:01:13:22:40:37
1, 22.526552777778, 113.924158888889, 12, 5, 4, , 0,2016:01:13:22:40:37
2, 22.526552777778, 113.924158888889, 18.0, 11.0, 0.0, 2016:01:13:22:36:54, 0,2016:01:13:22:40:37
1, 22.526595277778, 113.924168055556, 12, 5, 4, , 0,2016:01:13:22:40:37
2, 22.526595277778, 113.924168055556, 19.0, 11.0, 0.0, 2016:01:13:22:36:55, 0,2016:01:13:22:40:37
1, 22.526645000000, 113.924178611111, 12, 5, 4, , 0,2016:01:13:22:40:37
2, 22.526645000000, 113.924178611111, 21.0, 11.0, 0.0, 2016:01:13:22:36:56, 0,2016:01:13:22:40:37
1, 22.526703333333, 113.924191111111, 12, 5, 4, , 0,2016:01:13:22:40:37
2, 22.526703333333, 113.924191111111, 23.0, 11.0, 0.0, 2016:01:13:22:36:57, 0,2016:01:13:22:40:37
1, 22.526756666667, 113.924202500000, 12, 5, 4, , 0,2016:01:13:22:40:37
2, 22.526756666667, 113.924202500000, 22.0, 11.0, 0.0, 2016:01:13:22:36:58, 0,2016:01:13:22:40:37
1, 22.526805833333, 113.924213055556, 12, 5, 4, , 0,2016:01:13:22:40:37
2, 22.526805833333, 113.924213055556, 19.0, 11.0, 0.0, 2016:01:13:22:36:59, 0,2016:01:13:22:40:37
1, 22.526857777778, 113.924224166667, 13, 6, 4, , 0,2016:01:13:22:40:37
2, 22.526857777778, 113.924224166667, 17.0, 11.0, 0.0, 2016:01:13:22:37:00, 0,2016:01:13:22:40:37
1, 22.526904166667, 113.924234166667, 13, 6, 4, , 0,2016:01:13:22:40:37
2, 22.526904166667, 113.924234166667, 18.0, 11.0, 0.0, 2016:01:13:22:37:01, 0,2016:01:13:22:40:37
1, 22.526949444444, 113.924244166667, 13, 6, 4, , 0,2016:01:13:22:40:37
2, 22.526949444444, 113.924244166667, 18.0, 11.0, 0.0, 2016:01:13:22:37:02, 0,2016:01:13:22:40:37
1, 22.526991666667, 113.924253333333, 13, 6, 4, , 0,2016:01:13:22:40:37
2, 22.526991666667, 113.924253333333, 17.0, 11.0, 0.0, 2016:01:13:22:37:03, 0,2016:01:13:22:40:37
1, 22.527035000000, 113.924262777778, 13, 6, 4, , 0,2016:01:13:22:40:37
2, 22.527035000000, 113.924262777778, 17.0, 11.0, 0.0, 2016:01:13:22:37:04, 0,2016:01:13:22:40:37
1, 22.527068888889, 113.924270277778, 13, 6, 4, , 0,2016:01:13:22:40:37
2, 22.527068888889, 113.924270277778, 14.0, 11.0, 0.0, 2016:01:13:22:37:05, 0,2016:01:13:22:40:37
1, 22.527093888889, 113.924275833333, 13, 6, 4, , 0,2016:01:13:22:40:37
2, 22.527093888889, 113.924275833333, 11.0, 11.0, 0.0, 2016:01:13:22:37:06, 0,2016:01:13:22:40:37
1, 22.527107500000, 113.924278888889, 13, 6, 4, , 0,2016:01:13:22:40:37
2, 22.527107500000, 113.924278888889, 8.0, 11.0, 0.0, 2016:01:13:22:37:07, 0,2016:01:13:22:40:37
1, 22.527107500000, 113.924278888889, 13, 6, 4, , 0,2016:01:13:22:40:37
2, 22.527107500000, 113.924278888889, 0.0, 11.0, 0.0, 2016:01:13:22:37:10, 0,2016:01:13:22:40:37
1, 22.527107500000, 113.924278888889, 13, 6, 4, , 0,2016:01:13:22:40:37
2, 22.527107500000, 113.924278888889, 0.0, 11.0, 0.0, 2016:01:13:22:37:15, 0,2016:01:13:22:40:37
1, 22.527107500000, 113.924278888889, 13, 6, 4, , 0,2016:01:13:22:40:37
2, 22.527107500000, 113.924278888889, 0.0, 11.0, 0.0, 2016:01:13:22:37:20, 0,2016:01:13:22:40:37
1, 22.527107500000, 113.924278888889, 13, 6, 4, , 0,2016:01:13:22:40:37
2, 22.527107500000, 113.924278888889, 0.0, 11.0, 0.0, 2016:01:13:22:37:25, 0,2016:01:13:22:40:37
1, 22.527107500000, 113.924278888889, 13, 6, 4, , 0,2016:01:13:22:40:37
2, 22.527107500000, 113.924278888889, 0.0, 11.0, 0.0, 2016:01:13:22:37:30, 0,2016:01:13:22:40:37
1, 22.527107500000, 113.924278888889, 13, 6, 4, , 0,2016:01:13:22:40:37
2, 22.527107500000, 113.924278888889, 0.0, 11.0, 0.0, 2016:01:13:22:37:35, 0,2016:01:13:22:40:37
1, 22.527107500000, 113.924278888889, 13, 6, 4, , 0,2016:01:13:22:40:37
2, 22.527107500000, 113.924278888889, 0.0, 11.0, 0.0, 2016:01:13:22:37:40, 0,2016:01:13:22:40:37
1, 22.527107500000, 113.924278888889, 13, 6, 4, , 0,2016:01:13:22:40:37
2, 22.527107500000, 113.924278888889, 0.0, 11.0, 0.0, 2016:01:13:22:37:45, 0,2016:01:13:22:40:37
1, 22.527107500000, 113.924278888889, 13, 6, 4, , 0,2016:01:13:22:40:37
2, 22.527107500000, 113.924278888889, 0.0, 11.0, 0.0, 2016:01:13:22:37:50, 0,2016:01:13:22:40:37
1, 22.527107500000, 113.924278888889, 13, 6, 4, , 0,2016:01:13:22:40:37
2, 22.527107500000, 113.924278888889, 0.0, 11.0, 0.0, 2016:01:13:22:37:55, 0,2016:01:13:22:40:37
1, 22.527107500000, 113.924278888889, 13, 6, 4, , 0,2016:01:13:22:40:37
2, 22.527107500000, 113.924278888889, 0.0, 11.0, 0.0, 2016:01:13:22:38:00, 0,2016:01:13:22:40:37
1, 22.527107500000, 113.924278888889, 13, 6, 4, , 0,2016:01:13:22:40:37
2, 22.527107500000, 113.924278888889, 0.0, 11.0, 0.0, 2016:01:13:22:38:05, 0,2016:01:13:22:40:37
1, 22.527107500000, 113.924278888889, 13, 6, 4, , 0,2016:01:13:22:40:37
2, 22.527107500000, 113.924278888889, 0.0, 11.0, 0.0, 2016:01:13:22:38:10, 0,2016:01:13:22:40:37
1, 22.527107500000, 113.924278888889, 13, 6, 4, , 0,2016:01:13:22:40:37
2, 22.527107500000, 113.924278888889, 0.0, 11.0, 0.0, 2016:01:13:22:38:15, 0,2016:01:13:22:40:37
1, 22.527107500000, 113.924278888889, 13, 6, 4, , 0,2016:01:13:22:40:37
2, 22.527107500000, 113.924278888889, 0.0, 11.0, 0.0, 2016:01:13:22:38:20, 0,2016:01:13:22:40:37
1, 22.527117222222, 113.924281111111, 13, 6, 4, , 0,2016:01:13:22:40:37
2, 22.527117222222, 113.924281111111, 9.0, 11.0, 0.0, 2016:01:13:22:38:22, 0,2016:01:13:22:40:37
1, 22.527141666667, 113.924286388889, 13, 6, 4, , 0,2016:01:13:22:40:37
2, 22.527141666667, 113.924286388889, 11.0, 11.0, 0.0, 2016:01:13:22:38:23, 0,2016:01:13:22:40:37
1, 22.527170000000, 113.924292500000, 13, 6, 4, , 0,2016:01:13:22:40:37
2, 22.527170000000, 113.924292500000, 12.0, 11.0, 0.0, 2016:01:13:22:38:24, 0,2016:01:13:22:40:37
1, 22.527206944444, 113.924300555556, 13, 6, 4, , 0,2016:01:13:22:40:37
2, 22.527206944444, 113.924300555556, 13.0, 11.0, 0.0, 2016:01:13:22:38:25, 0,2016:01:13:22:40:37
1, 22.527241111111, 113.924308055556, 13, 6, 4, , 0,2016:01:13:22:40:37
2, 22.527241111111, 113.924308055556, 13.0, 11.0, 0.0, 2016:01:13:22:38:26, 0,2016:01:13:22:40:37
1, 22.527271388889, 113.924314722222, 13, 6, 4, , 0,2016:01:13:22:40:37
2, 22.527271388889, 113.924314722222, 12.0, 11.0, 0.0, 2016:01:13:22:38:27, 0,2016:01:13:22:40:37
1, 22.527298611111, 113.924320555556, 13, 6, 4, , 0,2016:01:13:22:40:37
2, 22.527298611111, 113.924320555556, 11.0, 11.0, 0.0, 2016:01:13:22:38:28, 0,2016:01:13:22:40:37
1, 22.527322222222, 113.924325555556, 13, 6, 4, , 0,2016:01:13:22:40:37
2, 22.527322222222, 113.924325555556, 12.0, 11.0, 0.0, 2016:01:13:22:38:29, 0,2016:01:13:22:40:37
1, 22.527368611111, 113.924562777778, 0, 0, 5, , 0,2016:01:13:22:40:37
2, 22.527368611111, 113.924562777778, 12.0, 101.0, 0.0, 2016:01:13:22:38:30, 0,2016:01:13:22:40:37
1, 22.527363333333, 113.924591666667, 0, 0, 5, , 0,2016:01:13:22:40:37
2, 22.527363333333, 113.924591666667, 13.0, 101.0, 0.0, 2016:01:13:22:38:31, 0,2016:01:13:22:40:37
1, 22.527357222222, 113.924625555556, 0, 0, 5, , 0,2016:01:13:22:40:37
2, 22.527357222222, 113.924625555556, 14.0, 101.0, 0.0, 2016:01:13:22:38:32, 0,2016:01:13:22:40:37
1, 22.527351388889, 113.924656666667, 0, 0, 5, , 0,2016:01:13:22:40:37
2, 22.527351388889, 113.924656666667, 13.0, 101.0, 0.0, 2016:01:13:22:38:33, 0,2016:01:13:22:40:37
1, 22.527345833333, 113.924687777778, 0, 0, 5, , 0,2016:01:13:22:40:37
2, 22.527345833333, 113.924687777778, 13.0, 101.0, 0.0, 2016:01:13:22:38:34, 0,2016:01:13:22:40:37
1, 22.527339444444, 113.924722500000, 0, 0, 5, , 0,2016:01:13:22:40:37
2, 22.527339444444, 113.924722500000, 12.0, 101.0, 0.0, 2016:01:13:22:38:35, 0,2016:01:13:22:40:37
1, 22.527330277778, 113.924773055556, 0, 0, 5, , 0,2016:01:13:22:40:37
2, 22.527330277778, 113.924773055556, 14.0, 101.0, 0.0, 2016:01:13:22:38:36, 0,2016:01:13:22:40:37
1, 22.527323611111, 113.924808888889, 0, 0, 5, , 0,2016:01:13:22:40:37
2, 22.527323611111, 113.924808888889, 14.0, 101.0, 0.0, 2016:01:13:22:38:37, 0,2016:01:13:22:40:37
1, 22.527316388889, 113.924848055556, 0, 0, 5, , 0,2016:01:13:22:40:37
2, 22.527316388889, 113.924848055556, 14.0, 101.0, 0.0, 2016:01:13:22:38:38, 0,2016:01:13:22:40:37
1, 22.527310000000, 113.924883888889, 0, 0, 5, , 0,2016:01:13:22:40:37
2, 22.527310000000, 113.924883888889, 14.0, 101.0, 0.0, 2016:01:13:22:38:39, 0,2016:01:13:22:40:37
1, 22.527305277778, 113.924909166667, 0, 0, 5, , 0,2016:01:13:22:40:37
2, 22.527305277778, 113.924909166667, 13.0, 101.0, 0.0, 2016:01:13:22:38:40, 0,2016:01:13:22:40:37
1, 22.527298611111, 113.924945277778, 0, 0, 5, , 0,2016:01:13:22:40:37
2, 22.527298611111, 113.924945277778, 13.0, 101.0, 0.0, 2016:01:13:22:38:41, 0,2016:01:13:22:40:37
1, 22.527291388889, 113.924985277778, 0, 0, 5, , 0,2016:01:13:22:40:37
2, 22.527291388889, 113.924985277778, 12.0, 101.0, 0.0, 2016:01:13:22:38:42, 0,2016:01:13:22:40:37
1, 22.527283888889, 113.925025555556, 0, 0, 5, , 0,2016:01:13:22:40:37
2, 22.527283888889, 113.925025555556, 11.0, 101.0, 0.0, 2016:01:13:22:38:43, 0,2016:01:13:22:40:37
1, 22.527276944444, 113.925063611111, 0, 0, 5, , 0,2016:01:13:22:40:37
2, 22.527276944444, 113.925063611111, 10.0, 101.0, 0.0, 2016:01:13:22:38:44, 0,2016:01:13:22:40:37
1, 22.527271388889, 113.925093888889, 0, 0, 5, , 0,2016:01:13:22:40:37
2, 22.527271388889, 113.925093888889, 9.0, 101.0, 0.0, 2016:01:13:22:38:45, 0,2016:01:13:22:40:37
1, 22.527266388889, 113.925121111111, 0, 0, 5, , 0,2016:01:13:22:40:37
2, 22.527266388889, 113.925121111111, 9.0, 101.0, 0.0, 2016:01:13:22:38:46, 0,2016:01:13:22:40:37
1, 22.527261944444, 113.925145555556, 0, 0, 5, , 0,2016:01:13:22:40:37
2, 22.527261944444, 113.925145555556, 8.0, 101.0, 0.0, 2016:01:13:22:38:47, 0,2016:01:13:22:40:37
1, 22.527256944444, 113.925172500000, 0, 0, 5, , 0,2016:01:13:22:40:37
2, 22.527256944444, 113.925172500000, 8.0, 101.0, 0.0, 2016:01:13:22:38:48, 0,2016:01:13:22:40:37
1, 22.527249444444, 113.925213333333, 0, 0, 5, , 0,2016:01:13:22:40:37
2, 22.527249444444, 113.925213333333, 11.0, 101.0, 0.0, 2016:01:13:22:38:49, 0,2016:01:13:22:40:37
1, 22.527242500000, 113.925251388889, 0, 0, 5, , 0,2016:01:13:22:40:37
2, 22.527242500000, 113.925251388889, 11.0, 101.0, 0.0, 2016:01:13:22:38:50, 0,2016:01:13:22:40:37
1, 22.527234166667, 113.925297222222, 0, 0, 5, , 0,2016:01:13:22:40:37
2, 22.527234166667, 113.925297222222, 13.0, 101.0, 0.0, 2016:01:13:22:38:51, 0,2016:01:13:22:40:37
1, 22.527223888889, 113.925354444444, 0, 0, 5, , 0,2016:01:13:22:40:37
2, 22.527223888889, 113.925354444444, 14.0, 101.0, 0.0, 2016:01:13:22:38:52, 0,2016:01:13:22:40:37
1, 22.527216111111, 113.925397777778, 0, 0, 5, , 0,2016:01:13:22:40:37
2, 22.527216111111, 113.925397777778, 15.0, 101.0, 0.0, 2016:01:13:22:38:53, 0,2016:01:13:22:40:37
1, 22.527209722222, 113.925431944444, 0, 0, 5, , 0,2016:01:13:22:40:37
2, 22.527209722222, 113.925431944444, 14.0, 101.0, 0.0, 2016:01:13:22:38:54, 0,2016:01:13:22:40:37
1, 22.527202777778, 113.925469722222, 1, 1, 5, , 0,2016:01:13:22:40:37
2, 22.527202777778, 113.925469722222, 13.0, 101.0, 0.0, 2016:01:13:22:38:55, 0,2016:01:13:22:40:37
1, 22.527197777778, 113.925498055556, 1, 1, 5, , 0,2016:01:13:22:40:37
2, 22.527197777778, 113.925498055556, 11.0, 101.0, 0.0, 2016:01:13:22:38:56, 0,2016:01:13:22:40:37
1, 22.527193611111, 113.925521666667, 1, 1, 5, , 0,2016:01:13:22:40:37
2, 22.527193611111, 113.925521666667, 10.0, 101.0, 0.0, 2016:01:13:22:38:57, 0,2016:01:13:22:40:37
1, 22.527186666667, 113.925560555556, 1, 1, 5, , 0,2016:01:13:22:40:37
2, 22.527186666667, 113.925560555556, 10.0, 101.0, 0.0, 2016:01:13:22:38:58, 0,2016:01:13:22:40:37
1, 22.527177777778, 113.925609444444, 1, 1, 5, , 0,2016:01:13:22:40:37
2, 22.527177777778, 113.925609444444, 10.0, 101.0, 0.0, 2016:01:13:22:38:59, 0,2016:01:13:22:40:37
1, 22.527168611111, 113.925660277778, 1, 1, 5, , 0,2016:01:13:22:40:37
2, 22.527168611111, 113.925660277778, 9.0, 101.0, 0.0, 2016:01:13:22:39:00, 0,2016:01:13:22:40:37
1, 22.527165833333, 113.925676111111, 1, 1, 5, , 0,2016:01:13:22:40:37
2, 22.527165833333, 113.925676111111, 8.0, 101.0, 0.0, 2016:01:13:22:39:01, 0,2016:01:13:22:40:37
1, 22.527162222222, 113.925695833333, 1, 1, 5, , 0,2016:01:13:22:40:37
2, 22.527162222222, 113.925695833333, 6.0, 101.0, 0.0, 2016:01:13:22:39:02, 0,2016:01:13:22:40:37
1, 22.527158055556, 113.925720277778, 1, 1, 5, , 0,2016:01:13:22:40:37
2, 22.527158055556, 113.925720277778, 6.0, 101.0, 0.0, 2016:01:13:22:39:03, 0,2016:01:13:22:40:37
1, 22.527154444444, 113.925738888889, 2, 2, 5, , 0,2016:01:13:22:40:37
2, 22.527154444444, 113.925738888889, 6.0, 102.0, 0.0, 2016:01:13:22:39:04, 0,2016:01:13:22:40:37
1, 22.527147222222, 113.925775555556, 2, 2, 5, , 0,2016:01:13:22:40:37
2, 22.527147222222, 113.925775555556, 6.0, 102.0, 0.0, 2016:01:13:22:39:05, 0,2016:01:13:22:40:37
1, 22.527143611111, 113.925794166667, 2, 2, 5, , 0,2016:01:13:22:40:37
2, 22.527143611111, 113.925794166667, 5.0, 102.0, 0.0, 2016:01:13:22:39:06, 0,2016:01:13:22:40:37
1, 22.527138888889, 113.925817777778, 2, 2, 5, , 0,2016:01:13:22:40:37
2, 22.527138888889, 113.925817777778, 0.0, 102.0, 0.0, 2016:01:13:22:39:07, 0,2016:01:13:22:40:37
1, 22.527135555556, 113.925834166667, 2, 2, 5, , 0,2016:01:13:22:40:37
2, 22.527135555556, 113.925834166667, 0.0, 102.0, 0.0, 2016:01:13:22:39:08, 0,2016:01:13:22:40:37
1, 22.527132222222, 113.925851388889, 2, 2, 5, , 0,2016:01:13:22:40:37
2, 22.527132222222, 113.925851388889, 0.0, 102.0, 0.0, 2016:01:13:22:39:09, 0,2016:01:13:22:40:37
1, 22.527132222222, 113.925851388889, 2, 2, 5, , 0,2016:01:13:22:40:37
2, 22.527132222222, 113.925851388889, 0.0, 102.0, 0.0, 2016:01:13:22:39:14, 0,2016:01:13:22:40:37
1, 22.527132222222, 113.925851388889, 2, 2, 5, , 0,2016:01:13:22:40:37
2, 22.527132222222, 113.925851388889, 0.0, 102.0, 0.0, 2016:01:13:22:39:19, 0,2016:01:13:22:40:37
1, 22.527132222222, 113.925851388889, 2, 2, 5, , 0,2016:01:13:22:40:37
2, 22.527132222222, 113.925851388889, 0.0, 102.0, 0.0, 2016:01:13:22:39:24, 0,2016:01:13:22:40:37
1, 22.527132222222, 113.925851388889, 2, 2, 5, , 0,2016:01:13:22:40:37
2, 22.527132222222, 113.925851388889, 0.0, 102.0, 0.0, 2016:01:13:22:39:29, 0,2016:01:13:22:40:37
1, 22.527132222222, 113.925851388889, 2, 2, 5, , 0,2016:01:13:22:40:37
2, 22.527132222222, 113.925851388889, 0.0, 102.0, 0.0, 2016:01:13:22:39:34, 0,2016:01:13:22:40:37
1, 22.527111944444, 113.925955277778, 2, 2, 5, , 0,2016:01:13:22:40:37
2, 22.527111944444, 113.925955277778, 0.0, 102.0, 0.0, 2016:01:13:22:39:37, 0,2016:01:13:22:40:37
1, 22.527109722222, 113.925966666667, 2, 2, 5, , 0,2016:01:13:22:40:37
2, 22.527109722222, 113.925966666667, 0.0, 102.0, 0.0, 2016:01:13:22:39:38, 0,2016:01:13:22:40:37
1, 22.527105277778, 113.925988888889, 2, 2, 5, , 0,2016:01:13:22:40:37
2, 22.527105277778, 113.925988888889, 0.0, 102.0, 0.0, 2016:01:13:22:39:39, 0,2016:01:13:22:40:37
1, 22.527101111111, 113.926010277778, 2, 2, 5, , 0,2016:01:13:22:40:37
2, 22.527101111111, 113.926010277778, 0.0, 102.0, 0.0, 2016:01:13:22:39:40, 0,2016:01:13:22:40:37
1, 22.527096944444, 113.926031944444, 2, 2, 5, , 0,2016:01:13:22:40:37
2, 22.527096944444, 113.926031944444, 0.0, 102.0, 0.0, 2016:01:13:22:39:41, 0,2016:01:13:22:40:37
1, 22.527090277778, 113.926066111111, 2, 2, 5, , 0,2016:01:13:22:40:37
2, 22.527090277778, 113.926066111111, 7.0, 102.0, 0.0, 2016:01:13:22:39:42, 0,2016:01:13:22:40:37
1, 22.527083055556, 113.926103333333, 2, 2, 5, , 0,2016:01:13:22:40:37
2, 22.527083055556, 113.926103333333, 7.0, 102.0, 0.0, 2016:01:13:22:39:43, 0,2016:01:13:22:40:37
1, 22.527078611111, 113.926126666667, 2, 2, 5, , 0,2016:01:13:22:40:37
2, 22.527078611111, 113.926126666667, 6.0, 102.0, 0.0, 2016:01:13:22:39:44, 0,2016:01:13:22:40:37
1, 22.527067500000, 113.926183888889, 2, 2, 5, , 0,2016:01:13:22:40:37
2, 22.527067500000, 113.926183888889, 7.0, 102.0, 0.0, 2016:01:13:22:39:45, 0,2016:01:13:22:40:37
1, 22.527053888889, 113.926253611111, 2, 2, 5, , 0,2016:01:13:22:40:37
2, 22.527053888889, 113.926253611111, 8.0, 102.0, 0.0, 2016:01:13:22:39:46, 0,2016:01:13:22:40:37
1, 22.527038888889, 113.926330000000, 2, 2, 5, , 0,2016:01:13:22:40:37
2, 22.527038888889, 113.926330000000, 8.0, 102.0, 0.0, 2016:01:13:22:39:47, 0,2016:01:13:22:40:37
1, 22.527027222222, 113.926390000000, 2, 2, 5, , 0,2016:01:13:22:40:37
2, 22.527027222222, 113.926390000000, 8.0, 102.0, 0.0, 2016:01:13:22:39:48, 0,2016:01:13:22:40:37
1, 22.527022777778, 113.926412500000, 2, 2, 5, , 0,2016:01:13:22:40:37
2, 22.527022777778, 113.926412500000, 7.0, 102.0, 0.0, 2016:01:13:22:39:49, 0,2016:01:13:22:40:37
1, 22.527018611111, 113.926434166667, 2, 2, 5, , 0,2016:01:13:22:40:37
2, 22.527018611111, 113.926434166667, 5.0, 102.0, 0.0, 2016:01:13:22:39:50, 0,2016:01:13:22:40:37
1, 22.527015555556, 113.926449166667, 2, 2, 5, , 0,2016:01:13:22:40:37
2, 22.527015555556, 113.926449166667, 4.0, 102.0, 0.0, 2016:01:13:22:39:51, 0,2016:01:13:22:40:37
1, 22.527013333333, 113.926460000000, 2, 2, 5, , 0,2016:01:13:22:40:37
2, 22.527013333333, 113.926460000000, 0.0, 102.0, 0.0, 2016:01:13:22:39:52, 0,2016:01:13:22:40:37
1, 22.527010277778, 113.926475555556, 2, 2, 5, , 0,2016:01:13:22:40:37
2, 22.527010277778, 113.926475555556, 0.0, 102.0, 0.0, 2016:01:13:22:39:53, 0,2016:01:13:22:40:37
1, 22.527008055556, 113.926487222222, 2, 2, 5, , 0,2016:01:13:22:40:37
2, 22.527008055556, 113.926487222222, 0.0, 102.0, 0.0, 2016:01:13:22:39:54, 0,2016:01:13:22:40:37
1, 22.527008055556, 113.926487222222, 2, 2, 5, , 0,2016:01:13:22:40:37
2, 22.527008055556, 113.926487222222, 0.0, 102.0, 0.0, 2016:01:13:22:39:59, 0,2016:01:13:22:40:37
1, 22.526986388889, 113.926598055556, 2, 2, 5, , 0,2016:01:13:22:40:37
2, 22.526986388889, 113.926598055556, 0.0, 102.0, 0.0, 2016:01:13:22:40:03, 0,2016:01:13:22:40:37
1, 22.526983055556, 113.926614722222, 2, 2, 5, , 0,2016:01:13:22:40:37
2, 22.526983055556, 113.926614722222, 0.0, 102.0, 0.0, 2016:01:13:22:40:04, 0,2016:01:13:22:40:37
1, 22.526981388889, 113.926623333333, 2, 2, 5, , 0,2016:01:13:22:40:37
2, 22.526981388889, 113.926623333333, 0.0, 102.0, 0.0, 2016:01:13:22:40:05, 0,2016:01:13:22:40:37
1, 22.526978055556, 113.926641111111, 2, 2, 5, , 0,2016:01:13:22:40:37
2, 22.526978055556, 113.926641111111, 0.0, 102.0, 0.0, 2016:01:13:22:40:06, 0,2016:01:13:22:40:37
1, 22.526975833333, 113.926652500000, 2, 2, 5, , 0,2016:01:13:22:40:37
2, 22.526975833333, 113.926652500000, 0.0, 102.0, 0.0, 2016:01:13:22:40:07, 0,2016:01:13:22:40:37
1, 22.526973611111, 113.926663888889, 2, 2, 5, , 0,2016:01:13:22:40:37
2, 22.526973611111, 113.926663888889, 0.0, 102.0, 0.0, 2016:01:13:22:40:08, 0,2016:01:13:22:40:37
1, 22.526970833333, 113.926678333333, 2, 2, 5, , 0,2016:01:13:22:40:37
2, 22.526970833333, 113.926678333333, 0.0, 102.0, 0.0, 2016:01:13:22:40:09, 0,2016:01:13:22:40:37
1, 22.526970833333, 113.926678333333, 2, 2, 5, , 0,2016:01:13:22:40:37
2, 22.526970833333, 113.926678333333, 0.0, 102.0, 0.0, 2016:01:13:22:40:14, 0,2016:01:13:22:40:37
1, 22.527025555556, 113.926661944444, 0, 0, 6, , 0,2016:01:13:22:40:37
2, 22.527025555556, 113.926661944444, 0.0, 283.0, 0.0, 2016:01:13:22:40:17, 0,2016:01:13:22:40:37
1, 22.527030555556, 113.926638055556, 0, 0, 6, , 0,2016:01:13:22:40:37
2, 22.527030555556, 113.926638055556, 0.0, 283.0, 0.0, 2016:01:13:22:40:18, 0,2016:01:13:22:40:37
1, 22.527035555556, 113.926613055556, 0, 0, 6, , 0,2016:01:13:22:40:37
2, 22.527035555556, 113.926613055556, 0.0, 283.0, 0.0, 2016:01:13:22:40:19, 0,2016:01:13:22:40:37
1, 22.527040833333, 113.926586944444, 0, 0, 6, , 0,2016:01:13:22:40:37
2, 22.527040833333, 113.926586944444, 9.0, 283.0, 0.0, 2016:01:13:22:40:20, 0,2016:01:13:22:40:37
1, 22.527045277778, 113.926564722222, 0, 0, 6, , 0,2016:01:13:22:40:37
2, 22.527045277778, 113.926564722222, 9.0, 283.0, 0.0, 2016:01:13:22:40:21, 0,2016:01:13:22:40:37
1, 22.527050555556, 113.926538888889, 0, 0, 6, , 0,2016:01:13:22:40:37
2, 22.527050555556, 113.926538888889, 9.0, 283.0, 0.0, 2016:01:13:22:40:22, 0,2016:01:13:22:40:37
1, 22.527054166667, 113.926521388889, 0, 0, 6, , 0,2016:01:13:22:40:37
2, 22.527054166667, 113.926521388889, 8.0, 283.0, 0.0, 2016:01:13:22:40:23, 0,2016:01:13:22:40:37
1, 22.527059722222, 113.926494722222, 0, 0, 6, , 0,2016:01:13:22:40:37
2, 22.527059722222, 113.926494722222, 9.0, 283.0, 0.0, 2016:01:13:22:40:24, 0,2016:01:13:22:40:37
1, 22.527063888889, 113.926475000000, 0, 0, 6, , 0,2016:01:13:22:40:37
2, 22.527063888889, 113.926475000000, 9.0, 283.0, 0.0, 2016:01:13:22:40:25, 0,2016:01:13:22:40:37
1, 22.527065555556, 113.926466388889, 0, 0, 6, , 0,2016:01:13:22:40:37
2, 22.527065555556, 113.926466388889, 6.0, 283.0, 0.0, 2016:01:13:22:40:26, 0,2016:01:13:22:40:37
1, 22.527071944444, 113.926435000000, 0, 0, 6, , 0,2016:01:13:22:40:37
2, 22.527071944444, 113.926435000000, 7.0, 283.0, 0.0, 2016:01:13:22:40:27, 0,2016:01:13:22:40:37
1, 22.527080555556, 113.926392777778, 0, 0, 6, , 0,2016:01:13:22:40:37
2, 22.527080555556, 113.926392777778, 9.0, 283.0, 0.0, 2016:01:13:22:40:28, 0,2016:01:13:22:40:37
2, 22.527094166667, 113.926347222222, 10.0, 280.0, 0.0, 2016:01:13:22:40:29, 0,2016:01:13:22:40:37
2, 22.527100833333, 113.926313888889, 10.0, 284.0, 0.0, 2016:01:13:22:40:30, 0,2016:01:13:22:40:37
2, 22.527109166667, 113.926278888889, 10.0, 289.0, 0.0, 2016:01:13:22:40:31, 0,2016:01:13:22:40:37
2, 22.527115833333, 113.926245555556, 10.0, 292.0, 0.0, 2016:01:13:22:40:32, 0,2016:01:13:22:40:37
2, 22.527112500000, 113.926202222222, 10.0, 292.0, 0.0, 2016:01:13:22:40:33, 0,2016:01:13:22:40:37
2, 22.527119166667, 113.926163888889, 9.0, 293.0, 0.0, 2016:01:13:22:40:34, 0,2016:01:13:22:40:37
2, 22.527122500000, 113.926137222222, 8.0, 305.0, 0.0, 2016:01:13:22:40:35, 0,2016:01:13:22:40:37
2, 22.527119166667, 113.926112222222, 6.0, 312.0, 0.0, 2016:01:13:22:40:36, 0,2016:01:13:22:40:37
